timestamp,season,gameweek,team,position,player_id,opta_code,player,price,selected,transfers_in,transfers_out,transfers_balance,news,chance_of_playing_next_round,return_gameweek
2026-08-07T10:09:18.841877,2627,1,ARS,GK,1,p154561,David Raya Martín,60,990657,0,0,0,,,
2026-08-07T10:09:18.841877,2627,1,ARS,GK,2,p109745,Kepa Arrizabalaga Revuelta,50,3206,0,0,0,,,
2026-08-07T10:09:18.841877,2627,1,ARS,GK,3,p437495,Illan Meslier,50,3206,0,0,0,,,
2026-08-07T10:09:18.841877,2627,1,ARS,DEF,4,p226597,Gabriel dos Santos Magalhães,80,839975,0,0,0,,,
2026-08-07T10:09:18.841877,2627,1,ARS,DEF,5,p445122,Jurriën Timber,65,16030,0,0,0,Groin injury - Expected back 21 Aug,0,1
2026-08-07T10:09:18.841877,2627,1,ARS,DEF,6,p462424,William Saliba,60,16030,0,0,0,Back injury - Unknown return date,0,
2026-08-07T10:09:18.841877,2627,1,ARS,MID,7,p499169,Myles Lewis-Skelly,55,9618,0,0,0,,,
2026-08-07T10:09:18.841877,2627,1,ARS,DEF,8,p466075,Riccardo Calafiori,55,519373,0,0,0,,,
2026-08-07T10:09:18.841877,2627,1,ARS,DEF,9,p448104,Piero Hincapié,55,137858,0,0,0,,,
2026-08-07T10:09:18.841877,2627,1,ARS,DEF,10,p198869,Benjamin White,55,12824,0,0,0,,100,
2026-08-07T10:09:18.841877,2627,1,ARS,DEF,11,p500040,Cristhian Mosquera,55,525785,0,0,0,,,
2026-08-07T10:09:18.841877,2627,1,ARS,MID,12,p223340,Bukayo Saka,95,339837,0,0,0,,,
2026-08-07T10:09:18.841877,2627,1,ARS,MID,13,p204480,Declan Rice,75,718146,0,0,0,,,
2026-08-07T10:09:18.841877,2627,1,ARS,MID,14,p232413,Eberechi Eze,65,105798,0,0,0,,,
2026-08-07T10:09:18.841877,2627,1,ARS,MID,15,p184029,Martin Ødegaard,65,96180,0,0,0,,,
2026-08-07T10:09:18.841877,2627,1,ARS,MID,16,p248857,Noni Madueke,65,12824,0,0,0,,,
2026-08-07T10:09:18.841877,2627,1,ARS,MID,17,p195384,Mikel Merino Zazón,60,38472,0,0,0,,,
2026-08-07T10:09:18.841877,2627,1,ARS,MID,18,p444145,Gabriel Martinelli Silva,65,9618,0,0,0,,,
2026-08-07T10:09:18.841877,2627,1,ARS,MID,19,p481655,Martín Zubimendi Ibáñez,55,48090,0,0,0,,,
2026-08-07T10:09:18.841877,2627,1,ARS,MID,20,p616077,Max Dowman,55,6412,0,0,0,,,
2026-08-07T10:09:18.841877,2627,1,ARS,MID,21,p128295,Christian Nørgaard,50,12824,0,0,0,,,
2026-08-07T10:09:18.841877,2627,1,ARS,MID,22,p499175,Ethan Nwaneri,55,0,0,0,0,,,
2026-08-07T10:09:18.841877,2627,1,ARS,MID,23,p438098,Fábio Ferreira Vieira,55,0,0,0,0,,,
2026-08-07T10:09:18.841877,2627,1,ARS,MID,24,p200641,Reiss Nelson,55,0,0,0,0,,,
2026-08-07T10:09:18.841877,2627,1,ARS,FWD,25,p224117,Viktor Gyökeres,75,419987,0,0,0,,,
2026-08-07T10:09:18.841877,2627,1,ARS,FWD,26,p219847,Kai Havertz,75,128240,0,0,0,,,
2026-08-07T10:09:18.841877,2627,1,ARS,FWD,27,p205651,Gabriel Fernando de Jesus,60,12824,0,0,0,,,
2026-08-07T10:09:18.841877,2627,1,ARS,MID,557,p439509,Christos Tzolis,65,70532,0,0,0,,,
2026-08-07T10:09:18.841877,2627,1,AVL,GK,28,p98980,Emiliano Martínez Romero,50,150682,0,0,0,,,
2026-08-07T10:09:18.841877,2627,1,AVL,GK,29,p72147,Marco Bizot,45,3206,0,0,0,,,
2026-08-07T10:09:18.841877,2627,1,AVL,DEF,30,p101188,Lucas Digne,45,44884,0,0,0,,,
2026-08-07T10:09:18.841877,2627,1,AVL,DEF,31,p199798,Ezri Konsa Ngoyo,45,541816,0,0,0,,,
2026-08-07T10:09:18.841877,2627,1,AVL,DEF,32,p199796,Matty Cash,45,250068,0,0,0,,,
2026-08-07T10:09:18.841877,2627,1,AVL,DEF,33,p149484,Tyrone Mings,45,6412,0,0,0,,,
2026-08-07T10:09:18.841877,2627,1,AVL,DEF,34,p244954,Pau Torres,45,6412,0,0,0,,,
2026-08-07T10:09:18.841877,2627,1,AVL,MID,35,p515597,Lamare Bogarde,50,3206,0,0,0,,,
2026-08-07T10:09:18.841877,2627,1,AVL,DEF,36,p441302,Ian Maatsen,45,19236,0,0,0,,,
2026-08-07T10:09:18.841877,2627,1,AVL,DEF,37,p184667,Victor Lindelöf,45,6412,0,0,0,,,
2026-08-07T10:09:18.841877,2627,1,AVL,DEF,38,p606798,Andrés García,40,51296,0,0,0,,,
2026-08-07T10:09:18.841877,2627,1,AVL,DEF,39,p578545,Kosta Nedeljkovic,40,16030,0,0,0,,,
2026-08-07T10:09:18.841877,2627,1,AVL,MID,41,p195546,Emiliano Buendía Stati,60,28854,0,0,0,,,
2026-08-07T10:09:18.841877,2627,1,AVL,MID,42,p485337,Evann Guessand,55,0,0,0,0,,,
2026-08-07T10:09:18.841877,2627,1,AVL,MID,44,p215711,Leon Bailey,55,3206,0,0,0,,,
2026-08-07T10:09:18.841877,2627,1,AVL,MID,45,p122806,John McGinn,55,86562,0,0,0,,,
2026-08-07T10:09:18.841877,2627,1,AVL,MID,46,p88894,Ross Barkley,50,6412,0,0,0,,,
2026-08-07T10:09:18.841877,2627,1,AVL,MID,47,p226944,Boubacar Kamara,50,3206,0,0,0,,100,
2026-08-07T10:09:18.841877,2627,1,AVL,MID,48,p449871,Amadou Onana,50,0,0,0,0,Knee injury - Unknown return date,0,
2026-08-07T10:09:18.841877,2627,1,AVL,MID,49,p469247,Samuel Iling-Junior,50,0,0,0,0,,,
2026-08-07T10:09:18.841877,2627,1,AVL,MID,50,p645618,Bradley Burrowes,45,28854,0,0,0,,,
2026-08-07T10:09:18.841877,2627,1,AVL,MID,51,p577285,George Hemmings,45,9618,0,0,0,,,
2026-08-07T10:09:18.841877,2627,1,AVL,MID,52,p653481,Alysson Edward Franco da Rocha dos Santos,50,0,0,0,0,,,
2026-08-07T10:09:18.841877,2627,1,AVL,MID,53,p614071,Johan Manzambi,60,73738,0,0,0,,,
2026-08-07T10:09:18.841877,2627,1,AVL,MID,54,p448089,Joao Gomes,55,9618,0,0,0,,,
2026-08-07T10:09:18.841877,2627,1,AVL,FWD,55,p178301,Ollie Watkins,80,403957,0,0,0,,,
2026-08-07T10:09:18.841877,2627,1,AVL,FWD,56,p173879,Tammy Abraham,55,0,0,0,0,Shoulder injury - Expected back 23 Aug,0,1
2026-08-07T10:09:18.841877,2627,1,AVL,MID,160,p493105,Alejandro Garnacho Ferreyra,60,32060,0,0,0,,,
2026-08-07T10:09:18.841877,2627,1,BOU,GK,57,p457569,Đorđe Petrović,45,118622,0,0,0,,,
2026-08-07T10:09:18.841877,2627,1,BOU,GK,58,p40383,Fraser Forster,40,99386,0,0,0,,,
2026-08-07T10:09:18.841877,2627,1,BOU,GK,59,p444172,Will Dennis,40,6412,0,0,0,,,
2026-08-07T10:09:18.841877,2627,1,BOU,DEF,60,p463981,James Hill,55,41678,0,0,0,,,
2026-08-07T10:09:18.841877,2627,1,BOU,DEF,61,p494521,Adrien Truffert,55,150682,0,0,0,,,
2026-08-07T10:09:18.841877,2627,1,BOU,DEF,62,p242882,Bafodé Diakité,50,6412,0,0,0,,,
2026-08-07T10:09:18.841877,2627,1,BOU,DEF,63,p620487,Veljko Milosavljevic,50,3206,0,0,0,Unspecified injury - Unknown return date,0,
2026-08-07T10:09:18.841877,2627,1,BOU,DEF,64,p54469,Adam Smith,45,3206,0,0,0,,,
2026-08-07T10:09:18.841877,2627,1,BOU,DEF,65,p436893,Julián Araujo Zúñiga,45,3206,0,0,0,,,
2026-08-07T10:09:18.841877,2627,1,BOU,DEF,66,p575901,Julio Soler Barreto,40,19236,0,0,0,,,
2026-08-07T10:09:18.841877,2627,1,BOU,MID,67,p499604,Rayan Vitor Simplício Rocha,65,112210,0,0,0,,,
2026-08-07T10:09:18.841877,2627,1,BOU,MID,68,p201658,Marcus Tavernier,60,60914,0,0,0,,,
2026-08-07T10:09:18.841877,2627,1,BOU,MID,69,p503139,Alex Scott,60,51296,0,0,0,,,
2026-08-07T10:09:18.841877,2627,1,BOU,MID,70,p222683,Justin Kluivert,60,35266,0,0,0,,,
2026-08-07T10:09:18.841877,2627,1,BOU,MID,71,p155408,Lewis Cook,50,3206,0,0,0,,,
2026-08-07T10:09:18.841877,2627,1,BOU,MID,72,p496208,Ben Gannon-Doak,50,3206,0,0,0,,,
2026-08-07T10:09:18.841877,2627,1,BOU,MID,73,p200785,Tyler Adams,50,22442,0,0,0,,,
2026-08-07T10:09:18.841877,2627,1,BOU,MID,74,p111317,David Brooks,50,6412,0,0,0,,,
2026-08-07T10:09:18.841877,2627,1,BOU,MID,75,p158499,Ryan Christie,50,0,0,0,0,Suspended until 29 Aug,0,2
2026-08-07T10:09:18.841877,2627,1,BOU,MID,76,p614574,Alex Tóth,50,0,0,0,0,,,
2026-08-07T10:09:18.841877,2627,1,BOU,MID,77,p489888,Amine Adli,50,6412,0,0,0,,,
2026-08-07T10:09:18.841877,2627,1,BOU,MID,78,p560262,Junior Kroupi,75,153888,0,0,0,Foot injury - Unknown return date,0,
2026-08-07T10:09:18.841877,2627,1,BOU,FWD,79,p444102,Francisco Evanilson de Lima Barbosa,60,64120,0,0,0,,,
2026-08-07T10:09:18.841877,2627,1,BOU,FWD,80,p168636,Enes Ünal,55,6412,0,0,0,,,
2026-08-07T10:09:18.841877,2627,1,BOU,FWD,81,p561245,Álvaro Rodríguez,60,9618,0,0,0,,,
2026-08-07T10:09:18.841877,2627,1,BOU,DEF,566,p483067,António João Pereira de Albuquerque Tavares da Silva,50,3206,0,0,0,,,
2026-08-07T10:09:18.841877,2627,1,BRE,GK,82,p200720,Caoimhín Kelleher,50,179536,0,0,0,,,
2026-08-07T10:09:18.841877,2627,1,BRE,GK,83,p507433,Hákon Rafn Valdimarsson,45,3206,0,0,0,,,
2026-08-07T10:09:18.841877,2627,1,BRE,DEF,84,p432830,Nathan Collins,55,64120,0,0,0,,,
2026-08-07T10:09:18.841877,2627,1,BRE,DEF,85,p444765,Sepp van den Berg,50,22442,0,0,0,,,
2026-08-07T10:09:18.841877,2627,1,BRE,MID,86,p249231,Keane Lewis-Potter,55,16030,0,0,0,,,
2026-08-07T10:09:18.841877,2627,1,BRE,DEF,87,p191866,Kristoffer Ajer,45,48090,0,0,0,,,
2026-08-07T10:09:18.841877,2627,1,BRE,DEF,88,p607464,Michael Kayode,45,128240,0,0,0,,,
2026-08-07T10:09:18.841877,2627,1,BRE,DEF,89,p194010,Rico Henry,45,6412,0,0,0,,,
2026-08-07T10:09:18.841877,2627,1,BRE,DEF,90,p472713,Aaron Hickey,45,3206,0,0,0,,,
2026-08-07T10:09:18.841877,2627,1,BRE,DEF,91,p231065,Ethan Pinnock,45,3206,0,0,0,,,
2026-08-07T10:09:18.841877,2627,1,BRE,DEF,92,p570241,Kim Ji-soo,45,0,0,0,0,,,
2026-08-07T10:09:18.841877,2627,1,BRE,DEF,93,p513086,Jannik Schuster,45,3206,0,0,0,,,
2026-08-07T10:09:18.841877,2627,1,BRE,MID,94,p513418,Kevin Schade,60,70532,0,0,0,,,
2026-08-07T10:09:18.841877,2627,1,BRE,MID,95,p533463,Dango Ouattara,65,44884,0,0,0,,,
2026-08-07T10:09:18.841877,2627,1,BRE,MID,96,p440089,Mikkel Damsgaard,55,22442,0,0,0,,,
2026-08-07T10:09:18.841877,2627,1,BRE,MID,97,p207283,Mathias Jensen,55,3206,0,0,0,,,
2026-08-07T10:09:18.841877,2627,1,BRE,MID,98,p204580,Vitaly Janelt,50,3206,0,0,0,,,
2026-08-07T10:09:18.841877,2627,1,BRE,MID,99,p543295,Antoni Milambo,50,0,0,0,0,Knee injury - 75% chance of playing,75,
2026-08-07T10:09:18.841877,2627,1,BRE,MID,100,p244858,Fábio Freitas Gouveia Carvalho,50,0,0,0,0,Lack of match fitness - 25% chance of playing,25,
2026-08-07T10:09:18.841877,2627,1,BRE,MID,102,p508395,Yehor Yarmoliuk,50,48090,0,0,0,,,
2026-08-07T10:09:18.841877,2627,1,BRE,MID,103,p183656,Josh Dasilva,50,0,0,0,0,,,
2026-08-07T10:09:18.841877,2627,1,BRE,MID,105,p444180,Jaidon Anthony,60,6412,0,0,0,,,
2026-08-07T10:09:18.841877,2627,1,BRE,FWD,106,p502500,Igor Thiago Nascimento Rodrigues,80,512961,0,0,0,,,
2026-08-07T10:09:18.841877,2627,1,BRE,FWD,107,p593174,Kaye Furo,45,28854,0,0,0,,,
2026-08-07T10:09:18.841877,2627,1,BRE,FWD,108,p75115,Callum Wilson,55,12824,0,0,0,,,
2026-08-07T10:09:18.841877,2627,1,BRE,MID,565,p513545,Mamadou Sangaré,55,35266,0,0,0,,,
2026-08-07T10:09:18.841877,2627,1,BHA,GK,109,p489639,Bart Verbruggen,45,538610,0,0,0,,,
2026-08-07T10:09:18.841877,2627,1,BHA,GK,111,p49262,Jason Steele,40,147476,0,0,0,,,
2026-08-07T10:09:18.841877,2627,1,BHA,DEF,113,p231416,Ferdi Kadıoğlu,45,92974,0,0,0,,,
2026-08-07T10:09:18.841877,2627,1,BHA,DEF,114,p204120,Olivier Boscagli,45,3206,0,0,0,,,
2026-08-07T10:09:18.841877,2627,1,BHA,DEF,115,p465730,Maxim De Cuyper,45,44884,0,0,0,,,
2026-08-07T10:09:18.841877,2627,1,BHA,DEF,116,p83299,Lewis Dunk,45,22442,0,0,0,,,
2026-08-07T10:09:18.841877,2627,1,BHA,DEF,117,p550090,Diego Coppola,45,0,0,0,0,,,
2026-08-07T10:09:18.841877,2627,1,BHA,DEF,118,p223434,Igor Julio dos Santos de Paulo,45,3206,0,0,0,,,
2026-08-07T10:09:18.841877,2627,1,BHA,DEF,119,p451490,João Pedro Loureiro da Costa,45,0,0,0,0,,,
2026-08-07T10:09:18.841877,2627,1,BHA,DEF,120,p454490,Michael Svoboda,50,3206,0,0,0,,,
2026-08-07T10:09:18.841877,2627,1,BHA,MID,121,p451340,Mitoma Kaoru,60,6412,0,0,0,Hamstring injury - Unknown return date,0,
2026-08-07T10:09:18.841877,2627,1,BHA,MID,122,p592031,Yankuba Minteh,60,22442,0,0,0,,,
2026-08-07T10:09:18.841877,2627,1,BHA,MID,123,p532529,Jack Hinshelwood,60,9618,0,0,0,,,
2026-08-07T10:09:18.841877,2627,1,BHA,MID,124,p60307,Pascal Groß,55,278923,0,0,0,,,
2026-08-07T10:09:18.841877,2627,1,BHA,FWD,125,p463067,Georginio Rutter,55,22442,0,0,0,,,
2026-08-07T10:09:18.841877,2627,1,BHA,MID,126,p219249,Matt O'Riley,55,3206,0,0,0,,,
2026-08-07T10:09:18.841877,2627,1,BHA,MID,127,p514254,Diego Gómez Amarilla,50,54502,0,0,0,,,
2026-08-07T10:09:18.841877,2627,1,BHA,MID,128,p536916,Facundo Buonanotte,50,3206,0,0,0,,,
2026-08-07T10:09:18.841877,2627,1,BHA,MID,129,p509416,Yasin Ayari,55,16030,0,0,0,,,
2026-08-07T10:09:18.841877,2627,1,BHA,DEF,130,p467779,Mats Wieffer,50,9618,0,0,0,,,
2026-08-07T10:09:18.841877,2627,1,BHA,MID,131,p535301,Carlos Baleba,50,19236,0,0,0,Ankle injury - Expected back 23 Aug,0,1
2026-08-07T10:09:18.841877,2627,1,BHA,MID,132,p597320,Harry Howell,45,9618,0,0,0,,,
2026-08-07T10:09:18.841877,2627,1,BHA,MID,133,p549074,Tom Watson,50,0,0,0,0,Has joined Leicester City on loan for the rest of the season,0,
2026-08-07T10:09:18.841877,2627,1,BHA,MID,134,p556637,Nehemiah Oriola,45,6412,0,0,0,,,
2026-08-07T10:09:18.841877,2627,1,BHA,MID,135,p700308,Zadok Yohanna,50,3206,0,0,0,,,
2026-08-07T10:09:18.841877,2627,1,BHA,FWD,137,p608181,Stefanos Tzimas,55,0,0,0,0,Knee injury - 75% chance of playing,75,
2026-08-07T10:09:18.841877,2627,1,BHA,FWD,138,p647850,Charalampos Kostoulas,55,9618,0,0,0,,,
2026-08-07T10:09:18.841877,2627,1,BHA,FWD,139,p487117,Evan Ferguson,50,0,0,0,0,Ankle injury - Expected back 10 Oct,0,6
2026-08-07T10:09:18.841877,2627,1,BHA,DEF,328,p222694,Pascal Struijk,50,16030,0,0,0,,,
2026-08-07T10:09:18.841877,2627,1,BHA,DEF,504,p610799,Luka Vušković,50,92974,0,0,0,,,
2026-08-07T10:09:18.841877,2627,1,CHE,MID,40,p244850,Morgan Rogers,75,952185,0,0,0,,,
2026-08-07T10:09:18.841877,2627,1,CHE,MID,101,p56979,Jordan Henderson,50,0,0,0,0,has departed the club as a free agent.,0,
2026-08-07T10:09:18.841877,2627,1,CHE,FWD,136,p50175,Danny Welbeck,60,86562,0,0,0,,,
2026-08-07T10:09:18.841877,2627,1,CHE,GK,140,p215059,Robert Lynch Sánchez,50,60914,0,0,0,,,
2026-08-07T10:09:18.841877,2627,1,CHE,GK,141,p508479,Filip Jörgensen,50,3206,0,0,0,,,
2026-08-07T10:09:18.841877,2627,1,CHE,DEF,142,p225796,Reece James,55,256480,0,0,0,,,
2026-08-07T10:09:18.841877,2627,1,CHE,DEF,143,p180736,Trevoh Chalobah,55,64120,0,0,0,,,
2026-08-07T10:09:18.841877,2627,1,CHE,DEF,144,p482609,Malo Gusto,50,35266,0,0,0,,,
2026-08-07T10:09:18.841877,2627,1,CHE,DEF,145,p444463,Wesley Fofana,50,0,0,0,0,Suspended until 6 Sep,0,3
2026-08-07T10:09:18.841877,2627,1,CHE,DEF,146,p242880,Benoît Badiashile Mukinayi,45,0,0,0,0,,,
2026-08-07T10:09:18.841877,2627,1,CHE,DEF,147,p109646,Tosin Adarabioyo,45,3206,0,0,0,,,
2026-08-07T10:09:18.841877,2627,1,CHE,DEF,148,p551210,Jorrel Hato,45,35266,0,0,0,,,
2026-08-07T10:09:18.841877,2627,1,CHE,DEF,149,p460028,Levi Samuels Colwill,50,57708,0,0,0,,,
2026-08-07T10:09:18.841877,2627,1,CHE,DEF,150,p574458,Mamadou Sarr,45,3206,0,0,0,,,
2026-08-07T10:09:18.841877,2627,1,CHE,DEF,151,p577016,Josh Acheampong,45,6412,0,0,0,,,
2026-08-07T10:09:18.841877,2627,1,CHE,DEF,152,p620109,Marco Palestra,55,48090,0,0,0,,,
2026-08-07T10:09:18.841877,2627,1,CHE,DEF,153,p220362,Axel Disasi,45,3206,0,0,0,,,
2026-08-07T10:09:18.841877,2627,1,CHE,MID,154,p244851,Cole Palmer,95,387927,0,0,0,,,
2026-08-07T10:09:18.841877,2627,1,CHE,MID,155,p448047,Enzo Fernández,70,176330,0,0,0,,,
2026-08-07T10:09:18.841877,2627,1,CHE,MID,156,p247632,Pedro Lomba Neto,65,41678,0,0,0,,,
2026-08-07T10:09:18.841877,2627,1,CHE,MID,157,p624773,Estêvão Almeida de Oliveira Gonçalves,65,57708,0,0,0,,,
2026-08-07T10:09:18.841877,2627,1,CHE,MID,158,p463936,Jamie Bynoe-Gittens,60,3206,0,0,0,,,
2026-08-07T10:09:18.841877,2627,1,CHE,MID,159,p486672,Moisés Caicedo Corozo,55,118622,0,0,0,,,
2026-08-07T10:09:18.841877,2627,1,CHE,MID,161,p514356,Roméo Lavia,50,0,0,0,0,,,
2026-08-07T10:09:18.841877,2627,1,CHE,MID,163,p491007,Dário Luís Essugo,45,6412,0,0,0,,,
2026-08-07T10:09:18.841877,2627,1,CHE,MID,164,p593117,Geovany Quenda,55,3206,0,0,0,,100,
2026-08-07T10:09:18.841877,2627,1,CHE,FWD,165,p475168,João Pedro Junqueira de Jesus,75,1737658,0,0,0,,,
2026-08-07T10:09:18.841877,2627,1,CHE,FWD,166,p517052,Nicolas Jackson,65,12824,0,0,0,,,
2026-08-07T10:09:18.841877,2627,1,CHE,FWD,167,p463034,Liam Delap,55,16030,0,0,0,,,
2026-08-07T10:09:18.841877,2627,1,CHE,FWD,168,p499309,Marc Guiu Paz,50,12824,0,0,0,,,
2026-08-07T10:09:18.841877,2627,1,CHE,FWD,169,p567119,Shumaira Mheuka,45,12824,0,0,0,,,
2026-08-07T10:09:18.841877,2627,1,CHE,FWD,170,p503037,Emmanuel Emegha,50,6412,0,0,0,Hamstring injury - 75% chance of playing,75,
2026-08-07T10:09:18.841877,2627,1,CHE,DEF,200,p437499,Maxence Lacroix,60,381515,0,0,0,,,
2026-08-07T10:09:18.841877,2627,1,CHE,GK,560,p549939,Mike Penders,45,3206,0,0,0,,,
2026-08-07T10:09:18.841877,2627,1,CHE,DEF,561,p622758,Aaron Anselmino,45,0,0,0,0,,,
2026-08-07T10:09:18.841877,2627,1,CHE,MID,568,p543158,Valentín Barco,55,0,0,0,0,,,
2026-08-07T10:09:18.841877,2627,1,COV,MID,104,p428580,Frank Onyeka,50,6412,0,0,0,,,
2026-08-07T10:09:18.841877,2627,1,COV,GK,110,p472739,Carl Rushworth,45,25648,0,0,0,,,
2026-08-07T10:09:18.841877,2627,1,COV,GK,171,p484389,Oliver Dovin,40,86562,0,0,0,,,
2026-08-07T10:09:18.841877,2627,1,COV,GK,172,p110690,Ben Wilson,45,19236,0,0,0,,,
2026-08-07T10:09:18.841877,2627,1,COV,DEF,173,p461102,Bobby Thomas,40,285335,0,0,0,,,
2026-08-07T10:09:18.841877,2627,1,COV,DEF,174,p436761,Liam Kitching,40,12824,0,0,0,,,
2026-08-07T10:09:18.841877,2627,1,COV,DEF,175,p451284,Milan van Ewijk,40,522579,0,0,0,,,
2026-08-07T10:09:18.841877,2627,1,COV,DEF,176,p173878,Jay Dasilva,40,16030,0,0,0,,,
2026-08-07T10:09:18.841877,2627,1,COV,DEF,177,p465390,Kaine Kesler-Hayden,40,3206,0,0,0,,,
2026-08-07T10:09:18.841877,2627,1,COV,DEF,178,p80178,Jake Bidwell,40,3206,0,0,0,,,
2026-08-07T10:09:18.841877,2627,1,COV,DEF,179,p204813,Joel Latibeaudiere,40,3206,0,0,0,,,
2026-08-07T10:09:18.841877,2627,1,COV,DEF,180,p220583,Luke Woolfenden,40,6412,0,0,0,,,
2026-08-07T10:09:18.841877,2627,1,COV,DEF,181,p577411,Miguel Brau,40,3206,0,0,0,,,
2026-08-07T10:09:18.841877,2627,1,COV,DEF,182,p539142,Aurèle Amenda,40,16030,0,0,0,,,
2026-08-07T10:09:18.841877,2627,1,COV,MID,183,p480457,Jack Rudoni,50,9618,0,0,0,Shoulder injury - 75% chance of playing,75,
2026-08-07T10:09:18.841877,2627,1,COV,MID,184,p168144,Matt Grimes,50,6412,0,0,0,,,
2026-08-07T10:09:18.841877,2627,1,COV,MID,185,p501459,Tatsuhiro Sakamoto,50,3206,0,0,0,,,
2026-08-07T10:09:18.841877,2627,1,COV,MID,186,p241293,Ephron Mason-Clark,55,9618,0,0,0,,,
2026-08-07T10:09:18.841877,2627,1,COV,MID,187,p439668,Josh Eccles,50,0,0,0,0,,,
2026-08-07T10:09:18.841877,2627,1,COV,MID,188,p226965,Victor Torp,55,6412,0,0,0,,,
2026-08-07T10:09:18.841877,2627,1,COV,MID,189,p684268,George Shepherd,45,9618,0,0,0,,,
2026-08-07T10:09:18.841877,2627,1,COV,MID,190,p469272,Loum Tchaouna,55,3206,0,0,0,,,
2026-08-07T10:09:18.841877,2627,1,COV,MID,191,p492498,Raphael Borges Rodrigues,45,6412,0,0,0,,,
2026-08-07T10:09:18.841877,2627,1,COV,MID,192,p629397,Kaine Andrews,45,22442,0,0,0,,,
2026-08-07T10:09:18.841877,2627,1,COV,FWD,193,p176412,Haji Wright,55,57708,0,0,0,,,
2026-08-07T10:09:18.841877,2627,1,COV,FWD,194,p230730,Brandon Thomas-Asante,50,28854,0,0,0,,,
2026-08-07T10:09:18.841877,2627,1,COV,FWD,195,p218997,Ellis Simms,50,19236,0,0,0,,,
2026-08-07T10:09:18.841877,2627,1,COV,FWD,196,p551262,Jahnoah Markelo,50,3206,0,0,0,,,
2026-08-07T10:09:18.841877,2627,1,COV,FWD,197,p549653,Norman Bassette,45,16030,0,0,0,Has joined KVC Westerlo on loan for the rest of the season,0,
2026-08-07T10:09:18.841877,2627,1,CRY,GK,198,p172649,Dean Henderson,50,99386,0,0,0,,,
2026-08-07T10:09:18.841877,2627,1,CRY,GK,199,p121709,Walter Benítez,45,3206,0,0,0,,,
2026-08-07T10:09:18.841877,2627,1,CRY,DEF,201,p247348,Daniel Muñoz Mejía,55,375103,0,0,0,,,
2026-08-07T10:09:18.841877,2627,1,CRY,DEF,202,p427623,Chris Richards,50,25648,0,0,0,,,
2026-08-07T10:09:18.841877,2627,1,CRY,DEF,203,p651426,Jaydee Canvot,50,19236,0,0,0,,,
2026-08-07T10:09:18.841877,2627,1,CRY,DEF,204,p244723,Tyrick Mitchell,45,221214,0,0,0,,,
2026-08-07T10:09:18.841877,2627,1,CRY,DEF,205,p218364,Borna Sosa,45,0,0,0,0,,,
2026-08-07T10:09:18.841877,2627,1,CRY,DEF,206,p515621,Chadi Riad Dnanou,45,3206,0,0,0,,,
2026-08-07T10:09:18.841877,2627,1,CRY,DEF,207,p242313,Oscar Mingueza,45,3206,0,0,0,,,
2026-08-07T10:09:18.841877,2627,1,CRY,MID,208,p232185,Ismaïla Sarr,65,294953,0,0,0,,,
2026-08-07T10:09:18.841877,2627,1,CRY,MID,209,p242898,Brennan Johnson,60,6412,0,0,0,,,
2026-08-07T10:09:18.841877,2627,1,CRY,MID,210,p496221,Adam Wharton,55,6412,0,0,0,Ankle injury - 75% chance of playing,75,
2026-08-07T10:09:18.841877,2627,1,CRY,MID,211,p488024,Yéremy Pino Santos,55,6412,0,0,0,,,
2026-08-07T10:09:18.841877,2627,1,CRY,MID,212,p108413,Will Hughes,45,355867,0,0,0,,,
2026-08-07T10:09:18.841877,2627,1,CRY,MID,213,p152551,Jefferson Lerma Solís,50,3206,0,0,0,,,
2026-08-07T10:09:18.841877,2627,1,CRY,MID,214,p209400,Daichi Kamada,50,9618,0,0,0,,,
2026-08-07T10:09:18.841877,2627,1,CRY,MID,215,p489706,Justin Devenny,50,0,0,0,0,,,
2026-08-07T10:09:18.841877,2627,1,CRY,MID,216,p606921,Romain Esse,50,3206,0,0,0,,,
2026-08-07T10:09:18.841877,2627,1,CRY,MID,217,p536694,Matheus França de Oliveira,50,0,0,0,0,,,
2026-08-07T10:09:18.841877,2627,1,CRY,MID,218,p438464,Cheick Doucouré,50,3206,0,0,0,,,
2026-08-07T10:09:18.841877,2627,1,CRY,MID,219,p450542,Jesurun Rak-Sakyi,50,0,0,0,0,,,
2026-08-07T10:09:18.841877,2627,1,CRY,DEF,220,p590014,Rio Cardines,45,0,0,0,0,,,
2026-08-07T10:09:18.841877,2627,1,CRY,MID,221,p672492,Joél Drakes-Thomas,45,3206,0,0,0,,,
2026-08-07T10:09:18.841877,2627,1,CRY,FWD,222,p247412,Jørgen Strand Larsen,60,19236,0,0,0,,,
2026-08-07T10:09:18.841877,2627,1,CRY,FWD,223,p231747,Jean-Philippe Mateta,65,221214,0,0,0,,,
2026-08-07T10:09:18.841877,2627,1,CRY,FWD,224,p205533,Eddie Nketiah,55,16030,0,0,0,,,
2026-08-07T10:09:18.841877,2627,1,CRY,FWD,225,p660392,Christantus Uche,50,0,0,0,0,has returned to Getafe CF,0,
2026-08-07T10:09:18.841877,2627,1,CRY,GK,555,p169593,Remi Matthews,40,54502,0,0,0,,,
2026-08-07T10:09:18.841877,2627,1,EVE,GK,226,p111234,Jordan Pickford,55,285335,0,0,0,,,
2026-08-07T10:09:18.841877,2627,1,EVE,GK,227,p229600,Mark Travers,50,3206,0,0,0,,,
2026-08-07T10:09:18.841877,2627,1,EVE,GK,228,p138001,Tom King,45,3206,0,0,0,,,
2026-08-07T10:09:18.841877,2627,1,EVE,DEF,229,p17761,James Tarkowski,60,317395,0,0,0,,,
2026-08-07T10:09:18.841877,2627,1,EVE,DEF,230,p480455,Jarrad Branthwaite,55,60914,0,0,0,,,
2026-08-07T10:09:18.841877,2627,1,EVE,DEF,231,p106611,Michael Keane,50,48090,0,0,0,,,
2026-08-07T10:09:18.841877,2627,1,EVE,DEF,232,p512462,Jake O'Brien,50,16030,0,0,0,,,
2026-08-07T10:09:18.841877,2627,1,EVE,DEF,233,p224967,Vitalii Mykolenko,45,41678,0,0,0,,,
2026-08-07T10:09:18.841877,2627,1,EVE,DEF,234,p243571,Nathan Patterson,45,0,0,0,0,,,
2026-08-07T10:09:18.841877,2627,1,EVE,DEF,235,p499300,Adam Aznou,40,6412,0,0,0,,,
2026-08-07T10:09:18.841877,2627,1,EVE,MID,236,p215413,Kiernan Dewsbury-Hall,65,125034,0,0,0,,,
2026-08-07T10:09:18.841877,2627,1,EVE,MID,237,p440993,Iliman Ndiaye,60,522579,0,0,0,,,
2026-08-07T10:09:18.841877,2627,1,EVE,MID,239,p232928,James Garner,60,22442,0,0,0,Groin injury - Expected back 22 Aug,0,1
2026-08-07T10:09:18.841877,2627,1,EVE,MID,240,p490094,Tim Iroegbunam,50,3206,0,0,0,,,
2026-08-07T10:09:18.841877,2627,1,EVE,MID,241,p433154,Dwight McNeil,55,3206,0,0,0,,,
2026-08-07T10:09:18.841877,2627,1,EVE,MID,242,p550615,Tyrique George,55,3206,0,0,0,,,
2026-08-07T10:09:18.841877,2627,1,EVE,MID,243,p502697,Carlos Alcaraz Durán,50,3206,0,0,0,,,
2026-08-07T10:09:18.841877,2627,1,EVE,MID,244,p609873,Harrison Armstrong,50,3206,0,0,0,,,
2026-08-07T10:09:18.841877,2627,1,EVE,MID,245,p496661,Tyler Dibling,55,3206,0,0,0,,,
2026-08-07T10:09:18.841877,2627,1,EVE,MID,246,p513466,Merlin Röhl,50,3206,0,0,0,,,
2026-08-07T10:09:18.841877,2627,1,EVE,MID,247,p244860,Hayden Hackney,55,9618,0,0,0,,,
2026-08-07T10:09:18.841877,2627,1,EVE,FWD,248,p486385,Norberto Bercique Gomes Betuncal,55,102592,0,0,0,,,
2026-08-07T10:09:18.841877,2627,1,EVE,FWD,249,p586309,Thierno Barry,55,28854,0,0,0,,,
2026-08-07T10:09:18.841877,2627,1,FUL,GK,250,p80201,Bernd Leno,45,102592,0,0,0,,,
2026-08-07T10:09:18.841877,2627,1,FUL,GK,251,p86873,Benjamin Lecomte,40,44884,0,0,0,,,
2026-08-07T10:09:18.841877,2627,1,FUL,GK,252,p505079,Alfie McNally,40,6412,0,0,0,,,
2026-08-07T10:09:18.841877,2627,1,FUL,DEF,253,p174874,Joachim Andersen,50,3206,0,0,0,Suspended until 30 Aug,0,2
2026-08-07T10:09:18.841877,2627,1,FUL,DEF,254,p169528,Antonee Robinson,45,86562,0,0,0,,,
2026-08-07T10:09:18.841877,2627,1,FUL,DEF,255,p246301,Jorge Cuenca Barreno,45,0,0,0,0,,,
2026-08-07T10:09:18.841877,2627,1,FUL,DEF,256,p167074,Kenny Tete,45,6412,0,0,0,,,
2026-08-07T10:09:18.841877,2627,1,FUL,DEF,257,p232892,Calvin Bassey,45,19236,0,0,0,,,
2026-08-07T10:09:18.841877,2627,1,FUL,DEF,258,p166477,Timothy Castagne,45,6412,0,0,0,,,
2026-08-07T10:09:18.841877,2627,1,FUL,MID,261,p153133,Alex Iwobi,55,28854,0,0,0,,,
2026-08-07T10:09:18.841877,2627,1,FUL,MID,262,p209289,Emile Smith Rowe,55,12824,0,0,0,,,
2026-08-07T10:09:18.841877,2627,1,FUL,MID,263,p560552,Kevin Santos Lopes de Macedo,55,3206,0,0,0,,,
2026-08-07T10:09:18.841877,2627,1,FUL,MID,264,p477555,Oscar Bobb,55,12824,0,0,0,,,
2026-08-07T10:09:18.841877,2627,1,FUL,MID,265,p207189,Sander Berge,50,12824,0,0,0,,,
2026-08-07T10:09:18.841877,2627,1,FUL,MID,266,p76357,Tom Cairney,50,0,0,0,0,,,
2026-08-07T10:09:18.841877,2627,1,FUL,MID,267,p212314,Saša Lukić,50,3206,0,0,0,,,
2026-08-07T10:09:18.841877,2627,1,FUL,MID,268,p577725,Josh King,55,3206,0,0,0,,,
2026-08-07T10:09:18.841877,2627,1,FUL,DEF,269,p184349,Ryan Sessegnon,45,12824,0,0,0,,,
2026-08-07T10:09:18.841877,2627,1,FUL,MID,270,p153366,Harrison Reed,45,35266,0,0,0,,,
2026-08-07T10:09:18.841877,2627,1,FUL,FWD,271,p244042,Rodrigo Muniz Carvalho,55,22442,0,0,0,,,
2026-08-07T10:09:18.841877,2627,1,FUL,FWD,272,p631786,Jonah Kusi-Asare,45,256480,0,0,0,,,
2026-08-07T10:09:18.841877,2627,1,FUL,FWD,569,p551466,Gonzalo García,60,35266,0,0,0,,,
2026-08-07T10:09:18.841877,2627,1,FUL,MID,570,p571779,César Palacios,55,0,0,0,0,,,
2026-08-07T10:09:18.841877,2627,1,HUL,GK,273,p167825,Dillon Phillips,40,67326,0,0,0,,,
2026-08-07T10:09:18.841877,2627,1,HUL,GK,274,p105666,Jack Butland,45,32060,0,0,0,,,
2026-08-07T10:09:18.841877,2627,1,HUL,GK,275,p494950,Harvey Cartwright,40,3206,0,0,0,Has joined Grimsby Town on loan for the rest of the season,0,
2026-08-07T10:09:18.841877,2627,1,HUL,GK,276,p444307,Thimothée Lo-Tutala,40,6412,0,0,0,,,
2026-08-07T10:09:18.841877,2627,1,HUL,DEF,277,p108416,John Egan,40,32060,0,0,0,,,
2026-08-07T10:09:18.841877,2627,1,HUL,DEF,278,p501902,Charlie Hughes,40,35266,0,0,0,Groin injury - Unknown return date,0,
2026-08-07T10:09:18.841877,2627,1,HUL,DEF,279,p146426,Semi Ajayi,40,19236,0,0,0,,,
2026-08-07T10:09:18.841877,2627,1,HUL,DEF,280,p193278,Lewie Coyle,40,12824,0,0,0,,,
2026-08-07T10:09:18.841877,2627,1,HUL,DEF,281,p433590,Cody Drameh,40,3206,0,0,0,,,
2026-08-07T10:09:18.841877,2627,1,HUL,DEF,282,p232351,Ryan Giles,40,19236,0,0,0,,,
2026-08-07T10:09:18.841877,2627,1,HUL,DEF,283,p449428,Matty Jacob,40,3206,0,0,0,Hip injury - 75% chance of playing,75,
2026-08-07T10:09:18.841877,2627,1,HUL,DEF,284,p661800,Cathal McCarthy,40,3206,0,0,0,,,
2026-08-07T10:09:18.841877,2627,1,HUL,DEF,285,p160817,Paddy McNair,40,3206,0,0,0,,,
2026-08-07T10:09:18.841877,2627,1,HUL,MID,286,p540324,Mohamed Belloumi,50,19236,0,0,0,,,
2026-08-07T10:09:18.841877,2627,1,HUL,MID,287,p232905,Liam Millar,50,3206,0,0,0,,,
2026-08-07T10:09:18.841877,2627,1,HUL,MID,288,p171270,Kieran Dowell,45,16030,0,0,0,,,
2026-08-07T10:09:18.841877,2627,1,HUL,MID,289,p101282,Matt Crooks,45,22442,0,0,0,,,
2026-08-07T10:09:18.841877,2627,1,HUL,MID,290,p243413,Regan Slater,45,60914,0,0,0,,,
2026-08-07T10:09:18.841877,2627,1,HUL,MID,291,p465525,Eliot Matazo,45,0,0,0,0,Knee injury - Unknown return date,0,
2026-08-07T10:09:18.841877,2627,1,HUL,MID,292,p208481,Abdülkadir Ömür,50,0,0,0,0,,,
2026-08-07T10:09:18.841877,2627,1,HUL,MID,293,p490161,Abu Kamara,50,0,0,0,0,,,
2026-08-07T10:09:18.841877,2627,1,HUL,MID,294,p553783,Óscar Zambrano,45,16030,0,0,0,Thigh injury - Unknown return date,0,
2026-08-07T10:09:18.841877,2627,1,HUL,FWD,295,p169432,Oli McBurnie,55,57708,0,0,0,,,
2026-08-07T10:09:18.841877,2627,1,HUL,MID,296,p213292,David Akintola,50,0,0,0,0,,,
2026-08-07T10:09:18.841877,2627,1,HUL,MID,297,p470294,Darko Gyabi,45,6412,0,0,0,Thigh injury - Unknown return date,0,
2026-08-07T10:09:18.841877,2627,1,HUL,FWD,298,p500957,Enis Destan,45,83356,0,0,0,,,
2026-08-07T10:09:18.841877,2627,1,HUL,FWD,299,p534392,Mason Burstow,45,22442,0,0,0,Has joined Sheffield Wednesday on loan for the rest of the season,0,
2026-08-07T10:09:18.841877,2627,1,HUL,DEF,556,p169359,Matt Targett,40,83356,0,0,0,,,
2026-08-07T10:09:18.841877,2627,1,HUL,MID,563,p445028,Hidemasa Morita,50,3206,0,0,0,,,
2026-08-07T10:09:18.841877,2627,1,HUL,GK,572,p473284,Konstantinos Tzolakis,45,0,0,0,0,,,
2026-08-07T10:09:18.841877,2627,1,IPS,DEF,259,p219924,Issa Diop,40,625172,0,0,0,,,
2026-08-07T10:09:18.841877,2627,1,IPS,GK,300,p108813,Christian Walton,45,19236,0,0,0,,,
2026-08-07T10:09:18.841877,2627,1,IPS,GK,301,p112520,Alex Palmer,40,189154,0,0,0,,,
2026-08-07T10:09:18.841877,2627,1,IPS,GK,302,p50093,David Button,40,16030,0,0,0,,,
2026-08-07T10:09:18.841877,2627,1,IPS,DEF,303,p183015,Cédric Kipré,40,12824,0,0,0,,,
2026-08-07T10:09:18.841877,2627,1,IPS,DEF,304,p216616,Dara O'Shea,40,54502,0,0,0,,,
2026-08-07T10:09:18.841877,2627,1,IPS,DEF,305,p455084,Leif Davis,40,109004,0,0,0,,,
2026-08-07T10:09:18.841877,2627,1,IPS,DEF,306,p449429,Jacob Greaves,40,16030,0,0,0,,,
2026-08-07T10:09:18.841877,2627,1,IPS,DEF,307,p222018,Ben Johnson,40,3206,0,0,0,,,
2026-08-07T10:09:18.841877,2627,1,IPS,DEF,308,p176420,Darnell Furlong,40,9618,0,0,0,,,
2026-08-07T10:09:18.841877,2627,1,IPS,MID,309,p501390,Marcelino Núñez,50,6412,0,0,0,,,
2026-08-07T10:09:18.841877,2627,1,IPS,MID,310,p241117,Azor Matusiwa,50,0,0,0,0,Muscular injury - Unknown return date,0,
2026-08-07T10:09:18.841877,2627,1,IPS,MID,311,p149929,Wes Burns,50,3206,0,0,0,,,
2026-08-07T10:09:18.841877,2627,1,IPS,MID,312,p231899,Jack Taylor,45,6412,0,0,0,Knee injury - Unknown return date,0,
2026-08-07T10:09:18.841877,2627,1,IPS,MID,313,p443261,Jack Clarke,55,9618,0,0,0,,,
2026-08-07T10:09:18.841877,2627,1,IPS,MID,314,p229164,Chiedozie Ogbene,50,0,0,0,0,,,
2026-08-07T10:09:18.841877,2627,1,IPS,MID,315,p531442,Abdul Fatawu,55,9618,0,0,0,,,
2026-08-07T10:09:18.841877,2627,1,IPS,FWD,316,p543968,Emersonn Correia da Silva,55,9618,0,0,0,,,
2026-08-07T10:09:18.841877,2627,1,IPS,FWD,317,p222625,George Hirst,50,16030,0,0,0,,,
2026-08-07T10:09:18.841877,2627,1,IPS,MID,318,p481624,Jaden Philogene,55,6412,0,0,0,,,
2026-08-07T10:09:18.841877,2627,1,IPS,MID,319,p172453,Sam Szmodics,50,3206,0,0,0,,,
2026-08-07T10:09:18.841877,2627,1,IPS,FWD,320,p147675,Chuba Akpom,50,16030,0,0,0,,,
2026-08-07T10:09:18.841877,2627,1,IPS,FWD,321,p557012,Sindre Walle Egeli,45,67326,0,0,0,,,
2026-08-07T10:09:18.841877,2627,1,IPS,FWD,322,p462387,Ali Al-Hamadi,50,6412,0,0,0,,,
2026-08-07T10:09:18.841877,2627,1,IPS,MID,323,p461587,Kasey McAteer,45,51296,0,0,0,,,
2026-08-07T10:09:18.841877,2627,1,IPS,MID,324,p232457,Anis Mehmeti,50,3206,0,0,0,,,
2026-08-07T10:09:18.841877,2627,1,IPS,GK,554,p546600,Kayne van Oevelen,45,3206,0,0,0,,,
2026-08-07T10:09:18.841877,2627,1,IPS,MID,562,p442967,Daizen Maeda,55,12824,0,0,0,,,
2026-08-07T10:09:18.841877,2627,1,IPS,GK,564,p240514,Kjell Scherpen,45,9618,0,0,0,,,
2026-08-07T10:09:18.841877,2627,1,IPS,MID,571,p216055,Florentino Ibrain Morris Luís,50,0,0,0,0,,,
2026-08-07T10:09:18.841877,2627,1,LEE,MID,260,p153682,Harry Wilson,65,269305,0,0,0,,,
2026-08-07T10:09:18.841877,2627,1,LEE,GK,326,p201595,Lucas Estella Perri,45,22442,0,0,0,,,
2026-08-07T10:09:18.841877,2627,1,LEE,DEF,327,p434752,Jaka Bijol,50,9618,0,0,0,,,
2026-08-07T10:09:18.841877,2627,1,LEE,DEF,329,p214225,Joe Rodon,45,57708,0,0,0,,,
2026-08-07T10:09:18.841877,2627,1,LEE,DEF,330,p226182,Jayden Bogle,45,12824,0,0,0,,,
2026-08-07T10:09:18.841877,2627,1,LEE,DEF,331,p243526,Gabriel Gudmundsson,45,16030,0,0,0,,,
2026-08-07T10:09:18.841877,2627,1,LEE,DEF,332,p220627,James Justin,45,16030,0,0,0,,,
2026-08-07T10:09:18.841877,2627,1,LEE,DEF,333,p437738,Sebastiaan Bornauw,45,0,0,0,0,,,
2026-08-07T10:09:18.841877,2627,1,LEE,DEF,334,p522047,Tarik Muharemović,50,41678,0,0,0,,,
2026-08-07T10:09:18.841877,2627,1,LEE,MID,335,p466525,Anton Stach,60,41678,0,0,0,,,
2026-08-07T10:09:18.841877,2627,1,LEE,MID,336,p435997,Noah Okafor,60,22442,0,0,0,,,
2026-08-07T10:09:18.841877,2627,1,LEE,MID,337,p427637,Brenden Aaronson,55,25648,0,0,0,,,
2026-08-07T10:09:18.841877,2627,1,LEE,MID,338,p199598,Ethan Ampadu,55,48090,0,0,0,,,
2026-08-07T10:09:18.841877,2627,1,LEE,MID,339,p180135,Sean Longstaff,50,6412,0,0,0,,,
2026-08-07T10:09:18.841877,2627,1,LEE,MID,340,p462635,Joe Gelhardt,50,0,0,0,0,,,
2026-08-07T10:09:18.841877,2627,1,LEE,MID,341,p492859,Wilfried Gnonto,50,3206,0,0,0,,,
2026-08-07T10:09:18.841877,2627,1,LEE,MID,342,p221399,Jack Harrison,50,0,0,0,0,Has joined New England Revolution permanently,0,
2026-08-07T10:09:18.841877,2627,1,LEE,MID,343,p200617,Daniel James,50,3206,0,0,0,,,
2026-08-07T10:09:18.841877,2627,1,LEE,MID,344,p486520,Ilia Gruev,50,0,0,0,0,,,
2026-08-07T10:09:18.841877,2627,1,LEE,MID,345,p248056,Tanaka Ao,50,9618,0,0,0,,,
2026-08-07T10:09:18.841877,2627,1,LEE,FWD,346,p177815,Dominic Calvert-Lewin,60,743794,0,0,0,,,
2026-08-07T10:09:18.841877,2627,1,LEE,FWD,347,p174594,Lukas Nmecha,55,19236,0,0,0,,,
2026-08-07T10:09:18.841877,2627,1,LEE,FWD,348,p235826,Joël Piroe,50,16030,0,0,0,,,
2026-08-07T10:09:18.841877,2627,1,LEE,FWD,349,p565297,Mateo Joseph Fernández-Regatillo,45,9618,0,0,0,Knee injury - Unknown return date,0,
2026-08-07T10:09:18.841877,2627,1,LIV,GK,350,p116535,Alisson Becker,55,131446,0,0,0,,,
2026-08-07T10:09:18.841877,2627,1,LIV,GK,351,p449027,Giorgi Mamardashvili,50,6412,0,0,0,,,
2026-08-07T10:09:18.841877,2627,1,LIV,GK,352,p155503,Freddie Woodman,40,38472,0,0,0,,,
2026-08-07T10:09:18.841877,2627,1,LIV,GK,353,p586268,Armin Pecsi,40,3206,0,0,0,,,
2026-08-07T10:09:18.841877,2627,1,LIV,GK,354,p432987,Vitezslav Jaros,40,0,0,0,0,Knee injury - Unknown return date,0,
2026-08-07T10:09:18.841877,2627,1,LIV,GK,355,p464353,Harvey Davies,40,3206,0,0,0,,,
2026-08-07T10:09:18.841877,2627,1,LIV,DEF,356,p97032,Virgil van Dijk,65,522579,0,0,0,,,
2026-08-07T10:09:18.841877,2627,1,LIV,DEF,357,p216094,Jeremie Frimpong,55,96180,0,0,0,,,
2026-08-07T10:09:18.841877,2627,1,LIV,DEF,358,p544877,Milos Kerkez,55,182742,0,0,0,,,
2026-08-07T10:09:18.841877,2627,1,LIV,DEF,359,p171287,Joe Gomez,50,3206,0,0,0,Muscular injury - Unknown return date,0,
2026-08-07T10:09:18.841877,2627,1,LIV,DEF,360,p492777,Conor Bradley,50,0,0,0,0,Knee injury - Unknown return date,0,
2026-08-07T10:09:18.841877,2627,1,LIV,DEF,361,p519440,Wellity Lucky,40,3206,0,0,0,,,
2026-08-07T10:09:18.841877,2627,1,LIV,DEF,362,p606702,Jeremy Jacquet,50,60914,0,0,0,,100,
2026-08-07T10:09:18.841877,2627,1,LIV,DEF,363,p647681,Giovanni Leoni,40,3206,0,0,0,Knee injury - Unknown return date,0,
2026-08-07T10:09:18.841877,2627,1,LIV,DEF,364,p214285,Kostas Tsimikas,50,3206,0,0,0,,,
2026-08-07T10:09:18.841877,2627,1,LIV,DEF,365,p489580,Calvin Ramsay,40,6412,0,0,0,,,
2026-08-07T10:09:18.841877,2627,1,LIV,MID,366,p494595,Florian Wirtz,75,400751,0,0,0,,,
2026-08-07T10:09:18.841877,2627,1,LIV,MID,367,p243298,Cody Gakpo,70,112210,0,0,0,,,
2026-08-07T10:09:18.841877,2627,1,LIV,MID,368,p424876,Dominik Szoboszlai,70,1506825,0,0,0,,,
2026-08-07T10:09:18.841877,2627,1,LIV,MID,369,p611922,Rio Ngumoha,60,51296,0,0,0,,,
2026-08-07T10:09:18.841877,2627,1,LIV,MID,370,p223541,Federico Chiesa,55,6412,0,0,0,,,
2026-08-07T10:09:18.841877,2627,1,LIV,MID,371,p441266,Ryan Gravenberch,60,60914,0,0,0,,,
2026-08-07T10:09:18.841877,2627,1,LIV,MID,372,p243016,Alexis Mac Allister,55,60914,0,0,0,,,
2026-08-07T10:09:18.841877,2627,1,LIV,MID,373,p206915,Curtis Jones,55,3206,0,0,0,,,
2026-08-07T10:09:18.841877,2627,1,LIV,MID,374,p158983,Endo Wataru,50,0,0,0,0,Ankle injury - 75% chance of playing,75,
2026-08-07T10:09:18.841877,2627,1,LIV,MID,375,p591386,Trey Nyoni,50,3206,0,0,0,,,
2026-08-07T10:09:18.841877,2627,1,LIV,MID,376,p535928,Stefan Bajčetić Maquieira,50,0,0,0,0,Hamstring injury - Expected back 23 Aug,0,1
2026-08-07T10:09:18.841877,2627,1,LIV,MID,377,p551499,Victor Munoz,65,25648,0,0,0,,,
2026-08-07T10:09:18.841877,2627,1,LIV,MID,378,p491501,James McConnell,45,6412,0,0,0,,,
2026-08-07T10:09:18.841877,2627,1,LIV,FWD,379,p219168,Alexander Isak,90,362279,0,0,0,,,
2026-08-07T10:09:18.841877,2627,1,LIV,FWD,380,p510663,Hugo Ekitiké,75,6412,0,0,0,Achilles injury - Unknown return date,0,
2026-08-07T10:09:18.841877,2627,1,LIV,MID,381,p514514,Lewis Koumas,50,0,0,0,0,,,
2026-08-07T10:09:18.841877,2627,1,LIV,FWD,382,p500058,Jayden Danns,45,3206,0,0,0,Unspecified injury - Unknown return date,0,
2026-08-07T10:09:18.841877,2627,1,LIV,MID,383,p444884,Harvey Elliott,55,3206,0,0,0,,,
2026-08-07T10:09:18.841877,2627,1,MCI,MID,238,p114283,Jack Grealish,65,6412,0,0,0,Foot injury - 75% chance of playing,75,
2026-08-07T10:09:18.841877,2627,1,MCI,GK,384,p204936,Gianluigi Donnarumma,55,355867,0,0,0,,,
2026-08-07T10:09:18.841877,2627,1,MCI,GK,385,p432720,James Trafford,50,48090,0,0,0,,,
2026-08-07T10:09:18.841877,2627,1,MCI,GK,386,p122074,Marcus Bettinelli,45,0,0,0,0,,,
2026-08-07T10:09:18.841877,2627,1,MCI,DEF,387,p472769,Nico O'Reilly,65,724558,0,0,0,,,
2026-08-07T10:09:18.841877,2627,1,MCI,DEF,388,p209036,Marc Guéhi,60,759824,0,0,0,,,
2026-08-07T10:09:18.841877,2627,1,MCI,DEF,389,p465351,Matheus Nunes,60,157094,0,0,0,,,
2026-08-07T10:09:18.841877,2627,1,MCI,DEF,390,p171314,Rúben dos Santos Gato Alves Dias,55,44884,0,0,0,,,
2026-08-07T10:09:18.841877,2627,1,MCI,DEF,391,p477424,Joško Gvardiol,55,381515,0,0,0,,,
2026-08-07T10:09:18.841877,2627,1,MCI,DEF,392,p448514,Rayan Aït-Nouri,55,32060,0,0,0,,,
2026-08-07T10:09:18.841877,2627,1,MCI,DEF,393,p578153,Abdukodir Khusanov,55,64120,0,0,0,,,
2026-08-07T10:09:18.841877,2627,1,MCI,DEF,394,p494307,Max Alleyne,50,0,0,0,0,,,
2026-08-07T10:09:18.841877,2627,1,MCI,DEF,395,p477064,Rico Lewis,45,6412,0,0,0,,,
2026-08-07T10:09:18.841877,2627,1,MCI,DEF,396,p616222,Vitor de Oliveira Nunes dos Reis,45,0,0,0,0,,,
2026-08-07T10:09:18.841877,2627,1,MCI,MID,397,p437730,Antoine Semenyo,85,727764,0,0,0,,,
2026-08-07T10:09:18.841877,2627,1,MCI,MID,398,p209244,Phil Foden,70,240450,0,0,0,,,
2026-08-07T10:09:18.841877,2627,1,MCI,MID,399,p466052,Rayan Cherki,75,298159,0,0,0,,,
2026-08-07T10:09:18.841877,2627,1,MCI,MID,400,p248875,Jérémy Doku,75,205184,0,0,0,,,
2026-08-07T10:09:18.841877,2627,1,MCI,FWD,401,p438234,Omar Marmoush,70,22442,0,0,0,,,
2026-08-07T10:09:18.841877,2627,1,MCI,MID,402,p220566,Rodrigo 'Rodri' Hernandez Cascante,65,3206,0,0,0,Back injury - Unknown return date,0,
2026-08-07T10:09:18.841877,2627,1,MCI,MID,403,p510281,Sávio Moreira de Oliveira,65,3206,0,0,0,,,
2026-08-07T10:09:18.841877,2627,1,MCI,MID,404,p433036,Tijjani Reijnders,60,12824,0,0,0,,,
2026-08-07T10:09:18.841877,2627,1,MCI,MID,405,p465694,Nico González Iglesias,55,3206,0,0,0,,,
2026-08-07T10:09:18.841877,2627,1,MCI,MID,406,p91651,Mateo Kovačić,55,0,0,0,0,,,
2026-08-07T10:09:18.841877,2627,1,MCI,MID,407,p575204,Claudio Echeverri,50,0,0,0,0,,,
2026-08-07T10:09:18.841877,2627,1,MCI,MID,408,p155405,Kalvin Phillips,50,0,0,0,0,,,
2026-08-07T10:09:18.841877,2627,1,MCI,MID,409,p590039,Divine Mukasa,45,3206,0,0,0,,,
2026-08-07T10:09:18.841877,2627,1,MCI,MID,410,p649208,Jeremy Monga,50,0,0,0,0,,,
2026-08-07T10:09:18.841877,2627,1,MCI,FWD,411,p223094,Erling Haaland,155,2394890,0,0,0,,,
2026-08-07T10:09:18.841877,2627,1,MCI,MID,481,p215379,Elliot Anderson,65,384721,0,0,0,,,
2026-08-07T10:09:18.841877,2627,1,MUN,MID,43,p166989,Youri Tielemans,60,25648,0,0,0,Hamstring injury - 75% chance of playing,75,
2026-08-07T10:09:18.841877,2627,1,MUN,MID,162,p532605,Andrey Nascimento dos Santos,50,44884,0,0,0,,,
2026-08-07T10:09:18.841877,2627,1,MUN,GK,325,p59735,Karl Darlow,45,3206,0,0,0,Unspecified injury - 75% chance of playing,75,
2026-08-07T10:09:18.841877,2627,1,MUN,GK,412,p465247,Senne Lammens,50,654026,0,0,0,,,
2026-08-07T10:09:18.841877,2627,1,MUN,GK,413,p451302,Altay Bayındır,45,6412,0,0,0,,,
2026-08-07T10:09:18.841877,2627,1,MUN,GK,414,p21205,Tom Heaton,40,9618,0,0,0,,,
2026-08-07T10:09:18.841877,2627,1,MUN,MID,415,p596777,Patrick Dorgu,60,57708,0,0,0,,,
2026-08-07T10:09:18.841877,2627,1,MUN,DEF,416,p209365,Matthijs de Ligt,50,0,0,0,0,Back injury - Unknown return date,0,
2026-08-07T10:09:18.841877,2627,1,MUN,DEF,417,p216051,Diogo Dalot Teixeira,50,96180,0,0,0,,,
2026-08-07T10:09:18.841877,2627,1,MUN,DEF,418,p95658,Harry Maguire,50,269305,0,0,0,,,
2026-08-07T10:09:18.841877,2627,1,MUN,DEF,419,p221820,Lisandro Martínez,50,19236,0,0,0,Thigh injury - 75% chance of playing,75,
2026-08-07T10:09:18.841877,2627,1,MUN,DEF,420,p550864,Leny Yoro,50,22442,0,0,0,,,
2026-08-07T10:09:18.841877,2627,1,MUN,DEF,421,p606745,Ayden Heaven,45,9618,0,0,0,,,
2026-08-07T10:09:18.841877,2627,1,MUN,DEF,422,p230001,Noussair Mazraoui,45,22442,0,0,0,,,
2026-08-07T10:09:18.841877,2627,1,MUN,DEF,423,p106760,Luke Shaw,45,795090,0,0,0,,,
2026-08-07T10:09:18.841877,2627,1,MUN,DEF,424,p577974,Harry Amass,40,6412,0,0,0,,,
2026-08-07T10:09:18.841877,2627,1,MUN,DEF,425,p547676,Tyler Fredricson,40,3206,0,0,0,,,
2026-08-07T10:09:18.841877,2627,1,MUN,MID,426,p141746,Bruno Borges Fernandes,120,1561327,0,0,0,,,
2026-08-07T10:09:18.841877,2627,1,MUN,MID,427,p446008,Bryan Mbeumo,80,589906,0,0,0,,,
2026-08-07T10:09:18.841877,2627,1,MUN,MID,428,p430871,Matheus Santos Carneiro da Cunha,80,452047,0,0,0,,,
2026-08-07T10:09:18.841877,2627,1,MUN,MID,429,p176297,Marcus Rashford,70,44884,0,0,0,,,
2026-08-07T10:09:18.841877,2627,1,MUN,MID,430,p184341,Mason Mount,55,6412,0,0,0,,,
2026-08-07T10:09:18.841877,2627,1,MUN,MID,431,p493250,Amad Diallo,60,51296,0,0,0,,,
2026-08-07T10:09:18.841877,2627,1,MUN,MID,432,p516895,Kobbie Mainoo,55,41678,0,0,0,,,
2026-08-07T10:09:18.841877,2627,1,MUN,MID,433,p232112,Manuel Ugarte Ribeiro,50,0,0,0,0,Knee injury - Unknown return date,0,
2026-08-07T10:09:18.841877,2627,1,MUN,MID,434,p547037,Jack Fletcher,50,0,0,0,0,,,
2026-08-07T10:09:18.841877,2627,1,MUN,MID,435,p576628,Shea Lacey,50,3206,0,0,0,,,
2026-08-07T10:09:18.841877,2627,1,MUN,MID,436,p490881,Toby Collyer,50,0,0,0,0,,,
2026-08-07T10:09:18.841877,2627,1,MUN,MID,437,p576620,Bendito Mantato,45,6412,0,0,0,,,
2026-08-07T10:09:18.841877,2627,1,MUN,MID,438,p519913,Tyler Fletcher,45,9618,0,0,0,,,
2026-08-07T10:09:18.841877,2627,1,MUN,FWD,439,p485711,Benjamin Sesko,70,86562,0,0,0,Shin injury - 75% chance of playing,75,
2026-08-07T10:09:18.841877,2627,1,MUN,FWD,440,p458249,Joshua Zirkzee,55,22442,0,0,0,,,
2026-08-07T10:09:18.841877,2627,1,MUN,FWD,441,p596047,Chido Obi,45,38472,0,0,0,,,
2026-08-07T10:09:18.841877,2627,1,NEW,GK,442,p98747,Nick Pope,50,35266,0,0,0,,,
2026-08-07T10:09:18.841877,2627,1,NEW,GK,443,p81441,Mark Gillespie,45,0,0,0,0,,,
2026-08-07T10:09:18.841877,2627,1,NEW,GK,444,p554578,Ewen Jaouen,45,3206,0,0,0,,,
2026-08-07T10:09:18.841877,2627,1,NEW,DEF,445,p465642,Malick Thiaw,50,64120,0,0,0,,,
2026-08-07T10:09:18.841877,2627,1,NEW,DEF,446,p119471,Fabian Schär,50,6412,0,0,0,,100,
2026-08-07T10:09:18.841877,2627,1,NEW,DEF,447,p220237,Sven Botman,50,12824,0,0,0,,,
2026-08-07T10:09:18.841877,2627,1,NEW,DEF,448,p78916,Dan Burn,50,86562,0,0,0,,,
2026-08-07T10:09:18.841877,2627,1,NEW,DEF,449,p487838,Lewis Hall,50,131446,0,0,0,,,
2026-08-07T10:09:18.841877,2627,1,NEW,DEF,450,p441191,Tino Livramento,50,3206,0,0,0,Calf injury - 75% chance of playing,75,
2026-08-07T10:09:18.841877,2627,1,NEW,DEF,451,p545477,Alex Murphy,40,25648,0,0,0,,,
2026-08-07T10:09:18.841877,2627,1,NEW,MID,452,p208706,Bruno Guimarães Rodriguez Moura,70,298159,0,0,0,,,
2026-08-07T10:09:18.841877,2627,1,NEW,MID,453,p201666,Harvey Barnes,60,38472,0,0,0,,,
2026-08-07T10:09:18.841877,2627,1,NEW,MID,454,p449434,Anthony Elanga,60,22442,0,0,0,,,
2026-08-07T10:09:18.841877,2627,1,NEW,MID,456,p232653,Jacob Ramsey,50,16030,0,0,0,,,
2026-08-07T10:09:18.841877,2627,1,NEW,MID,457,p114243,Jacob Murphy,60,6412,0,0,0,,,
2026-08-07T10:09:18.841877,2627,1,NEW,MID,458,p180974,Joelinton Cássio Apolinário de Lira,55,0,0,0,0,Thigh injury - 75% chance of playing,75,
2026-08-07T10:09:18.841877,2627,1,NEW,MID,459,p547719,Lewis Miley,55,0,0,0,0,Leg injury - Expected back 30 Aug,0,3
2026-08-07T10:09:18.841877,2627,1,NEW,MID,460,p200089,Joe Willock,50,3206,0,0,0,,,
2026-08-07T10:09:18.841877,2627,1,NEW,MID,461,p611665,Bazoumana Touré,60,6412,0,0,0,,,
2026-08-07T10:09:18.841877,2627,1,NEW,MID,462,p636852,Sean Steur,50,3206,0,0,0,,,
2026-08-07T10:09:18.841877,2627,1,NEW,FWD,463,p470313,Nick Woltemade,60,54502,0,0,0,,,
2026-08-07T10:09:18.841877,2627,1,NEW,FWD,464,p216646,Yoane Wissa,60,44884,0,0,0,,,
2026-08-07T10:09:18.841877,2627,1,NEW,FWD,465,p538207,William Osula,60,51296,0,0,0,,,
2026-08-07T10:09:18.841877,2627,1,NEW,FWD,466,p599303,Sean Neave,45,22442,0,0,0,,,
2026-08-07T10:09:18.841877,2627,1,NEW,MID,559,p632794,Aladji Bamba,50,3206,0,0,0,,,
2026-08-07T10:09:18.841877,2627,1,NEW,GK,567,p470551,Lukás Hornícek,50,6412,0,0,0,,,
2026-08-07T10:09:18.841877,2627,1,NFO,GK,467,p85633,Matz Sels,50,44884,0,0,0,,,
2026-08-07T10:09:18.841877,2627,1,NFO,GK,468,p221389,John Victor Maciel Furtado,45,3206,0,0,0,,,
2026-08-07T10:09:18.841877,2627,1,NFO,DEF,469,p215136,Neco Williams,50,413575,0,0,0,,,
2026-08-07T10:09:18.841877,2627,1,NFO,DEF,470,p485047,Felipe Rodrigues da Silva,50,3206,0,0,0,,,
2026-08-07T10:09:18.841877,2627,1,NFO,DEF,471,p227444,Nikola Milenković,55,73738,0,0,0,,,
2026-08-07T10:09:18.841877,2627,1,NFO,DEF,472,p575476,Murillo Costa dos Santos,55,6412,0,0,0,Muscular injury - 75% chance of playing,75,
2026-08-07T10:09:18.841877,2627,1,NFO,DEF,473,p159506,Ola Aina,45,144270,0,0,0,,,
2026-08-07T10:09:18.841877,2627,1,NFO,DEF,474,p575458,Jair Paula da Cunha Filho,45,12824,0,0,0,,,
2026-08-07T10:09:18.841877,2627,1,NFO,DEF,475,p500151,Nicolò Savona,45,0,0,0,0,Knee injury - Unknown return date,0,
2026-08-07T10:09:18.841877,2627,1,NFO,DEF,476,p204822,Omar Richards,40,6412,0,0,0,,,
2026-08-07T10:09:18.841877,2627,1,NFO,DEF,477,p549067,Zach Abbott,40,6412,0,0,0,,,
2026-08-07T10:09:18.841877,2627,1,NFO,DEF,478,p470315,Luca Netz,45,0,0,0,0,,,
2026-08-07T10:09:18.841877,2627,1,NFO,DEF,479,p538638,Tyler Bindon,40,6412,0,0,0,,,
2026-08-07T10:09:18.841877,2627,1,NFO,MID,480,p222531,Morgan Gibbs-White,80,371897,0,0,0,,,
2026-08-07T10:09:18.841877,2627,1,NFO,MID,482,p209046,Callum Hudson-Odoi,60,0,0,0,0,Thigh injury - 75% chance of playing,75,
2026-08-07T10:09:18.841877,2627,1,NFO,MID,483,p456512,Dan Ndoye,55,16030,0,0,0,,,
2026-08-07T10:09:18.841877,2627,1,NFO,MID,484,p503301,Omari Hutchinson,55,6412,0,0,0,,,
2026-08-07T10:09:18.841877,2627,1,NFO,MID,485,p476887,Dilane Bakwa,55,0,0,0,0,,,
2026-08-07T10:09:18.841877,2627,1,NFO,MID,486,p432714,James McAtee,55,3206,0,0,0,,,
2026-08-07T10:09:18.841877,2627,1,NFO,MID,487,p250199,Nicolás Domínguez,50,3206,0,0,0,,,
2026-08-07T10:09:18.841877,2627,1,NFO,MID,488,p210462,Ibrahim Sangaré,50,16030,0,0,0,,,
2026-08-07T10:09:18.841877,2627,1,NFO,MID,489,p204968,Ryan Yates,45,230832,0,0,0,,,
2026-08-07T10:09:18.841877,2627,1,NFO,FWD,490,p60689,Chris Wood,60,57708,0,0,0,,,
2026-08-07T10:09:18.841877,2627,1,NFO,FWD,491,p482973,Igor Jesus Maciel da Cruz,60,160300,0,0,0,,,
2026-08-07T10:09:18.841877,2627,1,NFO,FWD,492,p210156,Taiwo Awoniyi,55,12824,0,0,0,,,
2026-08-07T10:09:18.841877,2627,1,NFO,FWD,493,p465680,Arnaud Kalimuendo,55,3206,0,0,0,,,
2026-08-07T10:09:18.841877,2627,1,NFO,MID,558,p204561,Xaver Schlager,50,3206,0,0,0,,,
2026-08-07T10:09:18.841877,2627,1,TOT,DEF,112,p469142,Jan Paul van Hecke,50,266098,0,0,0,,,
2026-08-07T10:09:18.841877,2627,1,TOT,MID,455,p432422,Sandro Tonali,55,131446,0,0,0,,,
2026-08-07T10:09:18.841877,2627,1,TOT,GK,494,p184254,Guglielmo Vicario,45,48090,0,0,0,,,
2026-08-07T10:09:18.841877,2627,1,TOT,GK,495,p214572,Brandon Austin,40,19236,0,0,0,,,
2026-08-07T10:09:18.841877,2627,1,TOT,GK,496,p485055,Antonín Kinský,45,612348,0,0,0,,,
2026-08-07T10:09:18.841877,2627,1,TOT,GK,497,p67089,Martin Dubravka,40,763030,0,0,0,,,
2026-08-07T10:09:18.841877,2627,1,TOT,DEF,498,p221466,Marcos Senesi Barón,60,346249,0,0,0,,,
2026-08-07T10:09:18.841877,2627,1,TOT,DEF,499,p441164,Pedro Porro Sauceda,55,759824,0,0,0,,,
2026-08-07T10:09:18.841877,2627,1,TOT,DEF,500,p221632,Cristian Romero,50,35266,0,0,0,,,
2026-08-07T10:09:18.841877,2627,1,TOT,DEF,501,p135720,Kevin Danso,50,6412,0,0,0,,,
2026-08-07T10:09:18.841877,2627,1,TOT,DEF,502,p122798,Andrew Robertson,45,60914,0,0,0,,,
2026-08-07T10:09:18.841877,2627,1,TOT,DEF,503,p491279,Micky van de Ven,50,208390,0,0,0,,,
2026-08-07T10:09:18.841877,2627,1,TOT,DEF,505,p232859,Djed Spence,45,294953,0,0,0,,,
2026-08-07T10:09:18.841877,2627,1,TOT,DEF,506,p487053,Destiny Udogie,45,12824,0,0,0,,,
2026-08-07T10:09:18.841877,2627,1,TOT,DEF,507,p548308,Ashley Phillips,45,3206,0,0,0,,,
2026-08-07T10:09:18.841877,2627,1,TOT,DEF,508,p115556,Ben Davies,40,25648,0,0,0,,,
2026-08-07T10:09:18.841877,2627,1,TOT,DEF,509,p640419,Jun'ai Byfield,40,3206,0,0,0,,,
2026-08-07T10:09:18.841877,2627,1,TOT,DEF,510,p499716,James Rowswell,40,3206,0,0,0,,,
2026-08-07T10:09:18.841877,2627,1,TOT,DEF,511,p616221,João Victor de Souza Menezes,40,9618,0,0,0,,,
2026-08-07T10:09:18.841877,2627,1,TOT,MID,512,p460842,Mohammed Kudus,65,6412,0,0,0,Thigh injury - 75% chance of playing,75,
2026-08-07T10:09:18.841877,2627,1,TOT,MID,513,p493362,Xavi Simons,60,0,0,0,0,Knee injury - Unknown return date,0,
2026-08-07T10:09:18.841877,2627,1,TOT,MID,514,p511499,Mathys Tel,60,12824,0,0,0,,,
2026-08-07T10:09:18.841877,2627,1,TOT,MID,515,p172780,James Maddison,65,64120,0,0,0,,,
2026-08-07T10:09:18.841877,2627,1,TOT,MID,516,p202993,Rodrigo Bentancur,55,3206,0,0,0,,,
2026-08-07T10:09:18.841877,2627,1,TOT,MID,517,p550839,Wilson Odobert,55,0,0,0,0,Knee injury - Unknown return date,0,
2026-08-07T10:09:18.841877,2627,1,TOT,MID,518,p482442,Pape Matar Sarr,50,12824,0,0,0,,,
2026-08-07T10:09:18.841877,2627,1,TOT,MID,519,p232787,Conor Gallagher,55,6412,0,0,0,,,
2026-08-07T10:09:18.841877,2627,1,TOT,MID,520,p570526,Lucas Bergvall,55,6412,0,0,0,,,
2026-08-07T10:09:18.841877,2627,1,TOT,MID,521,p445044,Dejan Kulusevski,65,0,0,0,0,Knee injury - Unknown return date,0,
2026-08-07T10:09:18.841877,2627,1,TOT,MID,522,p547701,Archie Gray,50,6412,0,0,0,,,
2026-08-07T10:09:18.841877,2627,1,TOT,MID,523,p499721,Mikey Moore,50,3206,0,0,0,,,
2026-08-07T10:09:18.841877,2627,1,TOT,MID,524,p499726,Callum Olusesi,45,28854,0,0,0,,,
2026-08-07T10:09:18.841877,2627,1,TOT,MID,525,p551226,Mateus Fernandes,60,112210,0,0,0,,,
2026-08-07T10:09:18.841877,2627,1,TOT,FWD,526,p154566,Dominic Solanke-Mitchell,60,86562,0,0,0,,,
2026-08-07T10:09:18.841877,2627,1,TOT,FWD,527,p212319,Richarlison de Andrade,60,60914,0,0,0,,,
2026-08-07T10:09:18.841877,2627,1,TOT,FWD,528,p490145,Dane Scarlett,45,54502,0,0,0,,,
2026-08-07T10:09:18.841877,2627,1,SUN,GK,529,p498016,Robin Roefs,50,163506,0,0,0,,,
2026-08-07T10:09:18.841877,2627,1,SUN,GK,530,p232571,Anthony Patterson,40,32060,0,0,0,,,
2026-08-07T10:09:18.841877,2627,1,SUN,GK,531,p515046,Melker Ellborg,45,3206,0,0,0,,,
2026-08-07T10:09:18.841877,2627,1,SUN,DEF,532,p223827,Daniel Ballard,50,115416,0,0,0,,,
2026-08-07T10:09:18.841877,2627,1,SUN,DEF,533,p200834,Nordi Mukiele,55,243656,0,0,0,,,
2026-08-07T10:09:18.841877,2627,1,SUN,DEF,534,p487676,Trai Hume,45,76944,0,0,0,,,
2026-08-07T10:09:18.841877,2627,1,SUN,DEF,535,p201895,Omar Alderete,50,38472,0,0,0,,,
2026-08-07T10:09:18.841877,2627,1,SUN,DEF,536,p434399,Reinildo Mandava,45,16030,0,0,0,,,
2026-08-07T10:09:18.841877,2627,1,SUN,DEF,537,p519634,Jenson Seelt,45,0,0,0,0,,,
2026-08-07T10:09:18.841877,2627,1,SUN,DEF,538,p477547,Leo Fuhr Hjelde,40,9618,0,0,0,,,
2026-08-07T10:09:18.841877,2627,1,SUN,DEF,539,p167512,Luke O'Nien,40,73738,0,0,0,,,
2026-08-07T10:09:18.841877,2627,1,SUN,DEF,540,p105717,Arthur Masuaku,40,44884,0,0,0,,,
2026-08-07T10:09:18.841877,2627,1,SUN,DEF,541,p93605,Thomas Meunier,45,16030,0,0,0,,,
2026-08-07T10:09:18.841877,2627,1,SUN,MID,542,p484420,Enzo Le Fée,60,407163,0,0,0,,,
2026-08-07T10:09:18.841877,2627,1,SUN,MID,543,p547027,Habib Diarra,55,3206,0,0,0,,,
2026-08-07T10:09:18.841877,2627,1,SUN,MID,544,p84450,Granit Xhaka,55,185948,0,0,0,,,
2026-08-07T10:09:18.841877,2627,1,SUN,MID,545,p577669,Noah Sadiki,50,12824,0,0,0,,,
2026-08-07T10:09:18.841877,2627,1,SUN,MID,546,p535818,Simon Adingra,50,9618,0,0,0,,,
2026-08-07T10:09:18.841877,2627,1,SUN,MID,547,p461199,Romaine Mundle,50,0,0,0,0,,,
2026-08-07T10:09:18.841877,2627,1,SUN,MID,548,p554197,Chris Rigg,50,3206,0,0,0,,,
2026-08-07T10:09:18.841877,2627,1,SUN,MID,549,p549912,Chemsdine Talbi,55,6412,0,0,0,,,
2026-08-07T10:09:18.841877,2627,1,SUN,MID,550,p699989,Djiamgone Jocelin Ta Bi,50,0,0,0,0,,,
2026-08-07T10:09:18.841877,2627,1,SUN,MID,551,p536661,Nilson Angulo,50,3206,0,0,0,,,
2026-08-07T10:09:18.841877,2627,1,SUN,FWD,552,p441264,Brian Brobbey,60,628378,0,0,0,,,
2026-08-07T10:09:18.841877,2627,1,SUN,FWD,553,p437505,Wilson Isidor,55,38472,0,0,0,,,
2026-08-08T09:51:35.935910,2627,1,ARS,GK,1,p154561,David Raya Martín,60,1034457,0,0,0,,,
2026-08-08T09:51:35.935910,2627,1,ARS,GK,2,p109745,Kepa Arrizabalaga Revuelta,50,3347,0,0,0,,,
2026-08-08T09:51:35.935910,2627,1,ARS,GK,3,p437495,Illan Meslier,50,3347,0,0,0,,,
2026-08-08T09:51:35.935910,2627,1,ARS,DEF,4,p226597,Gabriel dos Santos Magalhães,80,883808,0,0,0,,,
2026-08-08T09:51:35.935910,2627,1,ARS,DEF,5,p445122,Jurriën Timber,65,16738,0,0,0,Groin injury - Expected back 21 Aug,0,1
2026-08-08T09:51:35.935910,2627,1,ARS,DEF,6,p462424,William Saliba,60,16738,0,0,0,Back injury - Unknown return date,0,
2026-08-08T09:51:35.935910,2627,1,ARS,MID,7,p499169,Myles Lewis-Skelly,55,10043,0,0,0,,,
2026-08-08T09:51:35.935910,2627,1,ARS,DEF,8,p466075,Riccardo Calafiori,55,549032,0,0,0,,,
2026-08-08T09:51:35.935910,2627,1,ARS,DEF,9,p448104,Piero Hincapié,55,140605,0,0,0,,,
2026-08-08T09:51:35.935910,2627,1,ARS,DEF,10,p198869,Benjamin White,55,13391,0,0,0,,100,
2026-08-08T09:51:35.935910,2627,1,ARS,DEF,11,p500040,Cristhian Mosquera,55,538989,0,0,0,,,
2026-08-08T09:51:35.935910,2627,1,ARS,MID,12,p223340,Bukayo Saka,95,358210,0,0,0,,,
2026-08-08T09:51:35.935910,2627,1,ARS,MID,13,p204480,Declan Rice,75,749898,0,0,0,,,
2026-08-08T09:51:35.935910,2627,1,ARS,MID,14,p232413,Eberechi Eze,65,107128,0,0,0,,,
2026-08-08T09:51:35.935910,2627,1,ARS,MID,15,p184029,Martin Ødegaard,65,100432,0,0,0,,,
2026-08-08T09:51:35.935910,2627,1,ARS,MID,16,p248857,Noni Madueke,65,13391,0,0,0,,,
2026-08-08T09:51:35.935910,2627,1,ARS,MID,17,p195384,Mikel Merino Zazón,60,40173,0,0,0,,,
2026-08-08T09:51:35.935910,2627,1,ARS,MID,18,p444145,Gabriel Martinelli Silva,65,10043,0,0,0,,,
2026-08-08T09:51:35.935910,2627,1,ARS,MID,19,p481655,Martín Zubimendi Ibáñez,55,50216,0,0,0,,,
2026-08-08T09:51:35.935910,2627,1,ARS,MID,20,p616077,Max Dowman,55,6695,0,0,0,,,
2026-08-08T09:51:35.935910,2627,1,ARS,MID,22,p499175,Ethan Nwaneri,55,0,0,0,0,,,
2026-08-08T09:51:35.935910,2627,1,ARS,MID,23,p438098,Fábio Ferreira Vieira,55,0,0,0,0,,,
2026-08-08T09:51:35.935910,2627,1,ARS,MID,24,p200641,Reiss Nelson,55,0,0,0,0,,,
2026-08-08T09:51:35.935910,2627,1,ARS,FWD,25,p224117,Viktor Gyökeres,75,441904,0,0,0,,,
2026-08-08T09:51:35.935910,2627,1,ARS,FWD,26,p219847,Kai Havertz,75,130562,0,0,0,,,
2026-08-08T09:51:35.935910,2627,1,ARS,FWD,27,p205651,Gabriel Fernando de Jesus,60,13391,0,0,0,,,
2026-08-08T09:51:35.935910,2627,1,ARS,MID,557,p439509,Christos Tzolis,65,76998,0,0,0,,,
2026-08-08T09:51:35.935910,2627,1,AVL,GK,28,p98980,Emiliano Martínez Romero,50,157344,0,0,0,,,
2026-08-08T09:51:35.935910,2627,1,AVL,GK,29,p72147,Marco Bizot,45,3347,0,0,0,,,
2026-08-08T09:51:35.935910,2627,1,AVL,DEF,30,p101188,Lucas Digne,45,46868,0,0,0,,,
2026-08-08T09:51:35.935910,2627,1,AVL,DEF,31,p199798,Ezri Konsa Ngoyo,45,562423,0,0,0,,,
2026-08-08T09:51:35.935910,2627,1,AVL,DEF,32,p199796,Matty Cash,45,261125,0,0,0,,,
2026-08-08T09:51:35.935910,2627,1,AVL,DEF,33,p149484,Tyrone Mings,45,6695,0,0,0,,,
2026-08-08T09:51:35.935910,2627,1,AVL,DEF,34,p244954,Pau Torres,45,10043,0,0,0,,,
2026-08-08T09:51:35.935910,2627,1,AVL,MID,35,p515597,Lamare Bogarde,50,3347,0,0,0,,,
2026-08-08T09:51:35.935910,2627,1,AVL,DEF,36,p441302,Ian Maatsen,45,20086,0,0,0,,,
2026-08-08T09:51:35.935910,2627,1,AVL,DEF,37,p184667,Victor Lindelöf,45,6695,0,0,0,,,
2026-08-08T09:51:35.935910,2627,1,AVL,DEF,38,p606798,Andrés García,40,53564,0,0,0,,,
2026-08-08T09:51:35.935910,2627,1,AVL,DEF,39,p578545,Kosta Nedeljkovic,40,16738,0,0,0,,,
2026-08-08T09:51:35.935910,2627,1,AVL,MID,41,p195546,Emiliano Buendía Stati,60,30129,0,0,0,,,
2026-08-08T09:51:35.935910,2627,1,AVL,MID,42,p485337,Evann Guessand,55,0,0,0,0,,,
2026-08-08T09:51:35.935910,2627,1,AVL,MID,44,p215711,Leon Bailey,55,3347,0,0,0,,,
2026-08-08T09:51:35.935910,2627,1,AVL,MID,45,p122806,John McGinn,55,90389,0,0,0,,,
2026-08-08T09:51:35.935910,2627,1,AVL,MID,46,p88894,Ross Barkley,50,6695,0,0,0,,,
2026-08-08T09:51:35.935910,2627,1,AVL,MID,47,p226944,Boubacar Kamara,50,3347,0,0,0,,100,
2026-08-08T09:51:35.935910,2627,1,AVL,MID,48,p449871,Amadou Onana,50,0,0,0,0,Knee injury - Unknown return date,0,
2026-08-08T09:51:35.935910,2627,1,AVL,MID,49,p469247,Samuel Iling-Junior,50,0,0,0,0,,,
2026-08-08T09:51:35.935910,2627,1,AVL,MID,50,p645618,Bradley Burrowes,45,30129,0,0,0,,,
2026-08-08T09:51:35.935910,2627,1,AVL,MID,51,p577285,George Hemmings,45,10043,0,0,0,,,
2026-08-08T09:51:35.935910,2627,1,AVL,MID,52,p653481,Alysson Edward Franco da Rocha dos Santos,50,0,0,0,0,,,
2026-08-08T09:51:35.935910,2627,1,AVL,MID,53,p614071,Johan Manzambi,60,73650,0,0,0,,,
2026-08-08T09:51:35.935910,2627,1,AVL,MID,54,p448089,Joao Gomes,55,10043,0,0,0,,,
2026-08-08T09:51:35.935910,2627,1,AVL,FWD,55,p178301,Ollie Watkins,80,425165,0,0,0,,,
2026-08-08T09:51:35.935910,2627,1,AVL,FWD,56,p173879,Tammy Abraham,55,3347,0,0,0,,100,
2026-08-08T09:51:35.935910,2627,1,AVL,MID,160,p493105,Alejandro Garnacho Ferreyra,60,33477,0,0,0,,,
2026-08-08T09:51:35.935910,2627,1,BOU,GK,57,p457569,Đorđe Petrović,45,123867,0,0,0,,,
2026-08-08T09:51:35.935910,2627,1,BOU,GK,58,p40383,Fraser Forster,40,103780,0,0,0,,,
2026-08-08T09:51:35.935910,2627,1,BOU,GK,59,p444172,Will Dennis,40,6695,0,0,0,,,
2026-08-08T09:51:35.935910,2627,1,BOU,DEF,60,p463981,James Hill,55,43520,0,0,0,,,
2026-08-08T09:51:35.935910,2627,1,BOU,DEF,61,p494521,Adrien Truffert,55,160692,0,0,0,,,
2026-08-08T09:51:35.935910,2627,1,BOU,DEF,62,p242882,Bafodé Diakité,50,6695,0,0,0,,,
2026-08-08T09:51:35.935910,2627,1,BOU,DEF,63,p620487,Veljko Milosavljevic,50,3347,0,0,0,Unspecified injury - Unknown return date,0,
2026-08-08T09:51:35.935910,2627,1,BOU,DEF,64,p54469,Adam Smith,45,3347,0,0,0,,,
2026-08-08T09:51:35.935910,2627,1,BOU,DEF,65,p436893,Julián Araujo Zúñiga,45,3347,0,0,0,,,
2026-08-08T09:51:35.935910,2627,1,BOU,DEF,66,p575901,Julio Soler Barreto,40,20086,0,0,0,,,
2026-08-08T09:51:35.935910,2627,1,BOU,MID,67,p499604,Rayan Vitor Simplício Rocha,65,117171,0,0,0,,,
2026-08-08T09:51:35.935910,2627,1,BOU,MID,68,p201658,Marcus Tavernier,60,63607,0,0,0,,,
2026-08-08T09:51:35.935910,2627,1,BOU,MID,69,p503139,Alex Scott,60,53564,0,0,0,,,
2026-08-08T09:51:35.935910,2627,1,BOU,MID,70,p222683,Justin Kluivert,60,36825,0,0,0,,,
2026-08-08T09:51:35.935910,2627,1,BOU,MID,71,p155408,Lewis Cook,50,3347,0,0,0,,,
2026-08-08T09:51:35.935910,2627,1,BOU,MID,72,p496208,Ben Gannon-Doak,50,3347,0,0,0,,,
2026-08-08T09:51:35.935910,2627,1,BOU,MID,73,p200785,Tyler Adams,50,23434,0,0,0,,,
2026-08-08T09:51:35.935910,2627,1,BOU,MID,74,p111317,David Brooks,50,6695,0,0,0,,,
2026-08-08T09:51:35.935910,2627,1,BOU,MID,75,p158499,Ryan Christie,50,0,0,0,0,Suspended until 29 Aug,0,2
2026-08-08T09:51:35.935910,2627,1,BOU,MID,76,p614574,Alex Tóth,50,0,0,0,0,,,
2026-08-08T09:51:35.935910,2627,1,BOU,MID,77,p489888,Amine Adli,50,6695,0,0,0,,,
2026-08-08T09:51:35.935910,2627,1,BOU,MID,78,p560262,Junior Kroupi,75,150649,0,0,0,Foot injury - Unknown return date,0,
2026-08-08T09:51:35.935910,2627,1,BOU,FWD,79,p444102,Francisco Evanilson de Lima Barbosa,60,66955,0,0,0,,,
2026-08-08T09:51:35.935910,2627,1,BOU,FWD,80,p168636,Enes Ünal,55,6695,0,0,0,,,
2026-08-08T09:51:35.935910,2627,1,BOU,FWD,81,p561245,Álvaro Rodríguez,60,10043,0,0,0,,,
2026-08-08T09:51:35.935910,2627,1,BOU,DEF,566,p483067,António João Pereira de Albuquerque Tavares da Silva,50,6695,0,0,0,,,
2026-08-08T09:51:35.935910,2627,1,BOU,DEF,573,p494928,Juanlu Sánchez,45,0,0,0,0,,,
2026-08-08T09:51:35.935910,2627,1,BRE,GK,82,p200720,Caoimhín Kelleher,50,187474,0,0,0,,,
2026-08-08T09:51:35.935910,2627,1,BRE,GK,83,p507433,Hákon Rafn Valdimarsson,45,3347,0,0,0,,,
2026-08-08T09:51:35.935910,2627,1,BRE,DEF,84,p432830,Nathan Collins,55,66955,0,0,0,,,
2026-08-08T09:51:35.935910,2627,1,BRE,DEF,85,p444765,Sepp van den Berg,50,23434,0,0,0,,,
2026-08-08T09:51:35.935910,2627,1,BRE,MID,86,p249231,Keane Lewis-Potter,55,16738,0,0,0,,,
2026-08-08T09:51:35.935910,2627,1,BRE,DEF,87,p191866,Kristoffer Ajer,45,53564,0,0,0,,,
2026-08-08T09:51:35.935910,2627,1,BRE,DEF,88,p607464,Michael Kayode,45,130562,0,0,0,,,
2026-08-08T09:51:35.935910,2627,1,BRE,DEF,89,p194010,Rico Henry,45,6695,0,0,0,,,
2026-08-08T09:51:35.935910,2627,1,BRE,DEF,90,p472713,Aaron Hickey,45,3347,0,0,0,,,
2026-08-08T09:51:35.935910,2627,1,BRE,DEF,91,p231065,Ethan Pinnock,45,3347,0,0,0,,,
2026-08-08T09:51:35.935910,2627,1,BRE,DEF,92,p570241,Kim Ji-soo,45,0,0,0,0,,,
2026-08-08T09:51:35.935910,2627,1,BRE,DEF,93,p513086,Jannik Schuster,45,3347,0,0,0,,,
2026-08-08T09:51:35.935910,2627,1,BRE,MID,94,p513418,Kevin Schade,60,70302,0,0,0,,,
2026-08-08T09:51:35.935910,2627,1,BRE,MID,95,p533463,Dango Ouattara,65,46868,0,0,0,,,
2026-08-08T09:51:35.935910,2627,1,BRE,MID,96,p440089,Mikkel Damsgaard,55,23434,0,0,0,,,
2026-08-08T09:51:35.935910,2627,1,BRE,MID,97,p207283,Mathias Jensen,55,3347,0,0,0,,,
2026-08-08T09:51:35.935910,2627,1,BRE,MID,98,p204580,Vitaly Janelt,50,3347,0,0,0,,,
2026-08-08T09:51:35.935910,2627,1,BRE,MID,99,p543295,Antoni Milambo,50,0,0,0,0,Knee injury - 75% chance of playing,75,
2026-08-08T09:51:35.935910,2627,1,BRE,MID,100,p244858,Fábio Freitas Gouveia Carvalho,50,0,0,0,0,Lack of match fitness - 25% chance of playing,25,
2026-08-08T09:51:35.935910,2627,1,BRE,MID,102,p508395,Yehor Yarmoliuk,50,50216,0,0,0,,,
2026-08-08T09:51:35.935910,2627,1,BRE,MID,103,p183656,Josh Dasilva,50,0,0,0,0,,,
2026-08-08T09:51:35.935910,2627,1,BRE,MID,105,p444180,Jaidon Anthony,60,6695,0,0,0,,,
2026-08-08T09:51:35.935910,2627,1,BRE,FWD,106,p502500,Igor Thiago Nascimento Rodrigues,80,538989,0,0,0,,,
2026-08-08T09:51:35.935910,2627,1,BRE,FWD,107,p593174,Kaye Furo,45,30129,0,0,0,,,
2026-08-08T09:51:35.935910,2627,1,BRE,FWD,108,p75115,Callum Wilson,55,13391,0,0,0,,,
2026-08-08T09:51:35.935910,2627,1,BRE,MID,565,p513545,Mamadou Sangaré,55,40173,0,0,0,,,
2026-08-08T09:51:35.935910,2627,1,BHA,GK,109,p489639,Bart Verbruggen,45,565771,0,0,0,,,
2026-08-08T09:51:35.935910,2627,1,BHA,GK,111,p49262,Jason Steele,40,150649,0,0,0,,,
2026-08-08T09:51:35.935910,2627,1,BHA,DEF,113,p231416,Ferdi Kadıoğlu,45,97085,0,0,0,,,
2026-08-08T09:51:35.935910,2627,1,BHA,DEF,114,p204120,Olivier Boscagli,45,3347,0,0,0,,,
2026-08-08T09:51:35.935910,2627,1,BHA,DEF,115,p465730,Maxim De Cuyper,45,46868,0,0,0,,,
2026-08-08T09:51:35.935910,2627,1,BHA,DEF,116,p83299,Lewis Dunk,45,26782,0,0,0,,,
2026-08-08T09:51:35.935910,2627,1,BHA,DEF,117,p550090,Diego Coppola,45,0,0,0,0,,,
2026-08-08T09:51:35.935910,2627,1,BHA,DEF,118,p223434,Igor Julio dos Santos de Paulo,45,3347,0,0,0,,,
2026-08-08T09:51:35.935910,2627,1,BHA,DEF,119,p451490,João Pedro Loureiro da Costa,45,0,0,0,0,,,
2026-08-08T09:51:35.935910,2627,1,BHA,DEF,120,p454490,Michael Svoboda,50,3347,0,0,0,,,
2026-08-08T09:51:35.935910,2627,1,BHA,MID,121,p451340,Mitoma Kaoru,60,6695,0,0,0,Hamstring injury - Unknown return date,0,
2026-08-08T09:51:35.935910,2627,1,BHA,MID,122,p592031,Yankuba Minteh,60,23434,0,0,0,,,
2026-08-08T09:51:35.935910,2627,1,BHA,MID,123,p532529,Jack Hinshelwood,60,10043,0,0,0,,,
2026-08-08T09:51:35.935910,2627,1,BHA,MID,124,p60307,Pascal Groß,55,301298,0,0,0,,,
2026-08-08T09:51:35.935910,2627,1,BHA,FWD,125,p463067,Georginio Rutter,55,23434,0,0,0,,,
2026-08-08T09:51:35.935910,2627,1,BHA,MID,126,p219249,Matt O'Riley,55,3347,0,0,0,,,
2026-08-08T09:51:35.935910,2627,1,BHA,MID,127,p514254,Diego Gómez Amarilla,50,56911,0,0,0,,,
2026-08-08T09:51:35.935910,2627,1,BHA,MID,128,p536916,Facundo Buonanotte,50,3347,0,0,0,,,
2026-08-08T09:51:35.935910,2627,1,BHA,MID,129,p509416,Yasin Ayari,55,16738,0,0,0,,,
2026-08-08T09:51:35.935910,2627,1,BHA,DEF,130,p467779,Mats Wieffer,50,10043,0,0,0,,,
2026-08-08T09:51:35.935910,2627,1,BHA,MID,131,p535301,Carlos Baleba,50,16738,0,0,0,Ankle injury - Expected back 23 Aug,0,1
2026-08-08T09:51:35.935910,2627,1,BHA,MID,132,p597320,Harry Howell,45,10043,0,0,0,,,
2026-08-08T09:51:35.935910,2627,1,BHA,MID,133,p549074,Tom Watson,50,0,0,0,0,Has joined Leicester City on loan for the rest of the season,0,
2026-08-08T09:51:35.935910,2627,1,BHA,MID,134,p556637,Nehemiah Oriola,45,6695,0,0,0,,,
2026-08-08T09:51:35.935910,2627,1,BHA,MID,135,p700308,Zadok Yohanna,50,3347,0,0,0,,,
2026-08-08T09:51:35.935910,2627,1,BHA,FWD,137,p608181,Stefanos Tzimas,55,0,0,0,0,Knee injury - 75% chance of playing,75,
2026-08-08T09:51:35.935910,2627,1,BHA,FWD,138,p647850,Charalampos Kostoulas,55,10043,0,0,0,,,
2026-08-08T09:51:35.935910,2627,1,BHA,FWD,139,p487117,Evan Ferguson,50,0,0,0,0,Ankle injury - Expected back 10 Oct,0,6
2026-08-08T09:51:35.935910,2627,1,BHA,DEF,328,p222694,Pascal Struijk,50,16738,0,0,0,,,
2026-08-08T09:51:35.935910,2627,1,BHA,DEF,504,p610799,Luka Vušković,50,97085,0,0,0,,,
2026-08-08T09:51:35.935910,2627,1,CHE,MID,40,p244850,Morgan Rogers,75,984241,0,0,0,,,
2026-08-08T09:51:35.935910,2627,1,CHE,MID,101,p56979,Jordan Henderson,50,0,0,0,0,has departed the club as a free agent.,0,
2026-08-08T09:51:35.935910,2627,1,CHE,FWD,136,p50175,Danny Welbeck,60,90389,0,0,0,,,
2026-08-08T09:51:35.935910,2627,1,CHE,GK,140,p215059,Robert Lynch Sánchez,50,63607,0,0,0,,,
2026-08-08T09:51:35.935910,2627,1,CHE,GK,141,p508479,Filip Jörgensen,50,3347,0,0,0,,,
2026-08-08T09:51:35.935910,2627,1,CHE,DEF,142,p225796,Reece James,55,267820,0,0,0,,,
2026-08-08T09:51:35.935910,2627,1,CHE,DEF,143,p180736,Trevoh Chalobah,55,63607,0,0,0,,,
2026-08-08T09:51:35.935910,2627,1,CHE,DEF,144,p482609,Malo Gusto,50,36825,0,0,0,,,
2026-08-08T09:51:35.935910,2627,1,CHE,DEF,145,p444463,Wesley Fofana,50,0,0,0,0,Suspended until 6 Sep,0,3
2026-08-08T09:51:35.935910,2627,1,CHE,DEF,146,p242880,Benoît Badiashile Mukinayi,45,0,0,0,0,,,
2026-08-08T09:51:35.935910,2627,1,CHE,DEF,147,p109646,Tosin Adarabioyo,45,6695,0,0,0,,,
2026-08-08T09:51:35.935910,2627,1,CHE,DEF,148,p551210,Jorrel Hato,45,36825,0,0,0,,,
2026-08-08T09:51:35.935910,2627,1,CHE,DEF,149,p460028,Levi Samuels Colwill,50,56911,0,0,0,,,
2026-08-08T09:51:35.935910,2627,1,CHE,DEF,150,p574458,Mamadou Sarr,45,3347,0,0,0,,,
2026-08-08T09:51:35.935910,2627,1,CHE,DEF,151,p577016,Josh Acheampong,45,6695,0,0,0,,,
2026-08-08T09:51:35.935910,2627,1,CHE,DEF,152,p620109,Marco Palestra,55,50216,0,0,0,,,
2026-08-08T09:51:35.935910,2627,1,CHE,DEF,153,p220362,Axel Disasi,45,3347,0,0,0,,,
2026-08-08T09:51:35.935910,2627,1,CHE,MID,154,p244851,Cole Palmer,95,401731,0,0,0,,,
2026-08-08T09:51:35.935910,2627,1,CHE,MID,155,p448047,Enzo Fernández,70,184126,0,0,0,,,
2026-08-08T09:51:35.935910,2627,1,CHE,MID,156,p247632,Pedro Lomba Neto,65,43520,0,0,0,,,
2026-08-08T09:51:35.935910,2627,1,CHE,MID,157,p624773,Estêvão Almeida de Oliveira Gonçalves,65,60259,0,0,0,,,
2026-08-08T09:51:35.935910,2627,1,CHE,MID,158,p463936,Jamie Bynoe-Gittens,60,3347,0,0,0,,,
2026-08-08T09:51:35.935910,2627,1,CHE,MID,159,p486672,Moisés Caicedo Corozo,55,123867,0,0,0,,,
2026-08-08T09:51:35.935910,2627,1,CHE,MID,161,p514356,Roméo Lavia,50,0,0,0,0,,,
2026-08-08T09:51:35.935910,2627,1,CHE,MID,163,p491007,Dário Luís Essugo,45,6695,0,0,0,,,
2026-08-08T09:51:35.935910,2627,1,CHE,MID,164,p593117,Geovany Quenda,55,3347,0,0,0,,100,
2026-08-08T09:51:35.935910,2627,1,CHE,FWD,165,p475168,João Pedro Junqueira de Jesus,75,1807789,0,0,0,,,
2026-08-08T09:51:35.935910,2627,1,CHE,FWD,166,p517052,Nicolas Jackson,65,13391,0,0,0,,,
2026-08-08T09:51:35.935910,2627,1,CHE,FWD,167,p463034,Liam Delap,55,16738,0,0,0,,,
2026-08-08T09:51:35.935910,2627,1,CHE,FWD,168,p499309,Marc Guiu Paz,50,13391,0,0,0,,,
2026-08-08T09:51:35.935910,2627,1,CHE,FWD,169,p567119,Shumaira Mheuka,45,13391,0,0,0,,,
2026-08-08T09:51:35.935910,2627,1,CHE,FWD,170,p503037,Emmanuel Emegha,50,6695,0,0,0,Hamstring injury - 75% chance of playing,75,
2026-08-08T09:51:35.935910,2627,1,CHE,DEF,200,p437499,Maxence Lacroix,60,398383,0,0,0,,,
2026-08-08T09:51:35.935910,2627,1,CHE,GK,560,p549939,Mike Penders,45,3347,0,0,0,,,
2026-08-08T09:51:35.935910,2627,1,CHE,DEF,561,p622758,Aaron Anselmino,45,0,0,0,0,,,
2026-08-08T09:51:35.935910,2627,1,CHE,MID,568,p543158,Valentín Barco,55,0,0,0,0,,,
2026-08-08T09:51:35.935910,2627,1,COV,MID,104,p428580,Frank Onyeka,50,6695,0,0,0,,,
2026-08-08T09:51:35.935910,2627,1,COV,GK,110,p472739,Carl Rushworth,45,26782,0,0,0,,,
2026-08-08T09:51:35.935910,2627,1,COV,GK,171,p484389,Oliver Dovin,40,90389,0,0,0,,,
2026-08-08T09:51:35.935910,2627,1,COV,GK,172,p110690,Ben Wilson,45,20086,0,0,0,,,
2026-08-08T09:51:35.935910,2627,1,COV,DEF,173,p461102,Bobby Thomas,40,297950,0,0,0,,,
2026-08-08T09:51:35.935910,2627,1,COV,DEF,174,p436761,Liam Kitching,40,13391,0,0,0,,,
2026-08-08T09:51:35.935910,2627,1,COV,DEF,175,p451284,Milan van Ewijk,40,538989,0,0,0,,,
2026-08-08T09:51:35.935910,2627,1,COV,DEF,176,p173878,Jay Dasilva,40,16738,0,0,0,,,
2026-08-08T09:51:35.935910,2627,1,COV,DEF,177,p465390,Kaine Kesler-Hayden,40,3347,0,0,0,,,
2026-08-08T09:51:35.935910,2627,1,COV,DEF,178,p80178,Jake Bidwell,40,3347,0,0,0,,,
2026-08-08T09:51:35.935910,2627,1,COV,DEF,179,p204813,Joel Latibeaudiere,40,3347,0,0,0,,,
2026-08-08T09:51:35.935910,2627,1,COV,DEF,180,p220583,Luke Woolfenden,40,6695,0,0,0,,,
2026-08-08T09:51:35.935910,2627,1,COV,DEF,181,p577411,Miguel Brau,40,3347,0,0,0,,,
2026-08-08T09:51:35.935910,2627,1,COV,DEF,182,p539142,Aurèle Amenda,40,16738,0,0,0,,,
2026-08-08T09:51:35.935910,2627,1,COV,MID,183,p480457,Jack Rudoni,50,10043,0,0,0,Shoulder injury - 75% chance of playing,75,
2026-08-08T09:51:35.935910,2627,1,COV,MID,184,p168144,Matt Grimes,50,6695,0,0,0,,,
2026-08-08T09:51:35.935910,2627,1,COV,MID,185,p501459,Tatsuhiro Sakamoto,50,3347,0,0,0,,,
2026-08-08T09:51:35.935910,2627,1,COV,MID,186,p241293,Ephron Mason-Clark,55,10043,0,0,0,,,
2026-08-08T09:51:35.935910,2627,1,COV,MID,187,p439668,Josh Eccles,50,0,0,0,0,,,
2026-08-08T09:51:35.935910,2627,1,COV,MID,188,p226965,Victor Torp,55,6695,0,0,0,,,
2026-08-08T09:51:35.935910,2627,1,COV,MID,189,p684268,George Shepherd,45,10043,0,0,0,,,
2026-08-08T09:51:35.935910,2627,1,COV,MID,190,p469272,Loum Tchaouna,55,3347,0,0,0,,,
2026-08-08T09:51:35.935910,2627,1,COV,MID,191,p492498,Raphael Borges Rodrigues,45,6695,0,0,0,,,
2026-08-08T09:51:35.935910,2627,1,COV,MID,192,p629397,Kaine Andrews,45,23434,0,0,0,,,
2026-08-08T09:51:35.935910,2627,1,COV,FWD,193,p176412,Haji Wright,55,63607,0,0,0,,,
2026-08-08T09:51:35.935910,2627,1,COV,FWD,194,p230730,Brandon Thomas-Asante,50,30129,0,0,0,,,
2026-08-08T09:51:35.935910,2627,1,COV,FWD,195,p218997,Ellis Simms,50,20086,0,0,0,,,
2026-08-08T09:51:35.935910,2627,1,COV,FWD,196,p551262,Jahnoah Markelo,50,3347,0,0,0,,,
2026-08-08T09:51:35.935910,2627,1,COV,FWD,197,p549653,Norman Bassette,45,13391,0,0,0,Has joined KVC Westerlo on loan for the rest of the season,0,
2026-08-08T09:51:35.935910,2627,1,CRY,GK,198,p172649,Dean Henderson,50,103780,0,0,0,,,
2026-08-08T09:51:35.935910,2627,1,CRY,GK,199,p121709,Walter Benítez,45,3347,0,0,0,,,
2026-08-08T09:51:35.935910,2627,1,CRY,DEF,201,p247348,Daniel Muñoz Mejía,55,391687,0,0,0,,,
2026-08-08T09:51:35.935910,2627,1,CRY,DEF,202,p427623,Chris Richards,50,26782,0,0,0,,,
2026-08-08T09:51:35.935910,2627,1,CRY,DEF,203,p651426,Jaydee Canvot,50,20086,0,0,0,,,
2026-08-08T09:51:35.935910,2627,1,CRY,DEF,204,p244723,Tyrick Mitchell,45,230995,0,0,0,,,
2026-08-08T09:51:35.935910,2627,1,CRY,DEF,205,p218364,Borna Sosa,45,0,0,0,0,,,
2026-08-08T09:51:35.935910,2627,1,CRY,DEF,206,p515621,Chadi Riad Dnanou,45,3347,0,0,0,,,
2026-08-08T09:51:35.935910,2627,1,CRY,DEF,207,p242313,Oscar Mingueza,45,3347,0,0,0,,,
2026-08-08T09:51:35.935910,2627,1,CRY,MID,208,p232185,Ismaïla Sarr,65,301298,0,0,0,,,
2026-08-08T09:51:35.935910,2627,1,CRY,MID,209,p242898,Brennan Johnson,60,6695,0,0,0,,,
2026-08-08T09:51:35.935910,2627,1,CRY,MID,210,p496221,Adam Wharton,55,6695,0,0,0,,100,
2026-08-08T09:51:35.935910,2627,1,CRY,MID,211,p488024,Yéremy Pino Santos,55,6695,0,0,0,,,
2026-08-08T09:51:35.935910,2627,1,CRY,MID,212,p108413,Will Hughes,45,371601,0,0,0,,,
2026-08-08T09:51:35.935910,2627,1,CRY,MID,213,p152551,Jefferson Lerma Solís,50,3347,0,0,0,,,
2026-08-08T09:51:35.935910,2627,1,CRY,MID,214,p209400,Daichi Kamada,50,10043,0,0,0,,,
2026-08-08T09:51:35.935910,2627,1,CRY,MID,215,p489706,Justin Devenny,50,0,0,0,0,,,
2026-08-08T09:51:35.935910,2627,1,CRY,MID,216,p606921,Romain Esse,50,3347,0,0,0,,,
2026-08-08T09:51:35.935910,2627,1,CRY,MID,217,p536694,Matheus França de Oliveira,50,0,0,0,0,,,
2026-08-08T09:51:35.935910,2627,1,CRY,MID,218,p438464,Cheick Doucouré,50,3347,0,0,0,,,
2026-08-08T09:51:35.935910,2627,1,CRY,MID,219,p450542,Jesurun Rak-Sakyi,50,0,0,0,0,,,
2026-08-08T09:51:35.935910,2627,1,CRY,DEF,220,p590014,Rio Cardines,45,0,0,0,0,,,
2026-08-08T09:51:35.935910,2627,1,CRY,MID,221,p672492,Joél Drakes-Thomas,45,3347,0,0,0,,,
2026-08-08T09:51:35.935910,2627,1,CRY,FWD,222,p247412,Jørgen Strand Larsen,60,20086,0,0,0,,,
2026-08-08T09:51:35.935910,2627,1,CRY,FWD,223,p231747,Jean-Philippe Mateta,65,230995,0,0,0,,,
2026-08-08T09:51:35.935910,2627,1,CRY,FWD,224,p205533,Eddie Nketiah,55,16738,0,0,0,,,
2026-08-08T09:51:35.935910,2627,1,CRY,FWD,225,p660392,Christantus Uche,50,0,0,0,0,has returned to Getafe CF,0,
2026-08-08T09:51:35.935910,2627,1,CRY,GK,555,p169593,Remi Matthews,40,56911,0,0,0,,,
2026-08-08T09:51:35.935910,2627,1,EVE,MID,21,p128295,Christian Nørgaard,50,16738,0,0,0,,,
2026-08-08T09:51:35.935910,2627,1,EVE,GK,226,p111234,Jordan Pickford,55,297950,0,0,0,,,
2026-08-08T09:51:35.935910,2627,1,EVE,GK,227,p229600,Mark Travers,50,3347,0,0,0,,,
2026-08-08T09:51:35.935910,2627,1,EVE,GK,228,p138001,Tom King,45,3347,0,0,0,,,
2026-08-08T09:51:35.935910,2627,1,EVE,DEF,229,p17761,James Tarkowski,60,334775,0,0,0,,,
2026-08-08T09:51:35.935910,2627,1,EVE,DEF,230,p480455,Jarrad Branthwaite,55,66955,0,0,0,,,
2026-08-08T09:51:35.935910,2627,1,EVE,DEF,231,p106611,Michael Keane,50,50216,0,0,0,,,
2026-08-08T09:51:35.935910,2627,1,EVE,DEF,232,p512462,Jake O'Brien,50,16738,0,0,0,,,
2026-08-08T09:51:35.935910,2627,1,EVE,DEF,233,p224967,Vitalii Mykolenko,45,43520,0,0,0,,,
2026-08-08T09:51:35.935910,2627,1,EVE,DEF,234,p243571,Nathan Patterson,45,0,0,0,0,,,
2026-08-08T09:51:35.935910,2627,1,EVE,DEF,235,p499300,Adam Aznou,40,6695,0,0,0,,,
2026-08-08T09:51:35.935910,2627,1,EVE,MID,236,p215413,Kiernan Dewsbury-Hall,65,127214,0,0,0,,,
2026-08-08T09:51:35.935910,2627,1,EVE,MID,237,p440993,Iliman Ndiaye,60,538989,0,0,0,,,
2026-08-08T09:51:35.935910,2627,1,EVE,MID,239,p232928,James Garner,60,20086,0,0,0,Groin injury - Expected back 22 Aug,0,1
2026-08-08T09:51:35.935910,2627,1,EVE,MID,240,p490094,Tim Iroegbunam,50,3347,0,0,0,,,
2026-08-08T09:51:35.935910,2627,1,EVE,MID,241,p433154,Dwight McNeil,55,3347,0,0,0,,,
2026-08-08T09:51:35.935910,2627,1,EVE,MID,242,p550615,Tyrique George,55,3347,0,0,0,,,
2026-08-08T09:51:35.935910,2627,1,EVE,MID,243,p502697,Carlos Alcaraz Durán,50,3347,0,0,0,,,
2026-08-08T09:51:35.935910,2627,1,EVE,MID,244,p609873,Harrison Armstrong,50,3347,0,0,0,,,
2026-08-08T09:51:35.935910,2627,1,EVE,MID,245,p496661,Tyler Dibling,55,3347,0,0,0,,,
2026-08-08T09:51:35.935910,2627,1,EVE,MID,246,p513466,Merlin Röhl,50,3347,0,0,0,,,
2026-08-08T09:51:35.935910,2627,1,EVE,MID,247,p244860,Hayden Hackney,55,10043,0,0,0,,,
2026-08-08T09:51:35.935910,2627,1,EVE,FWD,248,p486385,Norberto Bercique Gomes Betuncal,55,107128,0,0,0,,,
2026-08-08T09:51:35.935910,2627,1,EVE,FWD,249,p586309,Thierno Barry,55,30129,0,0,0,,,
2026-08-08T09:51:35.935910,2627,1,FUL,GK,250,p80201,Bernd Leno,45,107128,0,0,0,,,
2026-08-08T09:51:35.935910,2627,1,FUL,GK,251,p86873,Benjamin Lecomte,40,46868,0,0,0,,,
2026-08-08T09:51:35.935910,2627,1,FUL,GK,252,p505079,Alfie McNally,40,6695,0,0,0,,,
2026-08-08T09:51:35.935910,2627,1,FUL,DEF,253,p174874,Joachim Andersen,50,3347,0,0,0,Suspended until 30 Aug,0,2
2026-08-08T09:51:35.935910,2627,1,FUL,DEF,254,p169528,Antonee Robinson,45,90389,0,0,0,,,
2026-08-08T09:51:35.935910,2627,1,FUL,DEF,255,p246301,Jorge Cuenca Barreno,45,0,0,0,0,,,
2026-08-08T09:51:35.935910,2627,1,FUL,DEF,256,p167074,Kenny Tete,45,6695,0,0,0,,,
2026-08-08T09:51:35.935910,2627,1,FUL,DEF,257,p232892,Calvin Bassey,45,20086,0,0,0,,,
2026-08-08T09:51:35.935910,2627,1,FUL,DEF,258,p166477,Timothy Castagne,45,6695,0,0,0,,,
2026-08-08T09:51:35.935910,2627,1,FUL,MID,261,p153133,Alex Iwobi,55,30129,0,0,0,,,
2026-08-08T09:51:35.935910,2627,1,FUL,MID,262,p209289,Emile Smith Rowe,55,13391,0,0,0,,,
2026-08-08T09:51:35.935910,2627,1,FUL,MID,263,p560552,Kevin Santos Lopes de Macedo,55,3347,0,0,0,,,
2026-08-08T09:51:35.935910,2627,1,FUL,MID,264,p477555,Oscar Bobb,55,13391,0,0,0,,,
2026-08-08T09:51:35.935910,2627,1,FUL,MID,265,p207189,Sander Berge,50,13391,0,0,0,,,
2026-08-08T09:51:35.935910,2627,1,FUL,MID,266,p76357,Tom Cairney,50,0,0,0,0,,,
2026-08-08T09:51:35.935910,2627,1,FUL,MID,267,p212314,Saša Lukić,50,3347,0,0,0,,,
2026-08-08T09:51:35.935910,2627,1,FUL,MID,268,p577725,Josh King,55,3347,0,0,0,,,
2026-08-08T09:51:35.935910,2627,1,FUL,DEF,269,p184349,Ryan Sessegnon,45,13391,0,0,0,,,
2026-08-08T09:51:35.935910,2627,1,FUL,MID,270,p153366,Harrison Reed,45,36825,0,0,0,,,
2026-08-08T09:51:35.935910,2627,1,FUL,FWD,271,p244042,Rodrigo Muniz Carvalho,55,23434,0,0,0,,,
2026-08-08T09:51:35.935910,2627,1,FUL,FWD,272,p631786,Jonah Kusi-Asare,45,264472,0,0,0,,,
2026-08-08T09:51:35.935910,2627,1,FUL,FWD,569,p551466,Gonzalo García,60,43520,0,0,0,,,
2026-08-08T09:51:35.935910,2627,1,FUL,MID,570,p571779,César Palacios,55,3347,0,0,0,,,
2026-08-08T09:51:35.935910,2627,1,HUL,GK,273,p167825,Dillon Phillips,40,66955,0,0,0,,,
2026-08-08T09:51:35.935910,2627,1,HUL,GK,274,p105666,Jack Butland,45,33477,0,0,0,,,
2026-08-08T09:51:35.935910,2627,1,HUL,GK,275,p494950,Harvey Cartwright,40,3347,0,0,0,Has joined Grimsby Town on loan for the rest of the season,0,
2026-08-08T09:51:35.935910,2627,1,HUL,GK,276,p444307,Thimothée Lo-Tutala,40,6695,0,0,0,,,
2026-08-08T09:51:35.935910,2627,1,HUL,DEF,277,p108416,John Egan,40,36825,0,0,0,,,
2026-08-08T09:51:35.935910,2627,1,HUL,DEF,278,p501902,Charlie Hughes,40,33477,0,0,0,Groin injury - Unknown return date,0,
2026-08-08T09:51:35.935910,2627,1,HUL,DEF,279,p146426,Semi Ajayi,40,23434,0,0,0,,,
2026-08-08T09:51:35.935910,2627,1,HUL,DEF,280,p193278,Lewie Coyle,40,13391,0,0,0,,,
2026-08-08T09:51:35.935910,2627,1,HUL,DEF,281,p433590,Cody Drameh,40,3347,0,0,0,,,
2026-08-08T09:51:35.935910,2627,1,HUL,DEF,282,p232351,Ryan Giles,40,20086,0,0,0,,,
2026-08-08T09:51:35.935910,2627,1,HUL,DEF,283,p449428,Matty Jacob,40,3347,0,0,0,Hip injury - 75% chance of playing,75,
2026-08-08T09:51:35.935910,2627,1,HUL,DEF,284,p661800,Cathal McCarthy,40,3347,0,0,0,,,
2026-08-08T09:51:35.935910,2627,1,HUL,DEF,285,p160817,Paddy McNair,40,3347,0,0,0,,,
2026-08-08T09:51:35.935910,2627,1,HUL,MID,286,p540324,Mohamed Belloumi,50,16738,0,0,0,,,
2026-08-08T09:51:35.935910,2627,1,HUL,MID,287,p232905,Liam Millar,50,3347,0,0,0,,,
2026-08-08T09:51:35.935910,2627,1,HUL,MID,288,p171270,Kieran Dowell,45,16738,0,0,0,,,
2026-08-08T09:51:35.935910,2627,1,HUL,MID,289,p101282,Matt Crooks,45,23434,0,0,0,,,
2026-08-08T09:51:35.935910,2627,1,HUL,MID,290,p243413,Regan Slater,45,66955,0,0,0,,,
2026-08-08T09:51:35.935910,2627,1,HUL,MID,291,p465525,Eliot Matazo,45,0,0,0,0,Knee injury - Unknown return date,0,
2026-08-08T09:51:35.935910,2627,1,HUL,MID,292,p208481,Abdülkadir Ömür,50,0,0,0,0,,,
2026-08-08T09:51:35.935910,2627,1,HUL,MID,293,p490161,Abu Kamara,50,0,0,0,0,,,
2026-08-08T09:51:35.935910,2627,1,HUL,MID,294,p553783,Óscar Zambrano,45,16738,0,0,0,Thigh injury - Unknown return date,0,
2026-08-08T09:51:35.935910,2627,1,HUL,FWD,295,p169432,Oli McBurnie,55,60259,0,0,0,,,
2026-08-08T09:51:35.935910,2627,1,HUL,MID,296,p213292,David Akintola,50,0,0,0,0,,,
2026-08-08T09:51:35.935910,2627,1,HUL,MID,297,p470294,Darko Gyabi,45,6695,0,0,0,Thigh injury - Unknown return date,0,
2026-08-08T09:51:35.935910,2627,1,HUL,FWD,298,p500957,Enis Destan,45,87041,0,0,0,,,
2026-08-08T09:51:35.935910,2627,1,HUL,FWD,299,p534392,Mason Burstow,45,20086,0,0,0,Has joined Sheffield Wednesday on loan for the rest of the season,0,
2026-08-08T09:51:35.935910,2627,1,HUL,DEF,556,p169359,Matt Targett,40,90389,0,0,0,,,
2026-08-08T09:51:35.935910,2627,1,HUL,MID,563,p445028,Hidemasa Morita,50,3347,0,0,0,,,
2026-08-08T09:51:35.935910,2627,1,HUL,GK,572,p473284,Konstantinos Tzolakis,45,3347,0,0,0,,,
2026-08-08T09:51:35.935910,2627,1,IPS,DEF,259,p219924,Issa Diop,40,649465,0,0,0,,,
2026-08-08T09:51:35.935910,2627,1,IPS,GK,300,p108813,Christian Walton,45,20086,0,0,0,,,
2026-08-08T09:51:35.935910,2627,1,IPS,GK,301,p112520,Alex Palmer,40,197517,0,0,0,,,
2026-08-08T09:51:35.935910,2627,1,IPS,GK,302,p50093,David Button,40,16738,0,0,0,,,
2026-08-08T09:51:35.935910,2627,1,IPS,DEF,303,p183015,Cédric Kipré,40,13391,0,0,0,,,
2026-08-08T09:51:35.935910,2627,1,IPS,DEF,304,p216616,Dara O'Shea,40,60259,0,0,0,,,
2026-08-08T09:51:35.935910,2627,1,IPS,DEF,305,p455084,Leif Davis,40,113823,0,0,0,,,
2026-08-08T09:51:35.935910,2627,1,IPS,DEF,306,p449429,Jacob Greaves,40,16738,0,0,0,,,
2026-08-08T09:51:35.935910,2627,1,IPS,DEF,307,p222018,Ben Johnson,40,3347,0,0,0,,,
2026-08-08T09:51:35.935910,2627,1,IPS,DEF,308,p176420,Darnell Furlong,40,13391,0,0,0,,,
2026-08-08T09:51:35.935910,2627,1,IPS,MID,309,p501390,Marcelino Núñez,50,6695,0,0,0,,,
2026-08-08T09:51:35.935910,2627,1,IPS,MID,310,p241117,Azor Matusiwa,50,0,0,0,0,Muscular injury - Unknown return date,0,
2026-08-08T09:51:35.935910,2627,1,IPS,MID,311,p149929,Wes Burns,50,3347,0,0,0,,,
2026-08-08T09:51:35.935910,2627,1,IPS,MID,312,p231899,Jack Taylor,45,6695,0,0,0,Knee injury - Unknown return date,0,
2026-08-08T09:51:35.935910,2627,1,IPS,MID,313,p443261,Jack Clarke,55,10043,0,0,0,,,
2026-08-08T09:51:35.935910,2627,1,IPS,MID,314,p229164,Chiedozie Ogbene,50,0,0,0,0,,,
2026-08-08T09:51:35.935910,2627,1,IPS,MID,315,p531442,Abdul Fatawu,55,10043,0,0,0,,,
2026-08-08T09:51:35.935910,2627,1,IPS,FWD,316,p543968,Emersonn Correia da Silva,55,10043,0,0,0,,,
2026-08-08T09:51:35.935910,2627,1,IPS,FWD,317,p222625,George Hirst,50,16738,0,0,0,,,
2026-08-08T09:51:35.935910,2627,1,IPS,MID,318,p481624,Jaden Philogene,55,6695,0,0,0,,,
2026-08-08T09:51:35.935910,2627,1,IPS,MID,319,p172453,Sam Szmodics,50,3347,0,0,0,,,
2026-08-08T09:51:35.935910,2627,1,IPS,FWD,320,p147675,Chuba Akpom,50,16738,0,0,0,,,
2026-08-08T09:51:35.935910,2627,1,IPS,FWD,321,p557012,Sindre Walle Egeli,45,70302,0,0,0,,,
2026-08-08T09:51:35.935910,2627,1,IPS,FWD,322,p462387,Ali Al-Hamadi,50,6695,0,0,0,,,
2026-08-08T09:51:35.935910,2627,1,IPS,MID,323,p461587,Kasey McAteer,45,53564,0,0,0,,,
2026-08-08T09:51:35.935910,2627,1,IPS,MID,324,p232457,Anis Mehmeti,50,3347,0,0,0,,,
2026-08-08T09:51:35.935910,2627,1,IPS,GK,554,p546600,Kayne van Oevelen,45,3347,0,0,0,,,
2026-08-08T09:51:35.935910,2627,1,IPS,MID,562,p442967,Daizen Maeda,55,13391,0,0,0,,,
2026-08-08T09:51:35.935910,2627,1,IPS,GK,564,p240514,Kjell Scherpen,45,10043,0,0,0,,,
2026-08-08T09:51:35.935910,2627,1,IPS,MID,571,p216055,Florentino Ibrain Morris Luís,50,0,0,0,0,,,
2026-08-08T09:51:35.935910,2627,1,LEE,MID,260,p153682,Harry Wilson,65,281211,0,0,0,,,
2026-08-08T09:51:35.935910,2627,1,LEE,GK,326,p201595,Lucas Estella Perri,45,23434,0,0,0,,,
2026-08-08T09:51:35.935910,2627,1,LEE,DEF,327,p434752,Jaka Bijol,50,10043,0,0,0,,,
2026-08-08T09:51:35.935910,2627,1,LEE,DEF,329,p214225,Joe Rodon,45,60259,0,0,0,,,
2026-08-08T09:51:35.935910,2627,1,LEE,DEF,330,p226182,Jayden Bogle,45,13391,0,0,0,,,
2026-08-08T09:51:35.935910,2627,1,LEE,DEF,331,p243526,Gabriel Gudmundsson,45,16738,0,0,0,,,
2026-08-08T09:51:35.935910,2627,1,LEE,DEF,332,p220627,James Justin,45,16738,0,0,0,,,
2026-08-08T09:51:35.935910,2627,1,LEE,DEF,333,p437738,Sebastiaan Bornauw,45,0,0,0,0,,,
2026-08-08T09:51:35.935910,2627,1,LEE,DEF,334,p522047,Tarik Muharemović,50,46868,0,0,0,,,
2026-08-08T09:51:35.935910,2627,1,LEE,MID,335,p466525,Anton Stach,60,43520,0,0,0,,,
2026-08-08T09:51:35.935910,2627,1,LEE,MID,336,p435997,Noah Okafor,60,23434,0,0,0,,,
2026-08-08T09:51:35.935910,2627,1,LEE,MID,337,p427637,Brenden Aaronson,55,26782,0,0,0,,,
2026-08-08T09:51:35.935910,2627,1,LEE,MID,338,p199598,Ethan Ampadu,55,50216,0,0,0,,,
2026-08-08T09:51:35.935910,2627,1,LEE,MID,339,p180135,Sean Longstaff,50,6695,0,0,0,,,
2026-08-08T09:51:35.935910,2627,1,LEE,MID,340,p462635,Joe Gelhardt,50,0,0,0,0,,,
2026-08-08T09:51:35.935910,2627,1,LEE,MID,341,p492859,Wilfried Gnonto,50,3347,0,0,0,,,
2026-08-08T09:51:35.935910,2627,1,LEE,MID,342,p221399,Jack Harrison,50,0,0,0,0,Has joined New England Revolution permanently,0,
2026-08-08T09:51:35.935910,2627,1,LEE,MID,343,p200617,Daniel James,50,3347,0,0,0,,,
2026-08-08T09:51:35.935910,2627,1,LEE,MID,344,p486520,Ilia Gruev,50,0,0,0,0,,,
2026-08-08T09:51:35.935910,2627,1,LEE,MID,345,p248056,Tanaka Ao,50,10043,0,0,0,,,
2026-08-08T09:51:35.935910,2627,1,LEE,FWD,346,p177815,Dominic Calvert-Lewin,60,786723,0,0,0,,,
2026-08-08T09:51:35.935910,2627,1,LEE,FWD,347,p174594,Lukas Nmecha,55,20086,0,0,0,,,
2026-08-08T09:51:35.935910,2627,1,LEE,FWD,348,p235826,Joël Piroe,50,16738,0,0,0,,,
2026-08-08T09:51:35.935910,2627,1,LEE,FWD,349,p565297,Mateo Joseph Fernández-Regatillo,45,10043,0,0,0,Knee injury - Unknown return date,0,
2026-08-08T09:51:35.935910,2627,1,LEE,GK,385,p432720,James Trafford,50,60259,0,0,0,,,
2026-08-08T09:51:35.935910,2627,1,LIV,GK,350,p116535,Alisson Becker,55,137258,0,0,0,,,
2026-08-08T09:51:35.935910,2627,1,LIV,GK,351,p449027,Giorgi Mamardashvili,50,6695,0,0,0,,,
2026-08-08T09:51:35.935910,2627,1,LIV,GK,352,p155503,Freddie Woodman,40,40173,0,0,0,,,
2026-08-08T09:51:35.935910,2627,1,LIV,GK,353,p586268,Armin Pecsi,40,3347,0,0,0,,,
2026-08-08T09:51:35.935910,2627,1,LIV,GK,354,p432987,Vitezslav Jaros,40,0,0,0,0,Knee injury - Unknown return date,0,
2026-08-08T09:51:35.935910,2627,1,LIV,GK,355,p464353,Harvey Davies,40,3347,0,0,0,,,
2026-08-08T09:51:35.935910,2627,1,LIV,DEF,356,p97032,Virgil van Dijk,65,549032,0,0,0,,,
2026-08-08T09:51:35.935910,2627,1,LIV,DEF,357,p216094,Jeremie Frimpong,55,100432,0,0,0,,,
2026-08-08T09:51:35.935910,2627,1,LIV,DEF,358,p544877,Milos Kerkez,55,187474,0,0,0,,,
2026-08-08T09:51:35.935910,2627,1,LIV,DEF,359,p171287,Joe Gomez,50,3347,0,0,0,Muscular injury - Unknown return date,0,
2026-08-08T09:51:35.935910,2627,1,LIV,DEF,360,p492777,Conor Bradley,50,0,0,0,0,Knee injury - Unknown return date,0,
2026-08-08T09:51:35.935910,2627,1,LIV,DEF,361,p519440,Wellity Lucky,40,3347,0,0,0,,,
2026-08-08T09:51:35.935910,2627,1,LIV,DEF,362,p606702,Jeremy Jacquet,50,60259,0,0,0,,100,
2026-08-08T09:51:35.935910,2627,1,LIV,DEF,363,p647681,Giovanni Leoni,40,3347,0,0,0,Knee injury - Unknown return date,0,
2026-08-08T09:51:35.935910,2627,1,LIV,DEF,364,p214285,Kostas Tsimikas,50,3347,0,0,0,,,
2026-08-08T09:51:35.935910,2627,1,LIV,DEF,365,p489580,Calvin Ramsay,40,6695,0,0,0,,,
2026-08-08T09:51:35.935910,2627,1,LIV,MID,366,p494595,Florian Wirtz,75,421817,0,0,0,,,
2026-08-08T09:51:35.935910,2627,1,LIV,MID,367,p243298,Cody Gakpo,70,117171,0,0,0,,,
2026-08-08T09:51:35.935910,2627,1,LIV,MID,368,p424876,Dominik Szoboszlai,70,1566751,0,0,0,,,
2026-08-08T09:51:35.935910,2627,1,LIV,MID,369,p611922,Rio Ngumoha,60,53564,0,0,0,,,
2026-08-08T09:51:35.935910,2627,1,LIV,MID,370,p223541,Federico Chiesa,55,6695,0,0,0,,,
2026-08-08T09:51:35.935910,2627,1,LIV,MID,371,p441266,Ryan Gravenberch,60,63607,0,0,0,,,
2026-08-08T09:51:35.935910,2627,1,LIV,MID,372,p243016,Alexis Mac Allister,55,63607,0,0,0,,,
2026-08-08T09:51:35.935910,2627,1,LIV,MID,373,p206915,Curtis Jones,55,3347,0,0,0,,,
2026-08-08T09:51:35.935910,2627,1,LIV,MID,374,p158983,Endo Wataru,50,0,0,0,0,Ankle injury - 75% chance of playing,75,
2026-08-08T09:51:35.935910,2627,1,LIV,MID,375,p591386,Trey Nyoni,50,3347,0,0,0,,,
2026-08-08T09:51:35.935910,2627,1,LIV,MID,376,p535928,Stefan Bajčetić Maquieira,50,0,0,0,0,Hamstring injury - Expected back 23 Aug,0,1
2026-08-08T09:51:35.935910,2627,1,LIV,MID,377,p551499,Victor Munoz,65,26782,0,0,0,,,
2026-08-08T09:51:35.935910,2627,1,LIV,MID,378,p491501,James McConnell,45,6695,0,0,0,,,
2026-08-08T09:51:35.935910,2627,1,LIV,FWD,379,p219168,Alexander Isak,90,381644,0,0,0,,,
2026-08-08T09:51:35.935910,2627,1,LIV,FWD,380,p510663,Hugo Ekitiké,75,6695,0,0,0,Achilles injury - Unknown return date,0,
2026-08-08T09:51:35.935910,2627,1,LIV,MID,381,p514514,Lewis Koumas,50,0,0,0,0,,,
2026-08-08T09:51:35.935910,2627,1,LIV,FWD,382,p500058,Jayden Danns,45,3347,0,0,0,Unspecified injury - Unknown return date,0,
2026-08-08T09:51:35.935910,2627,1,LIV,MID,383,p444884,Harvey Elliott,55,3347,0,0,0,,,
2026-08-08T09:51:35.935910,2627,1,MCI,MID,238,p114283,Jack Grealish,65,6695,0,0,0,Foot injury - 75% chance of playing,75,
2026-08-08T09:51:35.935910,2627,1,MCI,GK,384,p204936,Gianluigi Donnarumma,55,371601,0,0,0,,,
2026-08-08T09:51:35.935910,2627,1,MCI,GK,386,p122074,Marcus Bettinelli,45,0,0,0,0,,,
2026-08-08T09:51:35.935910,2627,1,MCI,DEF,387,p472769,Nico O'Reilly,65,756593,0,0,0,,,
2026-08-08T09:51:35.935910,2627,1,MCI,DEF,388,p209036,Marc Guéhi,60,790071,0,0,0,,,
2026-08-08T09:51:35.935910,2627,1,MCI,DEF,389,p465351,Matheus Nunes,60,160692,0,0,0,,,
2026-08-08T09:51:35.935910,2627,1,MCI,DEF,390,p171314,Rúben dos Santos Gato Alves Dias,55,46868,0,0,0,,,
2026-08-08T09:51:35.935910,2627,1,MCI,DEF,391,p477424,Joško Gvardiol,55,411774,0,0,0,,,
2026-08-08T09:51:35.935910,2627,1,MCI,DEF,392,p448514,Rayan Aït-Nouri,55,33477,0,0,0,,,
2026-08-08T09:51:35.935910,2627,1,MCI,DEF,393,p578153,Abdukodir Khusanov,55,66955,0,0,0,,,
2026-08-08T09:51:35.935910,2627,1,MCI,DEF,394,p494307,Max Alleyne,50,0,0,0,0,,,
2026-08-08T09:51:35.935910,2627,1,MCI,DEF,395,p477064,Rico Lewis,45,6695,0,0,0,,,
2026-08-08T09:51:35.935910,2627,1,MCI,DEF,396,p616222,Vitor de Oliveira Nunes dos Reis,45,0,0,0,0,,,
2026-08-08T09:51:35.935910,2627,1,MCI,MID,397,p437730,Antoine Semenyo,85,769984,0,0,0,,,
2026-08-08T09:51:35.935910,2627,1,MCI,MID,398,p209244,Phil Foden,70,247734,0,0,0,,,
2026-08-08T09:51:35.935910,2627,1,MCI,MID,399,p466052,Rayan Cherki,75,311341,0,0,0,,,
2026-08-08T09:51:35.935910,2627,1,MCI,MID,400,p248875,Jérémy Doku,75,214256,0,0,0,,,
2026-08-08T09:51:35.935910,2627,1,MCI,FWD,401,p438234,Omar Marmoush,70,23434,0,0,0,,,
2026-08-08T09:51:35.935910,2627,1,MCI,MID,402,p220566,Rodrigo 'Rodri' Hernandez Cascante,65,3347,0,0,0,Back injury - Unknown return date,0,
2026-08-08T09:51:35.935910,2627,1,MCI,MID,403,p510281,Sávio Moreira de Oliveira,65,3347,0,0,0,,,
2026-08-08T09:51:35.935910,2627,1,MCI,MID,404,p433036,Tijjani Reijnders,60,13391,0,0,0,,,
2026-08-08T09:51:35.935910,2627,1,MCI,MID,405,p465694,Nico González Iglesias,55,3347,0,0,0,,,
2026-08-08T09:51:35.935910,2627,1,MCI,MID,406,p91651,Mateo Kovačić,55,0,0,0,0,,,
2026-08-08T09:51:35.935910,2627,1,MCI,MID,407,p575204,Claudio Echeverri,50,0,0,0,0,,,
2026-08-08T09:51:35.935910,2627,1,MCI,MID,408,p155405,Kalvin Phillips,50,0,0,0,0,,,
2026-08-08T09:51:35.935910,2627,1,MCI,MID,409,p590039,Divine Mukasa,45,3347,0,0,0,,,
2026-08-08T09:51:35.935910,2627,1,MCI,MID,410,p649208,Jeremy Monga,50,0,0,0,0,,,
2026-08-08T09:51:35.935910,2627,1,MCI,FWD,411,p223094,Erling Haaland,155,2497428,0,0,0,,,
2026-08-08T09:51:35.935910,2627,1,MCI,MID,481,p215379,Elliot Anderson,65,401731,0,0,0,,,
2026-08-08T09:51:35.935910,2627,1,MUN,MID,43,p166989,Youri Tielemans,60,26782,0,0,0,Hamstring injury - 75% chance of playing,75,
2026-08-08T09:51:35.935910,2627,1,MUN,MID,162,p532605,Andrey Nascimento dos Santos,50,46868,0,0,0,,,
2026-08-08T09:51:35.935910,2627,1,MUN,GK,325,p59735,Karl Darlow,45,3347,0,0,0,Unspecified injury - 75% chance of playing,75,
2026-08-08T09:51:35.935910,2627,1,MUN,GK,412,p465247,Senne Lammens,50,679595,0,0,0,,,
2026-08-08T09:51:35.935910,2627,1,MUN,GK,413,p451302,Altay Bayındır,45,6695,0,0,0,,,
2026-08-08T09:51:35.935910,2627,1,MUN,GK,414,p21205,Tom Heaton,40,10043,0,0,0,,,
2026-08-08T09:51:35.935910,2627,1,MUN,MID,415,p596777,Patrick Dorgu,60,56911,0,0,0,,,
2026-08-08T09:51:35.935910,2627,1,MUN,DEF,416,p209365,Matthijs de Ligt,50,0,0,0,0,Back injury - Unknown return date,0,
2026-08-08T09:51:35.935910,2627,1,MUN,DEF,417,p216051,Diogo Dalot Teixeira,50,100432,0,0,0,,,
2026-08-08T09:51:35.935910,2627,1,MUN,DEF,418,p95658,Harry Maguire,50,284559,0,0,0,,,
2026-08-08T09:51:35.935910,2627,1,MUN,DEF,419,p221820,Lisandro Martínez,50,20086,0,0,0,Thigh injury - 75% chance of playing,75,
2026-08-08T09:51:35.935910,2627,1,MUN,DEF,420,p550864,Leny Yoro,50,23434,0,0,0,,,
2026-08-08T09:51:35.935910,2627,1,MUN,DEF,421,p606745,Ayden Heaven,45,10043,0,0,0,,,
2026-08-08T09:51:35.935910,2627,1,MUN,DEF,422,p230001,Noussair Mazraoui,45,23434,0,0,0,,,
2026-08-08T09:51:35.935910,2627,1,MUN,DEF,423,p106760,Luke Shaw,45,830244,0,0,0,,,
2026-08-08T09:51:35.935910,2627,1,MUN,DEF,424,p577974,Harry Amass,40,6695,0,0,0,,,
2026-08-08T09:51:35.935910,2627,1,MUN,DEF,425,p547676,Tyler Fredricson,40,3347,0,0,0,,,
2026-08-08T09:51:35.935910,2627,1,MUN,MID,426,p141746,Bruno Borges Fernandes,120,1630358,0,0,0,,,
2026-08-08T09:51:35.935910,2627,1,MUN,MID,427,p446008,Bryan Mbeumo,80,629378,0,0,0,,,
2026-08-08T09:51:35.935910,2627,1,MUN,MID,428,p430871,Matheus Santos Carneiro da Cunha,80,468686,0,0,0,,,
2026-08-08T09:51:35.935910,2627,1,MUN,MID,429,p176297,Marcus Rashford,70,46868,0,0,0,,,
2026-08-08T09:51:35.935910,2627,1,MUN,MID,430,p184341,Mason Mount,55,6695,0,0,0,,,
2026-08-08T09:51:35.935910,2627,1,MUN,MID,431,p493250,Amad Diallo,60,53564,0,0,0,,,
2026-08-08T09:51:35.935910,2627,1,MUN,MID,432,p516895,Kobbie Mainoo,55,43520,0,0,0,,,
2026-08-08T09:51:35.935910,2627,1,MUN,MID,433,p232112,Manuel Ugarte Ribeiro,50,0,0,0,0,Knee injury - Unknown return date,0,
2026-08-08T09:51:35.935910,2627,1,MUN,MID,434,p547037,Jack Fletcher,50,0,0,0,0,,,
2026-08-08T09:51:35.935910,2627,1,MUN,MID,435,p576628,Shea Lacey,50,3347,0,0,0,,,
2026-08-08T09:51:35.935910,2627,1,MUN,MID,436,p490881,Toby Collyer,50,0,0,0,0,,,
2026-08-08T09:51:35.935910,2627,1,MUN,MID,437,p576620,Bendito Mantato,45,6695,0,0,0,,,
2026-08-08T09:51:35.935910,2627,1,MUN,MID,438,p519913,Tyler Fletcher,45,10043,0,0,0,,,
2026-08-08T09:51:35.935910,2627,1,MUN,FWD,439,p485711,Benjamin Sesko,70,90389,0,0,0,Shin injury - 75% chance of playing,75,
2026-08-08T09:51:35.935910,2627,1,MUN,FWD,440,p458249,Joshua Zirkzee,55,23434,0,0,0,,,
2026-08-08T09:51:35.935910,2627,1,MUN,FWD,441,p596047,Chido Obi,45,40173,0,0,0,,,
2026-08-08T09:51:35.935910,2627,1,NEW,GK,442,p98747,Nick Pope,50,36825,0,0,0,,,
2026-08-08T09:51:35.935910,2627,1,NEW,GK,443,p81441,Mark Gillespie,45,0,0,0,0,,,
2026-08-08T09:51:35.935910,2627,1,NEW,GK,444,p554578,Ewen Jaouen,45,3347,0,0,0,,,
2026-08-08T09:51:35.935910,2627,1,NEW,DEF,445,p465642,Malick Thiaw,50,66955,0,0,0,,,
2026-08-08T09:51:35.935910,2627,1,NEW,DEF,446,p119471,Fabian Schär,50,6695,0,0,0,,100,
2026-08-08T09:51:35.935910,2627,1,NEW,DEF,447,p220237,Sven Botman,50,13391,0,0,0,,,
2026-08-08T09:51:35.935910,2627,1,NEW,DEF,448,p78916,Dan Burn,50,90389,0,0,0,,,
2026-08-08T09:51:35.935910,2627,1,NEW,DEF,449,p487838,Lewis Hall,50,137258,0,0,0,,,
2026-08-08T09:51:35.935910,2627,1,NEW,DEF,450,p441191,Tino Livramento,50,3347,0,0,0,Calf injury - 75% chance of playing,75,
2026-08-08T09:51:35.935910,2627,1,NEW,DEF,451,p545477,Alex Murphy,40,26782,0,0,0,,,
2026-08-08T09:51:35.935910,2627,1,NEW,MID,452,p208706,Bruno Guimarães Rodriguez Moura,70,314689,0,0,0,,,
2026-08-08T09:51:35.935910,2627,1,NEW,MID,453,p201666,Harvey Barnes,60,40173,0,0,0,,,
2026-08-08T09:51:35.935910,2627,1,NEW,MID,454,p449434,Anthony Elanga,60,23434,0,0,0,,,
2026-08-08T09:51:35.935910,2627,1,NEW,MID,456,p232653,Jacob Ramsey,50,16738,0,0,0,,,
2026-08-08T09:51:35.935910,2627,1,NEW,MID,457,p114243,Jacob Murphy,60,6695,0,0,0,,,
2026-08-08T09:51:35.935910,2627,1,NEW,MID,458,p180974,Joelinton Cássio Apolinário de Lira,55,0,0,0,0,Thigh injury - 75% chance of playing,75,
2026-08-08T09:51:35.935910,2627,1,NEW,MID,459,p547719,Lewis Miley,55,0,0,0,0,Leg injury - Expected back 30 Aug,0,3
2026-08-08T09:51:35.935910,2627,1,NEW,MID,460,p200089,Joe Willock,50,3347,0,0,0,,,
2026-08-08T09:51:35.935910,2627,1,NEW,MID,461,p611665,Bazoumana Touré,60,6695,0,0,0,,,
2026-08-08T09:51:35.935910,2627,1,NEW,MID,462,p636852,Sean Steur,50,3347,0,0,0,,,
2026-08-08T09:51:35.935910,2627,1,NEW,FWD,463,p470313,Nick Woltemade,60,60259,0,0,0,,,
2026-08-08T09:51:35.935910,2627,1,NEW,FWD,464,p216646,Yoane Wissa,60,46868,0,0,0,,,
2026-08-08T09:51:35.935910,2627,1,NEW,FWD,465,p538207,William Osula,60,53564,0,0,0,,,
2026-08-08T09:51:35.935910,2627,1,NEW,FWD,466,p599303,Sean Neave,45,23434,0,0,0,,,
2026-08-08T09:51:35.935910,2627,1,NEW,MID,559,p632794,Aladji Bamba,50,3347,0,0,0,,,
2026-08-08T09:51:35.935910,2627,1,NEW,GK,567,p470551,Lukás Hornícek,50,6695,0,0,0,,,
2026-08-08T09:51:35.935910,2627,1,NFO,GK,467,p85633,Matz Sels,50,46868,0,0,0,,,
2026-08-08T09:51:35.935910,2627,1,NFO,GK,468,p221389,John Victor Maciel Furtado,45,3347,0,0,0,,,
2026-08-08T09:51:35.935910,2627,1,NFO,DEF,469,p215136,Neco Williams,50,425165,0,0,0,,,
2026-08-08T09:51:35.935910,2627,1,NFO,DEF,470,p485047,Felipe Rodrigues da Silva,50,3347,0,0,0,,,
2026-08-08T09:51:35.935910,2627,1,NFO,DEF,471,p227444,Nikola Milenković,55,76998,0,0,0,,,
2026-08-08T09:51:35.935910,2627,1,NFO,DEF,472,p575476,Murillo Costa dos Santos,55,6695,0,0,0,Muscular injury - 75% chance of playing,75,
2026-08-08T09:51:35.935910,2627,1,NFO,DEF,473,p159506,Ola Aina,45,150649,0,0,0,,,
2026-08-08T09:51:35.935910,2627,1,NFO,DEF,474,p575458,Jair Paula da Cunha Filho,45,13391,0,0,0,,,
2026-08-08T09:51:35.935910,2627,1,NFO,DEF,475,p500151,Nicolò Savona,45,0,0,0,0,Knee injury - Unknown return date,0,
2026-08-08T09:51:35.935910,2627,1,NFO,DEF,476,p204822,Omar Richards,40,6695,0,0,0,,,
2026-08-08T09:51:35.935910,2627,1,NFO,DEF,477,p549067,Zach Abbott,40,6695,0,0,0,,,
2026-08-08T09:51:35.935910,2627,1,NFO,DEF,478,p470315,Luca Netz,45,0,0,0,0,,,
2026-08-08T09:51:35.935910,2627,1,NFO,DEF,479,p538638,Tyler Bindon,40,6695,0,0,0,,,
2026-08-08T09:51:35.935910,2627,1,NFO,MID,480,p222531,Morgan Gibbs-White,80,388340,0,0,0,,,
2026-08-08T09:51:35.935910,2627,1,NFO,MID,482,p209046,Callum Hudson-Odoi,60,0,0,0,0,Thigh injury - 75% chance of playing,75,
2026-08-08T09:51:35.935910,2627,1,NFO,MID,483,p456512,Dan Ndoye,55,16738,0,0,0,,,
2026-08-08T09:51:35.935910,2627,1,NFO,MID,484,p503301,Omari Hutchinson,55,6695,0,0,0,,,
2026-08-08T09:51:35.935910,2627,1,NFO,MID,485,p476887,Dilane Bakwa,55,0,0,0,0,,,
2026-08-08T09:51:35.935910,2627,1,NFO,MID,486,p432714,James McAtee,55,3347,0,0,0,,,
2026-08-08T09:51:35.935910,2627,1,NFO,MID,487,p250199,Nicolás Domínguez,50,3347,0,0,0,,,
2026-08-08T09:51:35.935910,2627,1,NFO,MID,488,p210462,Ibrahim Sangaré,50,16738,0,0,0,,,
2026-08-08T09:51:35.935910,2627,1,NFO,MID,489,p204968,Ryan Yates,45,241038,0,0,0,,,
2026-08-08T09:51:35.935910,2627,1,NFO,FWD,490,p60689,Chris Wood,60,60259,0,0,0,,,
2026-08-08T09:51:35.935910,2627,1,NFO,FWD,491,p482973,Igor Jesus Maciel da Cruz,60,170735,0,0,0,,,
2026-08-08T09:51:35.935910,2627,1,NFO,FWD,492,p210156,Taiwo Awoniyi,55,13391,0,0,0,,,
2026-08-08T09:51:35.935910,2627,1,NFO,FWD,493,p465680,Arnaud Kalimuendo,55,3347,0,0,0,,,
2026-08-08T09:51:35.935910,2627,1,NFO,MID,558,p204561,Xaver Schlager,50,3347,0,0,0,,,
2026-08-08T09:51:35.935910,2627,1,TOT,DEF,112,p469142,Jan Paul van Hecke,50,277863,0,0,0,,,
2026-08-08T09:51:35.935910,2627,1,TOT,MID,455,p432422,Sandro Tonali,55,137258,0,0,0,,,
2026-08-08T09:51:35.935910,2627,1,TOT,GK,494,p184254,Guglielmo Vicario,45,50216,0,0,0,,,
2026-08-08T09:51:35.935910,2627,1,TOT,GK,495,p214572,Brandon Austin,40,20086,0,0,0,,,
2026-08-08T09:51:35.935910,2627,1,TOT,GK,496,p485055,Antonín Kinský,45,639421,0,0,0,,,
2026-08-08T09:51:35.935910,2627,1,TOT,GK,497,p67089,Martin Dubravka,40,786723,0,0,0,,,
2026-08-08T09:51:35.935910,2627,1,TOT,DEF,498,p221466,Marcos Senesi Barón,60,358210,0,0,0,,,
2026-08-08T09:51:35.935910,2627,1,TOT,DEF,499,p441164,Pedro Porro Sauceda,55,790071,0,0,0,,,
2026-08-08T09:51:35.935910,2627,1,TOT,DEF,500,p221632,Cristian Romero,50,36825,0,0,0,,,
2026-08-08T09:51:35.935910,2627,1,TOT,DEF,501,p135720,Kevin Danso,50,6695,0,0,0,,,
2026-08-08T09:51:35.935910,2627,1,TOT,DEF,502,p122798,Andrew Robertson,45,63607,0,0,0,,,
2026-08-08T09:51:35.935910,2627,1,TOT,DEF,503,p491279,Micky van de Ven,50,224299,0,0,0,,,
2026-08-08T09:51:35.935910,2627,1,TOT,DEF,505,p232859,Djed Spence,45,304646,0,0,0,,,
2026-08-08T09:51:35.935910,2627,1,TOT,DEF,506,p487053,Destiny Udogie,45,13391,0,0,0,,,
2026-08-08T09:51:35.935910,2627,1,TOT,DEF,507,p548308,Ashley Phillips,45,3347,0,0,0,,,
2026-08-08T09:51:35.935910,2627,1,TOT,DEF,508,p115556,Ben Davies,40,26782,0,0,0,,,
2026-08-08T09:51:35.935910,2627,1,TOT,DEF,509,p640419,Jun'ai Byfield,40,3347,0,0,0,,,
2026-08-08T09:51:35.935910,2627,1,TOT,DEF,510,p499716,James Rowswell,40,3347,0,0,0,,,
2026-08-08T09:51:35.935910,2627,1,TOT,DEF,511,p616221,João Victor de Souza Menezes,40,10043,0,0,0,,,
2026-08-08T09:51:35.935910,2627,1,TOT,MID,512,p460842,Mohammed Kudus,65,6695,0,0,0,Thigh injury - 75% chance of playing,75,
2026-08-08T09:51:35.935910,2627,1,TOT,MID,513,p493362,Xavi Simons,60,0,0,0,0,Knee injury - Unknown return date,0,
2026-08-08T09:51:35.935910,2627,1,TOT,MID,514,p511499,Mathys Tel,60,13391,0,0,0,,,
2026-08-08T09:51:35.935910,2627,1,TOT,MID,515,p172780,James Maddison,65,66955,0,0,0,,,
2026-08-08T09:51:35.935910,2627,1,TOT,MID,516,p202993,Rodrigo Bentancur,55,3347,0,0,0,,,
2026-08-08T09:51:35.935910,2627,1,TOT,MID,517,p550839,Wilson Odobert,55,0,0,0,0,Knee injury - Unknown return date,0,
2026-08-08T09:51:35.935910,2627,1,TOT,MID,518,p482442,Pape Matar Sarr,50,13391,0,0,0,,,
2026-08-08T09:51:35.935910,2627,1,TOT,MID,519,p232787,Conor Gallagher,55,6695,0,0,0,,,
2026-08-08T09:51:35.935910,2627,1,TOT,MID,520,p570526,Lucas Bergvall,55,6695,0,0,0,,,
2026-08-08T09:51:35.935910,2627,1,TOT,MID,521,p445044,Dejan Kulusevski,65,0,0,0,0,Knee injury - Unknown return date,0,
2026-08-08T09:51:35.935910,2627,1,TOT,MID,522,p547701,Archie Gray,50,6695,0,0,0,,,
2026-08-08T09:51:35.935910,2627,1,TOT,MID,523,p499721,Mikey Moore,50,3347,0,0,0,,,
2026-08-08T09:51:35.935910,2627,1,TOT,MID,524,p499726,Callum Olusesi,45,30129,0,0,0,,,
2026-08-08T09:51:35.935910,2627,1,TOT,MID,525,p551226,Mateus Fernandes,60,113823,0,0,0,,,
2026-08-08T09:51:35.935910,2627,1,TOT,FWD,526,p154566,Dominic Solanke-Mitchell,60,93737,0,0,0,,,
2026-08-08T09:51:35.935910,2627,1,TOT,FWD,527,p212319,Richarlison de Andrade,60,63607,0,0,0,,,
2026-08-08T09:51:35.935910,2627,1,TOT,FWD,528,p490145,Dane Scarlett,45,56911,0,0,0,,,
2026-08-08T09:51:35.935910,2627,1,SUN,GK,529,p498016,Robin Roefs,50,170735,0,0,0,,,
2026-08-08T09:51:35.935910,2627,1,SUN,GK,530,p232571,Anthony Patterson,40,33477,0,0,0,,,
2026-08-08T09:51:35.935910,2627,1,SUN,GK,531,p515046,Melker Ellborg,45,3347,0,0,0,,,
2026-08-08T09:51:35.935910,2627,1,SUN,DEF,532,p223827,Daniel Ballard,50,123867,0,0,0,,,
2026-08-08T09:51:35.935910,2627,1,SUN,DEF,533,p200834,Nordi Mukiele,55,254429,0,0,0,,,
2026-08-08T09:51:35.935910,2627,1,SUN,DEF,534,p487676,Trai Hume,45,83693,0,0,0,,,
2026-08-08T09:51:35.935910,2627,1,SUN,DEF,535,p201895,Omar Alderete,50,40173,0,0,0,,,
2026-08-08T09:51:35.935910,2627,1,SUN,DEF,536,p434399,Reinildo Mandava,45,16738,0,0,0,,,
2026-08-08T09:51:35.935910,2627,1,SUN,DEF,537,p519634,Jenson Seelt,45,0,0,0,0,,,
2026-08-08T09:51:35.935910,2627,1,SUN,DEF,538,p477547,Leo Fuhr Hjelde,40,10043,0,0,0,,,
2026-08-08T09:51:35.935910,2627,1,SUN,DEF,539,p167512,Luke O'Nien,40,76998,0,0,0,,,
2026-08-08T09:51:35.935910,2627,1,SUN,DEF,540,p105717,Arthur Masuaku,40,46868,0,0,0,,,
2026-08-08T09:51:35.935910,2627,1,SUN,DEF,541,p93605,Thomas Meunier,45,16738,0,0,0,,,
2026-08-08T09:51:35.935910,2627,1,SUN,MID,542,p484420,Enzo Le Fée,60,428513,0,0,0,,,
2026-08-08T09:51:35.935910,2627,1,SUN,MID,543,p547027,Habib Diarra,55,3347,0,0,0,,,
2026-08-08T09:51:35.935910,2627,1,SUN,MID,544,p84450,Granit Xhaka,55,190822,0,0,0,,,
2026-08-08T09:51:35.935910,2627,1,SUN,MID,545,p577669,Noah Sadiki,50,13391,0,0,0,,,
2026-08-08T09:51:35.935910,2627,1,SUN,MID,546,p535818,Simon Adingra,50,10043,0,0,0,,,
2026-08-08T09:51:35.935910,2627,1,SUN,MID,547,p461199,Romaine Mundle,50,0,0,0,0,,,
2026-08-08T09:51:35.935910,2627,1,SUN,MID,548,p554197,Chris Rigg,50,3347,0,0,0,,,
2026-08-08T09:51:35.935910,2627,1,SUN,MID,549,p549912,Chemsdine Talbi,55,6695,0,0,0,,,
2026-08-08T09:51:35.935910,2627,1,SUN,MID,550,p699989,Djiamgone Jocelin Ta Bi,50,0,0,0,0,,,
2026-08-08T09:51:35.935910,2627,1,SUN,MID,551,p536661,Nilson Angulo,50,3347,0,0,0,,,
2026-08-08T09:51:35.935910,2627,1,SUN,FWD,552,p441264,Brian Brobbey,60,642769,0,0,0,,,
2026-08-08T09:51:35.935910,2627,1,SUN,FWD,553,p437505,Wilson Isidor,55,40173,0,0,0,,,
2026-08-09T09:53:37.757477,2627,1,ARS,GK,1,p154561,David Raya Martín,60,1084406,0,0,0,,,
2026-08-09T09:53:37.757477,2627,1,ARS,GK,2,p109745,Kepa Arrizabalaga Revuelta,50,3498,0,0,0,,,
2026-08-09T09:53:37.757477,2627,1,ARS,GK,3,p437495,Illan Meslier,50,3498,0,0,0,,,
2026-08-09T09:53:37.757477,2627,1,ARS,DEF,4,p226597,Gabriel dos Santos Magalhães,80,926992,0,0,0,,,
2026-08-09T09:53:37.757477,2627,1,ARS,DEF,5,p445122,Jurriën Timber,65,17490,0,0,0,Groin injury - Expected back 21 Aug,0,1
2026-08-09T09:53:37.757477,2627,1,ARS,DEF,6,p462424,William Saliba,60,17490,0,0,0,Back injury - Unknown return date,0,
2026-08-09T09:53:37.757477,2627,1,ARS,MID,7,p499169,Myles Lewis-Skelly,55,10494,0,0,0,,,
2026-08-09T09:53:37.757477,2627,1,ARS,DEF,8,p466075,Riccardo Calafiori,55,587678,0,0,0,,,
2026-08-09T09:53:37.757477,2627,1,ARS,DEF,9,p448104,Piero Hincapié,55,146919,0,0,0,,,
2026-08-09T09:53:37.757477,2627,1,ARS,DEF,10,p198869,Benjamin White,55,13992,0,0,0,,100,
2026-08-09T09:53:37.757477,2627,1,ARS,DEF,11,p500040,Cristhian Mosquera,55,545701,0,0,0,,,
2026-08-09T09:53:37.757477,2627,1,ARS,MID,12,p223340,Bukayo Saka,95,377793,0,0,0,,,
2026-08-09T09:53:37.757477,2627,1,ARS,MID,13,p204480,Declan Rice,75,783571,0,0,0,,,
2026-08-09T09:53:37.757477,2627,1,ARS,MID,14,p232413,Eberechi Eze,65,111938,0,0,0,,,
2026-08-09T09:53:37.757477,2627,1,ARS,MID,15,p184029,Martin Ødegaard,65,101444,0,0,0,,,
2026-08-09T09:53:37.757477,2627,1,ARS,MID,16,p248857,Noni Madueke,65,13992,0,0,0,,,
2026-08-09T09:53:37.757477,2627,1,ARS,MID,17,p195384,Mikel Merino Zazón,60,41977,0,0,0,,,
2026-08-09T09:53:37.757477,2627,1,ARS,MID,18,p444145,Gabriel Martinelli Silva,65,10494,0,0,0,,,
2026-08-09T09:53:37.757477,2627,1,ARS,MID,19,p481655,Martín Zubimendi Ibáñez,55,52471,0,0,0,,,
2026-08-09T09:53:37.757477,2627,1,ARS,MID,20,p616077,Max Dowman,55,6996,0,0,0,,,
2026-08-09T09:53:37.757477,2627,1,ARS,MID,22,p499175,Ethan Nwaneri,55,0,0,0,0,,,
2026-08-09T09:53:37.757477,2627,1,ARS,MID,23,p438098,Fábio Ferreira Vieira,55,0,0,0,0,,,
2026-08-09T09:53:37.757477,2627,1,ARS,MID,24,p200641,Reiss Nelson,55,0,0,0,0,,,
2026-08-09T09:53:37.757477,2627,1,ARS,FWD,25,p224117,Viktor Gyökeres,75,458249,0,0,0,,,
2026-08-09T09:53:37.757477,2627,1,ARS,FWD,26,p219847,Kai Havertz,75,132927,0,0,0,,,
2026-08-09T09:53:37.757477,2627,1,ARS,FWD,27,p205651,Gabriel Fernando de Jesus,60,13992,0,0,0,,,
2026-08-09T09:53:37.757477,2627,1,ARS,MID,557,p439509,Christos Tzolis,65,80455,0,0,0,,,
2026-08-09T09:53:37.757477,2627,1,AVL,GK,28,p98980,Emiliano Martínez Romero,50,167908,0,0,0,,,
2026-08-09T09:53:37.757477,2627,1,AVL,GK,29,p72147,Marco Bizot,45,3498,0,0,0,,,
2026-08-09T09:53:37.757477,2627,1,AVL,DEF,30,p101188,Lucas Digne,45,48973,0,0,0,,,
2026-08-09T09:53:37.757477,2627,1,AVL,DEF,31,p199798,Ezri Konsa Ngoyo,45,580682,0,0,0,,,
2026-08-09T09:53:37.757477,2627,1,AVL,DEF,32,p199796,Matty Cash,45,272850,0,0,0,,,
2026-08-09T09:53:37.757477,2627,1,AVL,DEF,33,p149484,Tyrone Mings,45,6996,0,0,0,,,
2026-08-09T09:53:37.757477,2627,1,AVL,DEF,34,p244954,Pau Torres,45,10494,0,0,0,,,
2026-08-09T09:53:37.757477,2627,1,AVL,MID,35,p515597,Lamare Bogarde,50,3498,0,0,0,,,
2026-08-09T09:53:37.757477,2627,1,AVL,DEF,36,p441302,Ian Maatsen,45,20988,0,0,0,,,
2026-08-09T09:53:37.757477,2627,1,AVL,DEF,37,p184667,Victor Lindelöf,45,6996,0,0,0,,,
2026-08-09T09:53:37.757477,2627,1,AVL,DEF,38,p606798,Andrés García,40,55969,0,0,0,,,
2026-08-09T09:53:37.757477,2627,1,AVL,DEF,39,p578545,Kosta Nedeljkovic,40,20988,0,0,0,,,
2026-08-09T09:53:37.757477,2627,1,AVL,MID,41,p195546,Emiliano Buendía Stati,60,31482,0,0,0,,,
2026-08-09T09:53:37.757477,2627,1,AVL,MID,42,p485337,Evann Guessand,55,0,0,0,0,,,
2026-08-09T09:53:37.757477,2627,1,AVL,MID,44,p215711,Leon Bailey,55,3498,0,0,0,,,
2026-08-09T09:53:37.757477,2627,1,AVL,MID,45,p122806,John McGinn,55,94448,0,0,0,,,
2026-08-09T09:53:37.757477,2627,1,AVL,MID,46,p88894,Ross Barkley,50,6996,0,0,0,,,
2026-08-09T09:53:37.757477,2627,1,AVL,MID,47,p226944,Boubacar Kamara,50,3498,0,0,0,,100,
2026-08-09T09:53:37.757477,2627,1,AVL,MID,48,p449871,Amadou Onana,50,0,0,0,0,Knee injury - Unknown return date,0,
2026-08-09T09:53:37.757477,2627,1,AVL,MID,49,p469247,Samuel Iling-Junior,50,0,0,0,0,,,
2026-08-09T09:53:37.757477,2627,1,AVL,MID,50,p645618,Bradley Burrowes,45,31482,0,0,0,,,
2026-08-09T09:53:37.757477,2627,1,AVL,MID,51,p577285,George Hemmings,45,10494,0,0,0,,,
2026-08-09T09:53:37.757477,2627,1,AVL,MID,52,p653481,Alysson Edward Franco da Rocha dos Santos,50,0,0,0,0,,,
2026-08-09T09:53:37.757477,2627,1,AVL,MID,53,p614071,Johan Manzambi,60,73459,0,0,0,,,
2026-08-09T09:53:37.757477,2627,1,AVL,MID,54,p448089,Joao Gomes,55,10494,0,0,0,,,
2026-08-09T09:53:37.757477,2627,1,AVL,FWD,55,p178301,Ollie Watkins,80,444256,0,0,0,,,
2026-08-09T09:53:37.757477,2627,1,AVL,FWD,56,p173879,Tammy Abraham,55,3498,0,0,0,,100,
2026-08-09T09:53:37.757477,2627,1,AVL,MID,160,p493105,Alejandro Garnacho Ferreyra,60,34980,0,0,0,,,
2026-08-09T09:53:37.757477,2627,1,BOU,GK,57,p457569,Đorđe Petrović,45,129429,0,0,0,,,
2026-08-09T09:53:37.757477,2627,1,BOU,GK,58,p40383,Fraser Forster,40,108440,0,0,0,,,
2026-08-09T09:53:37.757477,2627,1,BOU,GK,59,p444172,Will Dennis,40,6996,0,0,0,,,
2026-08-09T09:53:37.757477,2627,1,BOU,DEF,60,p463981,James Hill,55,41977,0,0,0,,,
2026-08-09T09:53:37.757477,2627,1,BOU,DEF,61,p494521,Adrien Truffert,55,167908,0,0,0,,,
2026-08-09T09:53:37.757477,2627,1,BOU,DEF,62,p242882,Bafodé Diakité,50,6996,0,0,0,,,
2026-08-09T09:53:37.757477,2627,1,BOU,DEF,63,p620487,Veljko Milosavljevic,50,3498,0,0,0,Unspecified injury - Unknown return date,0,
2026-08-09T09:53:37.757477,2627,1,BOU,DEF,64,p54469,Adam Smith,45,3498,0,0,0,,,
2026-08-09T09:53:37.757477,2627,1,BOU,DEF,65,p436893,Julián Araujo Zúñiga,45,3498,0,0,0,Thigh injury - Unknown return date,0,
2026-08-09T09:53:37.757477,2627,1,BOU,DEF,66,p575901,Julio Soler Barreto,40,20988,0,0,0,,,
2026-08-09T09:53:37.757477,2627,1,BOU,MID,67,p499604,Rayan Vitor Simplício Rocha,65,122433,0,0,0,,,
2026-08-09T09:53:37.757477,2627,1,BOU,MID,68,p201658,Marcus Tavernier,60,66463,0,0,0,,,
2026-08-09T09:53:37.757477,2627,1,BOU,MID,69,p503139,Alex Scott,60,55969,0,0,0,,,
2026-08-09T09:53:37.757477,2627,1,BOU,MID,70,p222683,Justin Kluivert,60,38478,0,0,0,,,
2026-08-09T09:53:37.757477,2627,1,BOU,MID,71,p155408,Lewis Cook,50,3498,0,0,0,,,
2026-08-09T09:53:37.757477,2627,1,BOU,MID,72,p496208,Ben Gannon-Doak,50,3498,0,0,0,,,
2026-08-09T09:53:37.757477,2627,1,BOU,MID,73,p200785,Tyler Adams,50,24486,0,0,0,,,
2026-08-09T09:53:37.757477,2627,1,BOU,MID,74,p111317,David Brooks,50,6996,0,0,0,,,
2026-08-09T09:53:37.757477,2627,1,BOU,MID,75,p158499,Ryan Christie,50,0,0,0,0,Suspended until 29 Aug,0,2
2026-08-09T09:53:37.757477,2627,1,BOU,MID,76,p614574,Alex Tóth,50,0,0,0,0,,,
2026-08-09T09:53:37.757477,2627,1,BOU,MID,77,p489888,Amine Adli,50,6996,0,0,0,,,
2026-08-09T09:53:37.757477,2627,1,BOU,MID,78,p560262,Junior Kroupi,75,143421,0,0,0,Foot injury - Unknown return date,0,
2026-08-09T09:53:37.757477,2627,1,BOU,FWD,79,p444102,Francisco Evanilson de Lima Barbosa,60,69961,0,0,0,,,
2026-08-09T09:53:37.757477,2627,1,BOU,FWD,80,p168636,Enes Ünal,55,6996,0,0,0,,,
2026-08-09T09:53:37.757477,2627,1,BOU,FWD,81,p561245,Álvaro Rodríguez,60,10494,0,0,0,,,
2026-08-09T09:53:37.757477,2627,1,BOU,DEF,566,p483067,António João Pereira de Albuquerque Tavares da Silva,50,6996,0,0,0,,,
2026-08-09T09:53:37.757477,2627,1,BOU,DEF,573,p494928,Juanlu Sánchez,45,0,0,0,0,,,
2026-08-09T09:53:37.757477,2627,1,BRE,GK,82,p200720,Caoimhín Kelleher,50,195892,0,0,0,,,
2026-08-09T09:53:37.757477,2627,1,BRE,GK,83,p507433,Hákon Rafn Valdimarsson,45,3498,0,0,0,,,
2026-08-09T09:53:37.757477,2627,1,BRE,DEF,84,p432830,Nathan Collins,55,69961,0,0,0,,,
2026-08-09T09:53:37.757477,2627,1,BRE,DEF,85,p444765,Sepp van den Berg,50,24486,0,0,0,,,
2026-08-09T09:53:37.757477,2627,1,BRE,MID,86,p249231,Keane Lewis-Potter,55,17490,0,0,0,,,
2026-08-09T09:53:37.757477,2627,1,BRE,DEF,87,p191866,Kristoffer Ajer,45,55969,0,0,0,,,
2026-08-09T09:53:37.757477,2627,1,BRE,DEF,88,p607464,Michael Kayode,45,132927,0,0,0,,,
2026-08-09T09:53:37.757477,2627,1,BRE,DEF,89,p194010,Rico Henry,45,6996,0,0,0,,,
2026-08-09T09:53:37.757477,2627,1,BRE,DEF,90,p472713,Aaron Hickey,45,3498,0,0,0,,,
2026-08-09T09:53:37.757477,2627,1,BRE,DEF,91,p231065,Ethan Pinnock,45,3498,0,0,0,,,
2026-08-09T09:53:37.757477,2627,1,BRE,DEF,92,p570241,Kim Ji-soo,45,0,0,0,0,,,
2026-08-09T09:53:37.757477,2627,1,BRE,DEF,93,p513086,Jannik Schuster,45,3498,0,0,0,,,
2026-08-09T09:53:37.757477,2627,1,BRE,MID,94,p513418,Kevin Schade,60,73459,0,0,0,,,
2026-08-09T09:53:37.757477,2627,1,BRE,MID,95,p533463,Dango Ouattara,65,48973,0,0,0,,,
2026-08-09T09:53:37.757477,2627,1,BRE,MID,96,p440089,Mikkel Damsgaard,55,24486,0,0,0,,,
2026-08-09T09:53:37.757477,2627,1,BRE,MID,97,p207283,Mathias Jensen,55,3498,0,0,0,,,
2026-08-09T09:53:37.757477,2627,1,BRE,MID,98,p204580,Vitaly Janelt,50,3498,0,0,0,,,
2026-08-09T09:53:37.757477,2627,1,BRE,MID,99,p543295,Antoni Milambo,50,0,0,0,0,Knee injury - 75% chance of playing,75,
2026-08-09T09:53:37.757477,2627,1,BRE,MID,100,p244858,Fábio Freitas Gouveia Carvalho,50,0,0,0,0,,100,
2026-08-09T09:53:37.757477,2627,1,BRE,MID,102,p508395,Yehor Yarmoliuk,50,52471,0,0,0,,,
2026-08-09T09:53:37.757477,2627,1,BRE,MID,103,p183656,Josh Dasilva,50,0,0,0,0,,,
2026-08-09T09:53:37.757477,2627,1,BRE,MID,105,p444180,Jaidon Anthony,60,6996,0,0,0,,,
2026-08-09T09:53:37.757477,2627,1,BRE,FWD,106,p502500,Igor Thiago Nascimento Rodrigues,80,563191,0,0,0,,,
2026-08-09T09:53:37.757477,2627,1,BRE,FWD,107,p593174,Kaye Furo,45,27984,0,0,0,,,
2026-08-09T09:53:37.757477,2627,1,BRE,FWD,108,p75115,Callum Wilson,55,13992,0,0,0,,,
2026-08-09T09:53:37.757477,2627,1,BRE,MID,565,p513545,Mamadou Sangaré,55,45475,0,0,0,,,
2026-08-09T09:53:37.757477,2627,1,BHA,GK,109,p489639,Bart Verbruggen,45,594674,0,0,0,,,
2026-08-09T09:53:37.757477,2627,1,BHA,GK,111,p49262,Jason Steele,40,157413,0,0,0,,,
2026-08-09T09:53:37.757477,2627,1,BHA,DEF,113,p231416,Ferdi Kadıoğlu,45,101444,0,0,0,,,
2026-08-09T09:53:37.757477,2627,1,BHA,DEF,114,p204120,Olivier Boscagli,45,3498,0,0,0,,,
2026-08-09T09:53:37.757477,2627,1,BHA,DEF,115,p465730,Maxim De Cuyper,45,45475,0,0,0,,,
2026-08-09T09:53:37.757477,2627,1,BHA,DEF,116,p83299,Lewis Dunk,45,27984,0,0,0,,,
2026-08-09T09:53:37.757477,2627,1,BHA,DEF,117,p550090,Diego Coppola,45,0,0,0,0,,,
2026-08-09T09:53:37.757477,2627,1,BHA,DEF,118,p223434,Igor Julio dos Santos de Paulo,45,3498,0,0,0,,,
2026-08-09T09:53:37.757477,2627,1,BHA,DEF,119,p451490,João Pedro Loureiro da Costa,45,0,0,0,0,,,
2026-08-09T09:53:37.757477,2627,1,BHA,DEF,120,p454490,Michael Svoboda,50,3498,0,0,0,,,
2026-08-09T09:53:37.757477,2627,1,BHA,MID,121,p451340,Mitoma Kaoru,60,6996,0,0,0,Hamstring injury - Unknown return date,0,
2026-08-09T09:53:37.757477,2627,1,BHA,MID,122,p592031,Yankuba Minteh,60,24486,0,0,0,,,
2026-08-09T09:53:37.757477,2627,1,BHA,MID,123,p532529,Jack Hinshelwood,60,10494,0,0,0,,,
2026-08-09T09:53:37.757477,2627,1,BHA,MID,124,p60307,Pascal Groß,55,328820,0,0,0,,,
2026-08-09T09:53:37.757477,2627,1,BHA,FWD,125,p463067,Georginio Rutter,55,27984,0,0,0,,,
2026-08-09T09:53:37.757477,2627,1,BHA,MID,126,p219249,Matt O'Riley,55,3498,0,0,0,,,
2026-08-09T09:53:37.757477,2627,1,BHA,MID,127,p514254,Diego Gómez Amarilla,50,62965,0,0,0,,,
2026-08-09T09:53:37.757477,2627,1,BHA,MID,128,p536916,Facundo Buonanotte,50,3498,0,0,0,,,
2026-08-09T09:53:37.757477,2627,1,BHA,MID,129,p509416,Yasin Ayari,55,27984,0,0,0,,,
2026-08-09T09:53:37.757477,2627,1,BHA,DEF,130,p467779,Mats Wieffer,50,10494,0,0,0,,,
2026-08-09T09:53:37.757477,2627,1,BHA,MID,131,p535301,Carlos Baleba,50,17490,0,0,0,Ankle injury - Expected back 23 Aug,0,1
2026-08-09T09:53:37.757477,2627,1,BHA,MID,132,p597320,Harry Howell,45,10494,0,0,0,,,
2026-08-09T09:53:37.757477,2627,1,BHA,MID,133,p549074,Tom Watson,50,0,0,0,0,Has joined Leicester City on loan for the rest of the season,0,
2026-08-09T09:53:37.757477,2627,1,BHA,MID,134,p556637,Nehemiah Oriola,45,6996,0,0,0,,,
2026-08-09T09:53:37.757477,2627,1,BHA,MID,135,p700308,Zadok Yohanna,50,3498,0,0,0,,,
2026-08-09T09:53:37.757477,2627,1,BHA,FWD,137,p608181,Stefanos Tzimas,55,0,0,0,0,Knee injury - 75% chance of playing,75,
2026-08-09T09:53:37.757477,2627,1,BHA,FWD,138,p647850,Charalampos Kostoulas,55,10494,0,0,0,,,
2026-08-09T09:53:37.757477,2627,1,BHA,FWD,139,p487117,Evan Ferguson,50,0,0,0,0,Ankle injury - Expected back 10 Oct,0,6
2026-08-09T09:53:37.757477,2627,1,BHA,DEF,328,p222694,Pascal Struijk,50,17490,0,0,0,,,
2026-08-09T09:53:37.757477,2627,1,BHA,DEF,504,p610799,Luka Vušković,50,101444,0,0,0,,,
2026-08-09T09:53:37.757477,2627,1,CHE,MID,40,p244850,Morgan Rogers,75,1003950,0,0,0,,,
2026-08-09T09:53:37.757477,2627,1,CHE,MID,101,p56979,Jordan Henderson,50,0,0,0,0,Wrist injury - 75% chance of playing,75,
2026-08-09T09:53:37.757477,2627,1,CHE,FWD,136,p50175,Danny Welbeck,60,94448,0,0,0,,,
2026-08-09T09:53:37.757477,2627,1,CHE,GK,140,p215059,Robert Lynch Sánchez,50,69961,0,0,0,,,
2026-08-09T09:53:37.757477,2627,1,CHE,GK,141,p508479,Filip Jörgensen,50,3498,0,0,0,,,
2026-08-09T09:53:37.757477,2627,1,CHE,DEF,142,p225796,Reece James,55,276348,0,0,0,,,
2026-08-09T09:53:37.757477,2627,1,CHE,DEF,143,p180736,Trevoh Chalobah,55,66463,0,0,0,,,
2026-08-09T09:53:37.757477,2627,1,CHE,DEF,144,p482609,Malo Gusto,50,38478,0,0,0,,,
2026-08-09T09:53:37.757477,2627,1,CHE,DEF,145,p444463,Wesley Fofana,50,0,0,0,0,Suspended until 6 Sep,0,3
2026-08-09T09:53:37.757477,2627,1,CHE,DEF,146,p242880,Benoît Badiashile Mukinayi,45,0,0,0,0,,,
2026-08-09T09:53:37.757477,2627,1,CHE,DEF,147,p109646,Tosin Adarabioyo,45,6996,0,0,0,,,
2026-08-09T09:53:37.757477,2627,1,CHE,DEF,148,p551210,Jorrel Hato,45,34980,0,0,0,,,
2026-08-09T09:53:37.757477,2627,1,CHE,DEF,149,p460028,Levi Samuels Colwill,50,59467,0,0,0,,,
2026-08-09T09:53:37.757477,2627,1,CHE,DEF,150,p574458,Mamadou Sarr,45,3498,0,0,0,,,
2026-08-09T09:53:37.757477,2627,1,CHE,DEF,151,p577016,Josh Acheampong,45,6996,0,0,0,,,
2026-08-09T09:53:37.757477,2627,1,CHE,DEF,152,p620109,Marco Palestra,55,66463,0,0,0,,,
2026-08-09T09:53:37.757477,2627,1,CHE,DEF,153,p220362,Axel Disasi,45,3498,0,0,0,,,
2026-08-09T09:53:37.757477,2627,1,CHE,MID,154,p244851,Cole Palmer,95,409276,0,0,0,,,
2026-08-09T09:53:37.757477,2627,1,CHE,MID,155,p448047,Enzo Fernández,70,192394,0,0,0,,,
2026-08-09T09:53:37.757477,2627,1,CHE,MID,156,p247632,Pedro Lomba Neto,65,45475,0,0,0,,,
2026-08-09T09:53:37.757477,2627,1,CHE,MID,157,p624773,Estêvão Almeida de Oliveira Gonçalves,65,59467,0,0,0,,,
2026-08-09T09:53:37.757477,2627,1,CHE,MID,158,p463936,Jamie Bynoe-Gittens,60,3498,0,0,0,,,
2026-08-09T09:53:37.757477,2627,1,CHE,MID,159,p486672,Moisés Caicedo Corozo,55,139923,0,0,0,,,
2026-08-09T09:53:37.757477,2627,1,CHE,MID,161,p514356,Roméo Lavia,50,0,0,0,0,,,
2026-08-09T09:53:37.757477,2627,1,CHE,MID,163,p491007,Dário Luís Essugo,45,6996,0,0,0,,,
2026-08-09T09:53:37.757477,2627,1,CHE,MID,164,p593117,Geovany Quenda,55,3498,0,0,0,,100,
2026-08-09T09:53:37.757477,2627,1,CHE,FWD,165,p475168,João Pedro Junqueira de Jesus,75,1923947,0,0,0,,,
2026-08-09T09:53:37.757477,2627,1,CHE,FWD,166,p517052,Nicolas Jackson,65,13992,0,0,0,,,
2026-08-09T09:53:37.757477,2627,1,CHE,FWD,167,p463034,Liam Delap,55,17490,0,0,0,,,
2026-08-09T09:53:37.757477,2627,1,CHE,FWD,168,p499309,Marc Guiu Paz,50,13992,0,0,0,,,
2026-08-09T09:53:37.757477,2627,1,CHE,FWD,169,p567119,Shumaira Mheuka,45,13992,0,0,0,,,
2026-08-09T09:53:37.757477,2627,1,CHE,FWD,170,p503037,Emmanuel Emegha,50,6996,0,0,0,Hamstring injury - 75% chance of playing,75,
2026-08-09T09:53:37.757477,2627,1,CHE,DEF,200,p437499,Maxence Lacroix,60,409276,0,0,0,,,
2026-08-09T09:53:37.757477,2627,1,CHE,GK,560,p549939,Mike Penders,45,3498,0,0,0,,,
2026-08-09T09:53:37.757477,2627,1,CHE,DEF,561,p622758,Aaron Anselmino,45,0,0,0,0,,,
2026-08-09T09:53:37.757477,2627,1,CHE,MID,568,p543158,Valentín Barco,55,0,0,0,0,,,
2026-08-09T09:53:37.757477,2627,1,COV,MID,104,p428580,Frank Onyeka,50,6996,0,0,0,,,
2026-08-09T09:53:37.757477,2627,1,COV,GK,110,p472739,Carl Rushworth,45,31482,0,0,0,,,
2026-08-09T09:53:37.757477,2627,1,COV,GK,171,p484389,Oliver Dovin,40,90950,0,0,0,,,
2026-08-09T09:53:37.757477,2627,1,COV,GK,172,p110690,Ben Wilson,45,20988,0,0,0,,,
2026-08-09T09:53:37.757477,2627,1,COV,DEF,173,p461102,Bobby Thomas,40,304333,0,0,0,,,
2026-08-09T09:53:37.757477,2627,1,COV,DEF,174,p436761,Liam Kitching,40,17490,0,0,0,,,
2026-08-09T09:53:37.757477,2627,1,COV,DEF,175,p451284,Milan van Ewijk,40,556195,0,0,0,,,
2026-08-09T09:53:37.757477,2627,1,COV,DEF,176,p173878,Jay Dasilva,40,20988,0,0,0,,,
2026-08-09T09:53:37.757477,2627,1,COV,DEF,177,p465390,Kaine Kesler-Hayden,40,3498,0,0,0,,,
2026-08-09T09:53:37.757477,2627,1,COV,DEF,178,p80178,Jake Bidwell,40,3498,0,0,0,,,
2026-08-09T09:53:37.757477,2627,1,COV,DEF,179,p204813,Joel Latibeaudiere,40,3498,0,0,0,,,
2026-08-09T09:53:37.757477,2627,1,COV,DEF,180,p220583,Luke Woolfenden,40,6996,0,0,0,,,
2026-08-09T09:53:37.757477,2627,1,COV,DEF,181,p577411,Miguel Brau,40,3498,0,0,0,,,
2026-08-09T09:53:37.757477,2627,1,COV,DEF,182,p539142,Aurèle Amenda,40,20988,0,0,0,,,
2026-08-09T09:53:37.757477,2627,1,COV,MID,183,p480457,Jack Rudoni,50,10494,0,0,0,Shoulder injury - 75% chance of playing,75,
2026-08-09T09:53:37.757477,2627,1,COV,MID,184,p168144,Matt Grimes,50,6996,0,0,0,,,
2026-08-09T09:53:37.757477,2627,1,COV,MID,185,p501459,Tatsuhiro Sakamoto,50,3498,0,0,0,,,
2026-08-09T09:53:37.757477,2627,1,COV,MID,186,p241293,Ephron Mason-Clark,55,10494,0,0,0,,,
2026-08-09T09:53:37.757477,2627,1,COV,MID,187,p439668,Josh Eccles,50,0,0,0,0,,,
2026-08-09T09:53:37.757477,2627,1,COV,MID,188,p226965,Victor Torp,55,6996,0,0,0,,,
2026-08-09T09:53:37.757477,2627,1,COV,MID,189,p684268,George Shepherd,45,10494,0,0,0,,,
2026-08-09T09:53:37.757477,2627,1,COV,MID,190,p469272,Loum Tchaouna,55,3498,0,0,0,,,
2026-08-09T09:53:37.757477,2627,1,COV,MID,191,p492498,Raphael Borges Rodrigues,45,6996,0,0,0,,,
2026-08-09T09:53:37.757477,2627,1,COV,MID,192,p629397,Kaine Andrews,45,24486,0,0,0,,,
2026-08-09T09:53:37.757477,2627,1,COV,FWD,193,p176412,Haji Wright,55,62965,0,0,0,,,
2026-08-09T09:53:37.757477,2627,1,COV,FWD,194,p230730,Brandon Thomas-Asante,50,31482,0,0,0,,,
2026-08-09T09:53:37.757477,2627,1,COV,FWD,195,p218997,Ellis Simms,50,20988,0,0,0,,,
2026-08-09T09:53:37.757477,2627,1,COV,FWD,196,p551262,Jahnoah Markelo,50,3498,0,0,0,,,
2026-08-09T09:53:37.757477,2627,1,COV,FWD,197,p549653,Norman Bassette,45,13992,0,0,0,Has joined KVC Westerlo on loan for the rest of the season,0,
2026-08-09T09:53:37.757477,2627,1,CRY,GK,198,p172649,Dean Henderson,50,108440,0,0,0,,,
2026-08-09T09:53:37.757477,2627,1,CRY,GK,199,p121709,Walter Benítez,45,3498,0,0,0,,,
2026-08-09T09:53:37.757477,2627,1,CRY,DEF,201,p247348,Daniel Muñoz Mejía,55,405777,0,0,0,,,
2026-08-09T09:53:37.757477,2627,1,CRY,DEF,202,p427623,Chris Richards,50,27984,0,0,0,,,
2026-08-09T09:53:37.757477,2627,1,CRY,DEF,203,p651426,Jaydee Canvot,50,20988,0,0,0,,,
2026-08-09T09:53:37.757477,2627,1,CRY,DEF,204,p244723,Tyrick Mitchell,45,237869,0,0,0,,,
2026-08-09T09:53:37.757477,2627,1,CRY,DEF,205,p218364,Borna Sosa,45,0,0,0,0,,,
2026-08-09T09:53:37.757477,2627,1,CRY,DEF,206,p515621,Chadi Riad Dnanou,45,3498,0,0,0,,,
2026-08-09T09:53:37.757477,2627,1,CRY,DEF,207,p242313,Oscar Mingueza,45,3498,0,0,0,,,
2026-08-09T09:53:37.757477,2627,1,CRY,MID,208,p232185,Ismaïla Sarr,65,307831,0,0,0,,,
2026-08-09T09:53:37.757477,2627,1,CRY,MID,209,p242898,Brennan Johnson,60,3498,0,0,0,,,
2026-08-09T09:53:37.757477,2627,1,CRY,MID,210,p496221,Adam Wharton,55,10494,0,0,0,,100,
2026-08-09T09:53:37.757477,2627,1,CRY,MID,211,p488024,Yéremy Pino Santos,55,6996,0,0,0,,,
2026-08-09T09:53:37.757477,2627,1,CRY,MID,212,p108413,Will Hughes,45,388287,0,0,0,,,
2026-08-09T09:53:37.757477,2627,1,CRY,MID,213,p152551,Jefferson Lerma Solís,50,3498,0,0,0,,,
2026-08-09T09:53:37.757477,2627,1,CRY,MID,214,p209400,Daichi Kamada,50,10494,0,0,0,,,
2026-08-09T09:53:37.757477,2627,1,CRY,MID,215,p489706,Justin Devenny,50,0,0,0,0,,,
2026-08-09T09:53:37.757477,2627,1,CRY,MID,216,p606921,Romain Esse,50,3498,0,0,0,,,
2026-08-09T09:53:37.757477,2627,1,CRY,MID,217,p536694,Matheus França de Oliveira,50,0,0,0,0,,,
2026-08-09T09:53:37.757477,2627,1,CRY,MID,218,p438464,Cheick Doucouré,50,3498,0,0,0,,,
2026-08-09T09:53:37.757477,2627,1,CRY,MID,219,p450542,Jesurun Rak-Sakyi,50,0,0,0,0,,,
2026-08-09T09:53:37.757477,2627,1,CRY,DEF,220,p590014,Rio Cardines,45,0,0,0,0,,,
2026-08-09T09:53:37.757477,2627,1,CRY,MID,221,p672492,Joél Drakes-Thomas,45,3498,0,0,0,,,
2026-08-09T09:53:37.757477,2627,1,CRY,FWD,222,p247412,Jørgen Strand Larsen,60,20988,0,0,0,,,
2026-08-09T09:53:37.757477,2627,1,CRY,FWD,223,p231747,Jean-Philippe Mateta,65,237869,0,0,0,,,
2026-08-09T09:53:37.757477,2627,1,CRY,FWD,224,p205533,Eddie Nketiah,55,17490,0,0,0,,,
2026-08-09T09:53:37.757477,2627,1,CRY,FWD,225,p660392,Christantus Uche,50,0,0,0,0,has returned to Getafe CF,0,
2026-08-09T09:53:37.757477,2627,1,CRY,GK,555,p169593,Remi Matthews,40,59467,0,0,0,,,
2026-08-09T09:53:37.757477,2627,1,EVE,MID,21,p128295,Christian Nørgaard,50,17490,0,0,0,,,
2026-08-09T09:53:37.757477,2627,1,EVE,GK,226,p111234,Jordan Pickford,55,311329,0,0,0,,,
2026-08-09T09:53:37.757477,2627,1,EVE,GK,227,p229600,Mark Travers,50,3498,0,0,0,,,
2026-08-09T09:53:37.757477,2627,1,EVE,GK,228,p138001,Tom King,45,3498,0,0,0,,,
2026-08-09T09:53:37.757477,2627,1,EVE,DEF,229,p17761,James Tarkowski,60,346310,0,0,0,,,
2026-08-09T09:53:37.757477,2627,1,EVE,DEF,230,p480455,Jarrad Branthwaite,55,66463,0,0,0,,,
2026-08-09T09:53:37.757477,2627,1,EVE,DEF,231,p106611,Michael Keane,50,55969,0,0,0,,,
2026-08-09T09:53:37.757477,2627,1,EVE,DEF,232,p512462,Jake O'Brien,50,17490,0,0,0,,,
2026-08-09T09:53:37.757477,2627,1,EVE,DEF,233,p224967,Vitalii Mykolenko,45,45475,0,0,0,,,
2026-08-09T09:53:37.757477,2627,1,EVE,DEF,234,p243571,Nathan Patterson,45,0,0,0,0,,,
2026-08-09T09:53:37.757477,2627,1,EVE,DEF,235,p499300,Adam Aznou,40,6996,0,0,0,,,
2026-08-09T09:53:37.757477,2627,1,EVE,MID,236,p215413,Kiernan Dewsbury-Hall,65,132927,0,0,0,,,
2026-08-09T09:53:37.757477,2627,1,EVE,MID,237,p440993,Iliman Ndiaye,60,552697,0,0,0,,,
2026-08-09T09:53:37.757477,2627,1,EVE,MID,239,p232928,James Garner,60,20988,0,0,0,Groin injury - Expected back 22 Aug,0,1
2026-08-09T09:53:37.757477,2627,1,EVE,MID,240,p490094,Tim Iroegbunam,50,3498,0,0,0,,,
2026-08-09T09:53:37.757477,2627,1,EVE,MID,241,p433154,Dwight McNeil,55,3498,0,0,0,,,
2026-08-09T09:53:37.757477,2627,1,EVE,MID,242,p550615,Tyrique George,55,3498,0,0,0,,,
2026-08-09T09:53:37.757477,2627,1,EVE,MID,243,p502697,Carlos Alcaraz Durán,50,3498,0,0,0,,,
2026-08-09T09:53:37.757477,2627,1,EVE,MID,244,p609873,Harrison Armstrong,50,3498,0,0,0,,,
2026-08-09T09:53:37.757477,2627,1,EVE,MID,245,p496661,Tyler Dibling,55,3498,0,0,0,,,
2026-08-09T09:53:37.757477,2627,1,EVE,MID,246,p513466,Merlin Röhl,50,3498,0,0,0,,,
2026-08-09T09:53:37.757477,2627,1,EVE,MID,247,p244860,Hayden Hackney,55,10494,0,0,0,,,
2026-08-09T09:53:37.757477,2627,1,EVE,FWD,248,p486385,Norberto Bercique Gomes Betuncal,55,111938,0,0,0,,,
2026-08-09T09:53:37.757477,2627,1,EVE,FWD,249,p586309,Thierno Barry,55,31482,0,0,0,,,
2026-08-09T09:53:37.757477,2627,1,FUL,GK,250,p80201,Bernd Leno,45,111938,0,0,0,,,
2026-08-09T09:53:37.757477,2627,1,FUL,GK,251,p86873,Benjamin Lecomte,40,48973,0,0,0,,,
2026-08-09T09:53:37.757477,2627,1,FUL,GK,252,p505079,Alfie McNally,40,6996,0,0,0,,,
2026-08-09T09:53:37.757477,2627,1,FUL,DEF,253,p174874,Joachim Andersen,50,3498,0,0,0,Suspended until 30 Aug,0,2
2026-08-09T09:53:37.757477,2627,1,FUL,DEF,254,p169528,Antonee Robinson,45,90950,0,0,0,,,
2026-08-09T09:53:37.757477,2627,1,FUL,DEF,255,p246301,Jorge Cuenca Barreno,45,0,0,0,0,,,
2026-08-09T09:53:37.757477,2627,1,FUL,DEF,256,p167074,Kenny Tete,45,6996,0,0,0,,,
2026-08-09T09:53:37.757477,2627,1,FUL,DEF,257,p232892,Calvin Bassey,45,20988,0,0,0,,,
2026-08-09T09:53:37.757477,2627,1,FUL,DEF,258,p166477,Timothy Castagne,45,6996,0,0,0,,,
2026-08-09T09:53:37.757477,2627,1,FUL,MID,261,p153133,Alex Iwobi,55,31482,0,0,0,,,
2026-08-09T09:53:37.757477,2627,1,FUL,MID,262,p209289,Emile Smith Rowe,55,13992,0,0,0,,,
2026-08-09T09:53:37.757477,2627,1,FUL,MID,263,p560552,Kevin Santos Lopes de Macedo,55,3498,0,0,0,,,
2026-08-09T09:53:37.757477,2627,1,FUL,MID,264,p477555,Oscar Bobb,55,13992,0,0,0,,,
2026-08-09T09:53:37.757477,2627,1,FUL,MID,265,p207189,Sander Berge,50,13992,0,0,0,,,
2026-08-09T09:53:37.757477,2627,1,FUL,MID,266,p76357,Tom Cairney,50,0,0,0,0,,,
2026-08-09T09:53:37.757477,2627,1,FUL,MID,267,p212314,Saša Lukić,50,3498,0,0,0,,,
2026-08-09T09:53:37.757477,2627,1,FUL,MID,268,p577725,Josh King,55,3498,0,0,0,,,
2026-08-09T09:53:37.757477,2627,1,FUL,DEF,269,p184349,Ryan Sessegnon,45,13992,0,0,0,,,
2026-08-09T09:53:37.757477,2627,1,FUL,MID,270,p153366,Harrison Reed,45,38478,0,0,0,,,
2026-08-09T09:53:37.757477,2627,1,FUL,FWD,271,p244042,Rodrigo Muniz Carvalho,55,24486,0,0,0,,,
2026-08-09T09:53:37.757477,2627,1,FUL,FWD,272,p631786,Jonah Kusi-Asare,45,272850,0,0,0,,,
2026-08-09T09:53:37.757477,2627,1,FUL,FWD,569,p551466,Gonzalo García,60,48973,0,0,0,,,
2026-08-09T09:53:37.757477,2627,1,FUL,MID,570,p571779,César Palacios,55,3498,0,0,0,,,
2026-08-09T09:53:37.757477,2627,1,HUL,GK,273,p167825,Dillon Phillips,40,69961,0,0,0,,,
2026-08-09T09:53:37.757477,2627,1,HUL,GK,274,p105666,Jack Butland,45,31482,0,0,0,Arm injury - Unknown return date,0,
2026-08-09T09:53:37.757477,2627,1,HUL,GK,275,p494950,Harvey Cartwright,40,3498,0,0,0,Has joined Grimsby Town on loan for the rest of the season,0,
2026-08-09T09:53:37.757477,2627,1,HUL,GK,276,p444307,Thimothée Lo-Tutala,40,6996,0,0,0,,,
2026-08-09T09:53:37.757477,2627,1,HUL,DEF,277,p108416,John Egan,40,41977,0,0,0,,,
2026-08-09T09:53:37.757477,2627,1,HUL,DEF,278,p501902,Charlie Hughes,40,31482,0,0,0,Groin injury - Unknown return date,0,
2026-08-09T09:53:37.757477,2627,1,HUL,DEF,279,p146426,Semi Ajayi,40,24486,0,0,0,,,
2026-08-09T09:53:37.757477,2627,1,HUL,DEF,280,p193278,Lewie Coyle,40,17490,0,0,0,,,
2026-08-09T09:53:37.757477,2627,1,HUL,DEF,281,p433590,Cody Drameh,40,3498,0,0,0,Hamstring injury - Expected back 29 Aug,0,2
2026-08-09T09:53:37.757477,2627,1,HUL,DEF,282,p232351,Ryan Giles,40,24486,0,0,0,,,
2026-08-09T09:53:37.757477,2627,1,HUL,DEF,283,p449428,Matty Jacob,40,0,0,0,0,Hip injury - 75% chance of playing,75,
2026-08-09T09:53:37.757477,2627,1,HUL,DEF,284,p661800,Cathal McCarthy,40,3498,0,0,0,,,
2026-08-09T09:53:37.757477,2627,1,HUL,DEF,285,p160817,Paddy McNair,40,3498,0,0,0,,,
2026-08-09T09:53:37.757477,2627,1,HUL,MID,286,p540324,Mohamed Belloumi,50,17490,0,0,0,,,
2026-08-09T09:53:37.757477,2627,1,HUL,MID,287,p232905,Liam Millar,50,3498,0,0,0,,,
2026-08-09T09:53:37.757477,2627,1,HUL,MID,288,p171270,Kieran Dowell,45,17490,0,0,0,,,
2026-08-09T09:53:37.757477,2627,1,HUL,MID,289,p101282,Matt Crooks,45,24486,0,0,0,,,
2026-08-09T09:53:37.757477,2627,1,HUL,MID,290,p243413,Regan Slater,45,69961,0,0,0,,,
2026-08-09T09:53:37.757477,2627,1,HUL,MID,291,p465525,Eliot Matazo,45,0,0,0,0,Knee injury - Unknown return date,0,
2026-08-09T09:53:37.757477,2627,1,HUL,MID,292,p208481,Abdülkadir Ömür,50,0,0,0,0,,,
2026-08-09T09:53:37.757477,2627,1,HUL,MID,293,p490161,Abu Kamara,50,0,0,0,0,,,
2026-08-09T09:53:37.757477,2627,1,HUL,MID,294,p553783,Óscar Zambrano,45,13992,0,0,0,Thigh injury - Unknown return date,0,
2026-08-09T09:53:37.757477,2627,1,HUL,FWD,295,p169432,Oli McBurnie,55,59467,0,0,0,,,
2026-08-09T09:53:37.757477,2627,1,HUL,MID,296,p213292,David Akintola,50,0,0,0,0,,,
2026-08-09T09:53:37.757477,2627,1,HUL,MID,297,p470294,Darko Gyabi,45,6996,0,0,0,Thigh injury - Unknown return date,0,
2026-08-09T09:53:37.757477,2627,1,HUL,FWD,298,p500957,Enis Destan,45,87452,0,0,0,,,
2026-08-09T09:53:37.757477,2627,1,HUL,FWD,299,p534392,Mason Burstow,45,20988,0,0,0,Has joined Sheffield Wednesday on loan for the rest of the season,0,
2026-08-09T09:53:37.757477,2627,1,HUL,DEF,556,p169359,Matt Targett,40,94448,0,0,0,,,
2026-08-09T09:53:37.757477,2627,1,HUL,MID,563,p445028,Hidemasa Morita,50,3498,0,0,0,,,
2026-08-09T09:53:37.757477,2627,1,HUL,GK,572,p473284,Konstantinos Tzolakis,45,3498,0,0,0,,,
2026-08-09T09:53:37.757477,2627,1,IPS,DEF,259,p219924,Issa Diop,40,668134,0,0,0,,,
2026-08-09T09:53:37.757477,2627,1,IPS,GK,300,p108813,Christian Walton,45,20988,0,0,0,,,
2026-08-09T09:53:37.757477,2627,1,IPS,GK,301,p112520,Alex Palmer,40,206387,0,0,0,,,
2026-08-09T09:53:37.757477,2627,1,IPS,GK,302,p50093,David Button,40,17490,0,0,0,,,
2026-08-09T09:53:37.757477,2627,1,IPS,DEF,303,p183015,Cédric Kipré,40,13992,0,0,0,,,
2026-08-09T09:53:37.757477,2627,1,IPS,DEF,304,p216616,Dara O'Shea,40,66463,0,0,0,,,
2026-08-09T09:53:37.757477,2627,1,IPS,DEF,305,p455084,Leif Davis,40,139923,0,0,0,,,
2026-08-09T09:53:37.757477,2627,1,IPS,DEF,306,p449429,Jacob Greaves,40,20988,0,0,0,,,
2026-08-09T09:53:37.757477,2627,1,IPS,DEF,307,p222018,Ben Johnson,40,3498,0,0,0,,,
2026-08-09T09:53:37.757477,2627,1,IPS,DEF,308,p176420,Darnell Furlong,40,13992,0,0,0,,,
2026-08-09T09:53:37.757477,2627,1,IPS,MID,309,p501390,Marcelino Núñez,50,6996,0,0,0,,,
2026-08-09T09:53:37.757477,2627,1,IPS,MID,310,p241117,Azor Matusiwa,50,0,0,0,0,Muscular injury - Unknown return date,0,
2026-08-09T09:53:37.757477,2627,1,IPS,MID,311,p149929,Wes Burns,50,3498,0,0,0,,,
2026-08-09T09:53:37.757477,2627,1,IPS,MID,312,p231899,Jack Taylor,45,6996,0,0,0,Knee injury - Unknown return date,0,
2026-08-09T09:53:37.757477,2627,1,IPS,MID,313,p443261,Jack Clarke,55,10494,0,0,0,,,
2026-08-09T09:53:37.757477,2627,1,IPS,MID,314,p229164,Chiedozie Ogbene,50,0,0,0,0,,,
2026-08-09T09:53:37.757477,2627,1,IPS,MID,315,p531442,Abdul Fatawu,55,10494,0,0,0,,,
2026-08-09T09:53:37.757477,2627,1,IPS,FWD,316,p543968,Emersonn Correia da Silva,55,10494,0,0,0,,,
2026-08-09T09:53:37.757477,2627,1,IPS,FWD,317,p222625,George Hirst,50,13992,0,0,0,,,
2026-08-09T09:53:37.757477,2627,1,IPS,MID,318,p481624,Jaden Philogene,55,6996,0,0,0,,,
2026-08-09T09:53:37.757477,2627,1,IPS,MID,319,p172453,Sam Szmodics,50,3498,0,0,0,,,
2026-08-09T09:53:37.757477,2627,1,IPS,FWD,320,p147675,Chuba Akpom,50,17490,0,0,0,,,
2026-08-09T09:53:37.757477,2627,1,IPS,FWD,321,p557012,Sindre Walle Egeli,45,73459,0,0,0,,,
2026-08-09T09:53:37.757477,2627,1,IPS,FWD,322,p462387,Ali Al-Hamadi,50,6996,0,0,0,,,
2026-08-09T09:53:37.757477,2627,1,IPS,MID,323,p461587,Kasey McAteer,45,55969,0,0,0,,,
2026-08-09T09:53:37.757477,2627,1,IPS,MID,324,p232457,Anis Mehmeti,50,3498,0,0,0,,,
2026-08-09T09:53:37.757477,2627,1,IPS,GK,554,p546600,Kayne van Oevelen,45,3498,0,0,0,,,
2026-08-09T09:53:37.757477,2627,1,IPS,MID,562,p442967,Daizen Maeda,55,13992,0,0,0,,,
2026-08-09T09:53:37.757477,2627,1,IPS,GK,564,p240514,Kjell Scherpen,45,10494,0,0,0,,,
2026-08-09T09:53:37.757477,2627,1,IPS,MID,571,p216055,Florentino Ibrain Morris Luís,50,0,0,0,0,,,
2026-08-09T09:53:37.757477,2627,1,LEE,MID,260,p153682,Harry Wilson,65,290341,0,0,0,,,
2026-08-09T09:53:37.757477,2627,1,LEE,GK,326,p201595,Lucas Estella Perri,45,24486,0,0,0,,,
2026-08-09T09:53:37.757477,2627,1,LEE,DEF,327,p434752,Jaka Bijol,50,10494,0,0,0,,,
2026-08-09T09:53:37.757477,2627,1,LEE,DEF,329,p214225,Joe Rodon,45,62965,0,0,0,,,
2026-08-09T09:53:37.757477,2627,1,LEE,DEF,330,p226182,Jayden Bogle,45,13992,0,0,0,,,
2026-08-09T09:53:37.757477,2627,1,LEE,DEF,331,p243526,Gabriel Gudmundsson,45,13992,0,0,0,Hamstring injury - Expected back 30 Aug,0,2
2026-08-09T09:53:37.757477,2627,1,LEE,DEF,332,p220627,James Justin,45,17490,0,0,0,,,
2026-08-09T09:53:37.757477,2627,1,LEE,DEF,333,p437738,Sebastiaan Bornauw,45,0,0,0,0,,,
2026-08-09T09:53:37.757477,2627,1,LEE,DEF,334,p522047,Tarik Muharemović,50,48973,0,0,0,,,
2026-08-09T09:53:37.757477,2627,1,LEE,MID,335,p466525,Anton Stach,60,41977,0,0,0,,,
2026-08-09T09:53:37.757477,2627,1,LEE,MID,336,p435997,Noah Okafor,60,24486,0,0,0,,,
2026-08-09T09:53:37.757477,2627,1,LEE,MID,337,p427637,Brenden Aaronson,55,27984,0,0,0,,,
2026-08-09T09:53:37.757477,2627,1,LEE,MID,338,p199598,Ethan Ampadu,55,55969,0,0,0,,,
2026-08-09T09:53:37.757477,2627,1,LEE,MID,339,p180135,Sean Longstaff,50,6996,0,0,0,,,
2026-08-09T09:53:37.757477,2627,1,LEE,MID,340,p462635,Joe Gelhardt,50,0,0,0,0,,,
2026-08-09T09:53:37.757477,2627,1,LEE,MID,341,p492859,Wilfried Gnonto,50,3498,0,0,0,,,
2026-08-09T09:53:37.757477,2627,1,LEE,MID,342,p221399,Jack Harrison,50,0,0,0,0,Has joined New England Revolution permanently,0,
2026-08-09T09:53:37.757477,2627,1,LEE,MID,343,p200617,Daniel James,50,3498,0,0,0,,,
2026-08-09T09:53:37.757477,2627,1,LEE,MID,344,p486520,Ilia Gruev,50,0,0,0,0,,,
2026-08-09T09:53:37.757477,2627,1,LEE,MID,345,p248056,Tanaka Ao,50,10494,0,0,0,,,
2026-08-09T09:53:37.757477,2627,1,LEE,FWD,346,p177815,Dominic Calvert-Lewin,60,843038,0,0,0,,,
2026-08-09T09:53:37.757477,2627,1,LEE,FWD,347,p174594,Lukas Nmecha,55,20988,0,0,0,,,
2026-08-09T09:53:37.757477,2627,1,LEE,FWD,348,p235826,Joël Piroe,50,17490,0,0,0,,,
2026-08-09T09:53:37.757477,2627,1,LEE,FWD,349,p565297,Mateo Joseph Fernández-Regatillo,45,6996,0,0,0,Knee injury - Unknown return date,0,
2026-08-09T09:53:37.757477,2627,1,LEE,GK,385,p432720,James Trafford,50,69961,0,0,0,,,
2026-08-09T09:53:37.757477,2627,1,LIV,GK,350,p116535,Alisson Becker,55,143421,0,0,0,,,
2026-08-09T09:53:37.757477,2627,1,LIV,GK,351,p449027,Giorgi Mamardashvili,50,6996,0,0,0,,,
2026-08-09T09:53:37.757477,2627,1,LIV,GK,352,p155503,Freddie Woodman,40,41977,0,0,0,,,
2026-08-09T09:53:37.757477,2627,1,LIV,GK,353,p586268,Armin Pecsi,40,3498,0,0,0,,,
2026-08-09T09:53:37.757477,2627,1,LIV,GK,354,p432987,Vitezslav Jaros,40,0,0,0,0,Knee injury - Unknown return date,0,
2026-08-09T09:53:37.757477,2627,1,LIV,GK,355,p464353,Harvey Davies,40,3498,0,0,0,,,
2026-08-09T09:53:37.757477,2627,1,LIV,DEF,356,p97032,Virgil van Dijk,65,577184,0,0,0,,,
2026-08-09T09:53:37.757477,2627,1,LIV,DEF,357,p216094,Jeremie Frimpong,55,104942,0,0,0,,,
2026-08-09T09:53:37.757477,2627,1,LIV,DEF,358,p544877,Milos Kerkez,55,192394,0,0,0,,,
2026-08-09T09:53:37.757477,2627,1,LIV,DEF,359,p171287,Joe Gomez,50,3498,0,0,0,Muscular injury - Unknown return date,0,
2026-08-09T09:53:37.757477,2627,1,LIV,DEF,360,p492777,Conor Bradley,50,0,0,0,0,Knee injury - Unknown return date,0,
2026-08-09T09:53:37.757477,2627,1,LIV,DEF,361,p519440,Wellity Lucky,40,3498,0,0,0,,,
2026-08-09T09:53:37.757477,2627,1,LIV,DEF,362,p606702,Jeremy Jacquet,50,55969,0,0,0,,100,
2026-08-09T09:53:37.757477,2627,1,LIV,DEF,363,p647681,Giovanni Leoni,40,3498,0,0,0,Knee injury - Unknown return date,0,
2026-08-09T09:53:37.757477,2627,1,LIV,DEF,364,p214285,Kostas Tsimikas,50,3498,0,0,0,,,
2026-08-09T09:53:37.757477,2627,1,LIV,DEF,365,p489580,Calvin Ramsay,40,6996,0,0,0,,,
2026-08-09T09:53:37.757477,2627,1,LIV,MID,366,p494595,Florian Wirtz,75,440758,0,0,0,,,
2026-08-09T09:53:37.757477,2627,1,LIV,MID,367,p243298,Cody Gakpo,70,118934,0,0,0,,,
2026-08-09T09:53:37.757477,2627,1,LIV,MID,368,p424876,Dominik Szoboszlai,70,1623111,0,0,0,,,
2026-08-09T09:53:37.757477,2627,1,LIV,MID,369,p611922,Rio Ngumoha,60,55969,0,0,0,,,
2026-08-09T09:53:37.757477,2627,1,LIV,MID,370,p223541,Federico Chiesa,55,6996,0,0,0,,,
2026-08-09T09:53:37.757477,2627,1,LIV,MID,371,p441266,Ryan Gravenberch,60,66463,0,0,0,,,
2026-08-09T09:53:37.757477,2627,1,LIV,MID,372,p243016,Alexis Mac Allister,55,66463,0,0,0,,,
2026-08-09T09:53:37.757477,2627,1,LIV,MID,373,p206915,Curtis Jones,55,3498,0,0,0,,,
2026-08-09T09:53:37.757477,2627,1,LIV,MID,374,p158983,Endo Wataru,50,0,0,0,0,Ankle injury - 75% chance of playing,75,
2026-08-09T09:53:37.757477,2627,1,LIV,MID,375,p591386,Trey Nyoni,50,3498,0,0,0,,,
2026-08-09T09:53:37.757477,2627,1,LIV,MID,376,p535928,Stefan Bajčetić Maquieira,50,0,0,0,0,Hamstring injury - Expected back 23 Aug,0,1
2026-08-09T09:53:37.757477,2627,1,LIV,MID,377,p551499,Victor Munoz,65,27984,0,0,0,,,
2026-08-09T09:53:37.757477,2627,1,LIV,MID,378,p491501,James McConnell,45,6996,0,0,0,,,
2026-08-09T09:53:37.757477,2627,1,LIV,FWD,379,p219168,Alexander Isak,90,398781,0,0,0,,,
2026-08-09T09:53:37.757477,2627,1,LIV,FWD,380,p510663,Hugo Ekitiké,75,6996,0,0,0,Achilles injury - Unknown return date,0,
2026-08-09T09:53:37.757477,2627,1,LIV,MID,381,p514514,Lewis Koumas,50,0,0,0,0,,,
2026-08-09T09:53:37.757477,2627,1,LIV,FWD,382,p500058,Jayden Danns,45,0,0,0,0,Unspecified injury - Unknown return date,0,
2026-08-09T09:53:37.757477,2627,1,LIV,MID,383,p444884,Harvey Elliott,55,3498,0,0,0,,,
2026-08-09T09:53:37.757477,2627,1,MCI,MID,238,p114283,Jack Grealish,65,6996,0,0,0,Foot injury - 75% chance of playing,75,
2026-08-09T09:53:37.757477,2627,1,MCI,GK,384,p204936,Gianluigi Donnarumma,55,384789,0,0,0,,,
2026-08-09T09:53:37.757477,2627,1,MCI,GK,386,p122074,Marcus Bettinelli,45,0,0,0,0,,,
2026-08-09T09:53:37.757477,2627,1,MCI,DEF,387,p472769,Nico O'Reilly,65,787069,0,0,0,,,
2026-08-09T09:53:37.757477,2627,1,MCI,DEF,388,p209036,Marc Guéhi,60,822050,0,0,0,,,
2026-08-09T09:53:37.757477,2627,1,MCI,DEF,389,p465351,Matheus Nunes,60,167908,0,0,0,,,
2026-08-09T09:53:37.757477,2627,1,MCI,DEF,390,p171314,Rúben dos Santos Gato Alves Dias,55,48973,0,0,0,,,
2026-08-09T09:53:37.757477,2627,1,MCI,DEF,391,p477424,Joško Gvardiol,55,440758,0,0,0,,,
2026-08-09T09:53:37.757477,2627,1,MCI,DEF,392,p448514,Rayan Aït-Nouri,55,38478,0,0,0,,,
2026-08-09T09:53:37.757477,2627,1,MCI,DEF,393,p578153,Abdukodir Khusanov,55,69961,0,0,0,,,
2026-08-09T09:53:37.757477,2627,1,MCI,DEF,394,p494307,Max Alleyne,50,0,0,0,0,,,
2026-08-09T09:53:37.757477,2627,1,MCI,DEF,395,p477064,Rico Lewis,45,6996,0,0,0,,,
2026-08-09T09:53:37.757477,2627,1,MCI,DEF,396,p616222,Vitor de Oliveira Nunes dos Reis,45,0,0,0,0,,,
2026-08-09T09:53:37.757477,2627,1,MCI,MID,397,p437730,Antoine Semenyo,85,811555,0,0,0,,,
2026-08-09T09:53:37.757477,2627,1,MCI,MID,398,p209244,Phil Foden,70,251862,0,0,0,,,
2026-08-09T09:53:37.757477,2627,1,MCI,MID,399,p466052,Rayan Cherki,75,321823,0,0,0,,,
2026-08-09T09:53:37.757477,2627,1,MCI,MID,400,p248875,Jérémy Doku,75,223877,0,0,0,,,
2026-08-09T09:53:37.757477,2627,1,MCI,FWD,401,p438234,Omar Marmoush,70,24486,0,0,0,,,
2026-08-09T09:53:37.757477,2627,1,MCI,MID,402,p220566,Rodrigo 'Rodri' Hernandez Cascante,65,3498,0,0,0,Back injury - Unknown return date,0,
2026-08-09T09:53:37.757477,2627,1,MCI,MID,403,p510281,Sávio Moreira de Oliveira,65,3498,0,0,0,,,
2026-08-09T09:53:37.757477,2627,1,MCI,MID,404,p433036,Tijjani Reijnders,60,13992,0,0,0,,,
2026-08-09T09:53:37.757477,2627,1,MCI,MID,405,p465694,Nico González Iglesias,55,3498,0,0,0,,,
2026-08-09T09:53:37.757477,2627,1,MCI,MID,406,p91651,Mateo Kovačić,55,0,0,0,0,,,
2026-08-09T09:53:37.757477,2627,1,MCI,MID,407,p575204,Claudio Echeverri,50,0,0,0,0,,,
2026-08-09T09:53:37.757477,2627,1,MCI,MID,408,p155405,Kalvin Phillips,50,0,0,0,0,,,
2026-08-09T09:53:37.757477,2627,1,MCI,MID,409,p590039,Divine Mukasa,45,3498,0,0,0,,,
2026-08-09T09:53:37.757477,2627,1,MCI,MID,410,p649208,Jeremy Monga,50,0,0,0,0,,,
2026-08-09T09:53:37.757477,2627,1,MCI,FWD,411,p223094,Erling Haaland,155,2602575,0,0,0,,,
2026-08-09T09:53:37.757477,2627,1,MCI,MID,481,p215379,Elliot Anderson,65,419770,0,0,0,,,
2026-08-09T09:53:37.757477,2627,1,MUN,MID,43,p166989,Youri Tielemans,60,31482,0,0,0,,100,
2026-08-09T09:53:37.757477,2627,1,MUN,MID,162,p532605,Andrey Nascimento dos Santos,50,48973,0,0,0,,,
2026-08-09T09:53:37.757477,2627,1,MUN,GK,325,p59735,Karl Darlow,45,3498,0,0,0,Unspecified injury - 75% chance of playing,75,
2026-08-09T09:53:37.757477,2627,1,MUN,GK,412,p465247,Senne Lammens,50,706613,0,0,0,,,
2026-08-09T09:53:37.757477,2627,1,MUN,GK,413,p451302,Altay Bayındır,45,6996,0,0,0,,,
2026-08-09T09:53:37.757477,2627,1,MUN,GK,414,p21205,Tom Heaton,40,10494,0,0,0,,,
2026-08-09T09:53:37.757477,2627,1,MUN,MID,415,p596777,Patrick Dorgu,60,59467,0,0,0,,,
2026-08-09T09:53:37.757477,2627,1,MUN,DEF,416,p209365,Matthijs de Ligt,50,0,0,0,0,Back injury - Unknown return date,0,
2026-08-09T09:53:37.757477,2627,1,MUN,DEF,417,p216051,Diogo Dalot Teixeira,50,104942,0,0,0,,,
2026-08-09T09:53:37.757477,2627,1,MUN,DEF,418,p95658,Harry Maguire,50,307831,0,0,0,,,
2026-08-09T09:53:37.757477,2627,1,MUN,DEF,419,p221820,Lisandro Martínez,50,20988,0,0,0,Thigh injury - 75% chance of playing,75,
2026-08-09T09:53:37.757477,2627,1,MUN,DEF,420,p550864,Leny Yoro,50,24486,0,0,0,,,
2026-08-09T09:53:37.757477,2627,1,MUN,DEF,421,p606745,Ayden Heaven,45,10494,0,0,0,,,
2026-08-09T09:53:37.757477,2627,1,MUN,DEF,422,p230001,Noussair Mazraoui,45,24486,0,0,0,,,
2026-08-09T09:53:37.757477,2627,1,MUN,DEF,423,p106760,Luke Shaw,45,857031,0,0,0,,,
2026-08-09T09:53:37.757477,2627,1,MUN,DEF,424,p577974,Harry Amass,40,6996,0,0,0,,,
2026-08-09T09:53:37.757477,2627,1,MUN,DEF,425,p547676,Tyler Fredricson,40,3498,0,0,0,,,
2026-08-09T09:53:37.757477,2627,1,MUN,MID,426,p141746,Bruno Borges Fernandes,120,1700069,0,0,0,,,
2026-08-09T09:53:37.757477,2627,1,MUN,MID,427,p446008,Bryan Mbeumo,80,713609,0,0,0,,,
2026-08-09T09:53:37.757477,2627,1,MUN,MID,428,p430871,Matheus Santos Carneiro da Cunha,80,472241,0,0,0,,,
2026-08-09T09:53:37.757477,2627,1,MUN,MID,429,p176297,Marcus Rashford,70,48973,0,0,0,,,
2026-08-09T09:53:37.757477,2627,1,MUN,MID,430,p184341,Mason Mount,55,3498,0,0,0,,,
2026-08-09T09:53:37.757477,2627,1,MUN,MID,431,p493250,Amad Diallo,60,55969,0,0,0,,,
2026-08-09T09:53:37.757477,2627,1,MUN,MID,432,p516895,Kobbie Mainoo,55,45475,0,0,0,,,
2026-08-09T09:53:37.757477,2627,1,MUN,MID,433,p232112,Manuel Ugarte Ribeiro,50,0,0,0,0,Knee injury - Unknown return date,0,
2026-08-09T09:53:37.757477,2627,1,MUN,MID,434,p547037,Jack Fletcher,50,0,0,0,0,,,
2026-08-09T09:53:37.757477,2627,1,MUN,MID,435,p576628,Shea Lacey,50,3498,0,0,0,,,
2026-08-09T09:53:37.757477,2627,1,MUN,MID,436,p490881,Toby Collyer,50,0,0,0,0,,,
2026-08-09T09:53:37.757477,2627,1,MUN,MID,437,p576620,Bendito Mantato,45,6996,0,0,0,,,
2026-08-09T09:53:37.757477,2627,1,MUN,MID,438,p519913,Tyler Fletcher,45,10494,0,0,0,,,
2026-08-09T09:53:37.757477,2627,1,MUN,FWD,439,p485711,Benjamin Sesko,70,87452,0,0,0,Shin injury - 75% chance of playing,75,
2026-08-09T09:53:37.757477,2627,1,MUN,FWD,440,p458249,Joshua Zirkzee,55,24486,0,0,0,,,
2026-08-09T09:53:37.757477,2627,1,MUN,FWD,441,p596047,Chido Obi,45,41977,0,0,0,,,
2026-08-09T09:53:37.757477,2627,1,NEW,GK,442,p98747,Nick Pope,50,38478,0,0,0,,,
2026-08-09T09:53:37.757477,2627,1,NEW,GK,443,p81441,Mark Gillespie,45,0,0,0,0,,,
2026-08-09T09:53:37.757477,2627,1,NEW,GK,444,p554578,Ewen Jaouen,45,3498,0,0,0,,,
2026-08-09T09:53:37.757477,2627,1,NEW,DEF,445,p465642,Malick Thiaw,50,69961,0,0,0,,,
2026-08-09T09:53:37.757477,2627,1,NEW,DEF,446,p119471,Fabian Schär,50,6996,0,0,0,,100,
2026-08-09T09:53:37.757477,2627,1,NEW,DEF,447,p220237,Sven Botman,50,13992,0,0,0,,,
2026-08-09T09:53:37.757477,2627,1,NEW,DEF,448,p78916,Dan Burn,50,94448,0,0,0,,,
2026-08-09T09:53:37.757477,2627,1,NEW,DEF,449,p487838,Lewis Hall,50,139923,0,0,0,,,
2026-08-09T09:53:37.757477,2627,1,NEW,DEF,450,p441191,Tino Livramento,50,3498,0,0,0,Calf injury - 75% chance of playing,75,
2026-08-09T09:53:37.757477,2627,1,NEW,DEF,451,p545477,Alex Murphy,40,27984,0,0,0,,,
2026-08-09T09:53:37.757477,2627,1,NEW,MID,452,p208706,Bruno Guimarães Rodriguez Moura,70,349808,0,0,0,,,
2026-08-09T09:53:37.757477,2627,1,NEW,MID,453,p201666,Harvey Barnes,60,41977,0,0,0,,,
2026-08-09T09:53:37.757477,2627,1,NEW,MID,454,p449434,Anthony Elanga,60,24486,0,0,0,,,
2026-08-09T09:53:37.757477,2627,1,NEW,MID,456,p232653,Jacob Ramsey,50,13992,0,0,0,,,
2026-08-09T09:53:37.757477,2627,1,NEW,MID,457,p114243,Jacob Murphy,60,6996,0,0,0,,,
2026-08-09T09:53:37.757477,2627,1,NEW,MID,458,p180974,Joelinton Cássio Apolinário de Lira,55,0,0,0,0,,100,
2026-08-09T09:53:37.757477,2627,1,NEW,MID,459,p547719,Lewis Miley,55,0,0,0,0,Leg injury - Expected back 30 Aug,0,3
2026-08-09T09:53:37.757477,2627,1,NEW,MID,460,p200089,Joe Willock,50,3498,0,0,0,,,
2026-08-09T09:53:37.757477,2627,1,NEW,MID,461,p611665,Bazoumana Touré,60,6996,0,0,0,,,
2026-08-09T09:53:37.757477,2627,1,NEW,MID,462,p636852,Sean Steur,50,3498,0,0,0,,,
2026-08-09T09:53:37.757477,2627,1,NEW,FWD,463,p470313,Nick Woltemade,60,59467,0,0,0,,,
2026-08-09T09:53:37.757477,2627,1,NEW,FWD,464,p216646,Yoane Wissa,60,52471,0,0,0,,,
2026-08-09T09:53:37.757477,2627,1,NEW,FWD,465,p538207,William Osula,60,52471,0,0,0,,,
2026-08-09T09:53:37.757477,2627,1,NEW,FWD,466,p599303,Sean Neave,45,24486,0,0,0,,,
2026-08-09T09:53:37.757477,2627,1,NEW,MID,559,p632794,Aladji Bamba,50,3498,0,0,0,,,
2026-08-09T09:53:37.757477,2627,1,NEW,GK,567,p470551,Lukás Hornícek,50,10494,0,0,0,,,
2026-08-09T09:53:37.757477,2627,1,NFO,GK,467,p85633,Matz Sels,50,52471,0,0,0,,,
2026-08-09T09:53:37.757477,2627,1,NFO,GK,468,p221389,John Victor Maciel Furtado,45,3498,0,0,0,,,
2026-08-09T09:53:37.757477,2627,1,NFO,DEF,469,p215136,Neco Williams,50,437260,0,0,0,,,
2026-08-09T09:53:37.757477,2627,1,NFO,DEF,470,p485047,Felipe Rodrigues da Silva,50,3498,0,0,0,,,
2026-08-09T09:53:37.757477,2627,1,NFO,DEF,471,p227444,Nikola Milenković,55,80455,0,0,0,,,
2026-08-09T09:53:37.757477,2627,1,NFO,DEF,472,p575476,Murillo Costa dos Santos,55,6996,0,0,0,,100,
2026-08-09T09:53:37.757477,2627,1,NFO,DEF,473,p159506,Ola Aina,45,153915,0,0,0,,,
2026-08-09T09:53:37.757477,2627,1,NFO,DEF,474,p575458,Jair Paula da Cunha Filho,45,13992,0,0,0,,,
2026-08-09T09:53:37.757477,2627,1,NFO,DEF,475,p500151,Nicolò Savona,45,0,0,0,0,Knee injury - Unknown return date,0,
2026-08-09T09:53:37.757477,2627,1,NFO,DEF,476,p204822,Omar Richards,40,6996,0,0,0,,,
2026-08-09T09:53:37.757477,2627,1,NFO,DEF,477,p549067,Zach Abbott,40,6996,0,0,0,,,
2026-08-09T09:53:37.757477,2627,1,NFO,DEF,478,p470315,Luca Netz,45,0,0,0,0,,,
2026-08-09T09:53:37.757477,2627,1,NFO,DEF,479,p538638,Tyler Bindon,40,6996,0,0,0,,,
2026-08-09T09:53:37.757477,2627,1,NFO,MID,480,p222531,Morgan Gibbs-White,80,405777,0,0,0,,,
2026-08-09T09:53:37.757477,2627,1,NFO,MID,482,p209046,Callum Hudson-Odoi,60,0,0,0,0,,100,
2026-08-09T09:53:37.757477,2627,1,NFO,MID,483,p456512,Dan Ndoye,55,17490,0,0,0,,,
2026-08-09T09:53:37.757477,2627,1,NFO,MID,484,p503301,Omari Hutchinson,55,6996,0,0,0,,,
2026-08-09T09:53:37.757477,2627,1,NFO,MID,485,p476887,Dilane Bakwa,55,0,0,0,0,,,
2026-08-09T09:53:37.757477,2627,1,NFO,MID,486,p432714,James McAtee,55,3498,0,0,0,,,
2026-08-09T09:53:37.757477,2627,1,NFO,MID,487,p250199,Nicolás Domínguez,50,3498,0,0,0,,,
2026-08-09T09:53:37.757477,2627,1,NFO,MID,488,p210462,Ibrahim Sangaré,50,20988,0,0,0,,,
2026-08-09T09:53:37.757477,2627,1,NFO,MID,489,p204968,Ryan Yates,45,248364,0,0,0,,,
2026-08-09T09:53:37.757477,2627,1,NFO,FWD,490,p60689,Chris Wood,60,62965,0,0,0,,,
2026-08-09T09:53:37.757477,2627,1,NFO,FWD,491,p482973,Igor Jesus Maciel da Cruz,60,178402,0,0,0,,,
2026-08-09T09:53:37.757477,2627,1,NFO,FWD,492,p210156,Taiwo Awoniyi,55,13992,0,0,0,,,
2026-08-09T09:53:37.757477,2627,1,NFO,FWD,493,p465680,Arnaud Kalimuendo,55,3498,0,0,0,,,
2026-08-09T09:53:37.757477,2627,1,NFO,MID,558,p204561,Xaver Schlager,50,3498,0,0,0,,,
2026-08-09T09:53:37.757477,2627,1,TOT,DEF,112,p469142,Jan Paul van Hecke,50,290341,0,0,0,,,
2026-08-09T09:53:37.757477,2627,1,TOT,MID,455,p432422,Sandro Tonali,55,146919,0,0,0,,,
2026-08-09T09:53:37.757477,2627,1,TOT,GK,494,p184254,Guglielmo Vicario,45,52471,0,0,0,,,
2026-08-09T09:53:37.757477,2627,1,TOT,GK,495,p214572,Brandon Austin,40,20988,0,0,0,,,
2026-08-09T09:53:37.757477,2627,1,TOT,GK,496,p485055,Antonín Kinský,45,671632,0,0,0,,,
2026-08-09T09:53:37.757477,2627,1,TOT,GK,497,p67089,Martin Dubravka,40,815054,0,0,0,,,
2026-08-09T09:53:37.757477,2627,1,TOT,DEF,498,p221466,Marcos Senesi Barón,60,370797,0,0,0,,,
2026-08-09T09:53:37.757477,2627,1,TOT,DEF,499,p441164,Pedro Porro Sauceda,55,822050,0,0,0,,,
2026-08-09T09:53:37.757477,2627,1,TOT,DEF,500,p221632,Cristian Romero,50,38478,0,0,0,,,
2026-08-09T09:53:37.757477,2627,1,TOT,DEF,501,p135720,Kevin Danso,50,6996,0,0,0,,,
2026-08-09T09:53:37.757477,2627,1,TOT,DEF,502,p122798,Andrew Robertson,45,66463,0,0,0,,,
2026-08-09T09:53:37.757477,2627,1,TOT,DEF,503,p491279,Micky van de Ven,50,237869,0,0,0,,,
2026-08-09T09:53:37.757477,2627,1,TOT,DEF,505,p232859,Djed Spence,45,311329,0,0,0,,,
2026-08-09T09:53:37.757477,2627,1,TOT,DEF,506,p487053,Destiny Udogie,45,13992,0,0,0,,,
2026-08-09T09:53:37.757477,2627,1,TOT,DEF,507,p548308,Ashley Phillips,45,3498,0,0,0,,,
2026-08-09T09:53:37.757477,2627,1,TOT,DEF,508,p115556,Ben Davies,40,27984,0,0,0,,,
2026-08-09T09:53:37.757477,2627,1,TOT,DEF,509,p640419,Jun'ai Byfield,40,3498,0,0,0,,,
2026-08-09T09:53:37.757477,2627,1,TOT,DEF,510,p499716,James Rowswell,40,3498,0,0,0,,,
2026-08-09T09:53:37.757477,2627,1,TOT,DEF,511,p616221,João Victor de Souza Menezes,40,10494,0,0,0,,,
2026-08-09T09:53:37.757477,2627,1,TOT,MID,512,p460842,Mohammed Kudus,65,6996,0,0,0,Thigh injury - 75% chance of playing,75,
2026-08-09T09:53:37.757477,2627,1,TOT,MID,513,p493362,Xavi Simons,60,0,0,0,0,Knee injury - Unknown return date,0,
2026-08-09T09:53:37.757477,2627,1,TOT,MID,514,p511499,Mathys Tel,60,13992,0,0,0,,,
2026-08-09T09:53:37.757477,2627,1,TOT,MID,515,p172780,James Maddison,65,66463,0,0,0,,,
2026-08-09T09:53:37.757477,2627,1,TOT,MID,516,p202993,Rodrigo Bentancur,55,3498,0,0,0,,,
2026-08-09T09:53:37.757477,2627,1,TOT,MID,517,p550839,Wilson Odobert,55,0,0,0,0,Knee injury - Unknown return date,0,
2026-08-09T09:53:37.757477,2627,1,TOT,MID,518,p482442,Pape Matar Sarr,50,13992,0,0,0,,,
2026-08-09T09:53:37.757477,2627,1,TOT,MID,519,p232787,Conor Gallagher,55,6996,0,0,0,,,
2026-08-09T09:53:37.757477,2627,1,TOT,MID,520,p570526,Lucas Bergvall,55,6996,0,0,0,,,
2026-08-09T09:53:37.757477,2627,1,TOT,MID,521,p445044,Dejan Kulusevski,65,0,0,0,0,Knee injury - Unknown return date,0,
2026-08-09T09:53:37.757477,2627,1,TOT,MID,522,p547701,Archie Gray,50,6996,0,0,0,,,
2026-08-09T09:53:37.757477,2627,1,TOT,MID,523,p499721,Mikey Moore,50,3498,0,0,0,,,
2026-08-09T09:53:37.757477,2627,1,TOT,MID,524,p499726,Callum Olusesi,45,31482,0,0,0,,,
2026-08-09T09:53:37.757477,2627,1,TOT,MID,525,p551226,Mateus Fernandes,60,115436,0,0,0,,,
2026-08-09T09:53:37.757477,2627,1,TOT,FWD,526,p154566,Dominic Solanke-Mitchell,60,90950,0,0,0,,,
2026-08-09T09:53:37.757477,2627,1,TOT,FWD,527,p212319,Richarlison de Andrade,60,69961,0,0,0,,,
2026-08-09T09:53:37.757477,2627,1,TOT,FWD,528,p490145,Dane Scarlett,45,59467,0,0,0,,,
2026-08-09T09:53:37.757477,2627,1,SUN,GK,529,p498016,Robin Roefs,50,174904,0,0,0,,,
2026-08-09T09:53:37.757477,2627,1,SUN,GK,530,p232571,Anthony Patterson,40,34980,0,0,0,,,
2026-08-09T09:53:37.757477,2627,1,SUN,GK,531,p515046,Melker Ellborg,45,3498,0,0,0,,,
2026-08-09T09:53:37.757477,2627,1,SUN,DEF,532,p223827,Daniel Ballard,50,132927,0,0,0,,,
2026-08-09T09:53:37.757477,2627,1,SUN,DEF,533,p200834,Nordi Mukiele,55,258858,0,0,0,Knock - 75% chance of playing,75,
2026-08-09T09:53:37.757477,2627,1,SUN,DEF,534,p487676,Trai Hume,45,108440,0,0,0,,,
2026-08-09T09:53:37.757477,2627,1,SUN,DEF,535,p201895,Omar Alderete,50,38478,0,0,0,Knock - 75% chance of playing,75,
2026-08-09T09:53:37.757477,2627,1,SUN,DEF,536,p434399,Reinildo Mandava,45,17490,0,0,0,,,
2026-08-09T09:53:37.757477,2627,1,SUN,DEF,537,p519634,Jenson Seelt,45,0,0,0,0,,,
2026-08-09T09:53:37.757477,2627,1,SUN,DEF,538,p477547,Leo Fuhr Hjelde,40,10494,0,0,0,,,
2026-08-09T09:53:37.757477,2627,1,SUN,DEF,539,p167512,Luke O'Nien,40,83954,0,0,0,,,
2026-08-09T09:53:37.757477,2627,1,SUN,DEF,540,p105717,Arthur Masuaku,40,52471,0,0,0,,,
2026-08-09T09:53:37.757477,2627,1,SUN,DEF,541,p93605,Thomas Meunier,45,17490,0,0,0,,,
2026-08-09T09:53:37.757477,2627,1,SUN,MID,542,p484420,Enzo Le Fée,60,447755,0,0,0,,,
2026-08-09T09:53:37.757477,2627,1,SUN,MID,543,p547027,Habib Diarra,55,3498,0,0,0,,,
2026-08-09T09:53:37.757477,2627,1,SUN,MID,544,p84450,Granit Xhaka,55,195892,0,0,0,,,
2026-08-09T09:53:37.757477,2627,1,SUN,MID,545,p577669,Noah Sadiki,50,13992,0,0,0,,,
2026-08-09T09:53:37.757477,2627,1,SUN,MID,546,p535818,Simon Adingra,50,10494,0,0,0,,,
2026-08-09T09:53:37.757477,2627,1,SUN,MID,547,p461199,Romaine Mundle,50,0,0,0,0,,,
2026-08-09T09:53:37.757477,2627,1,SUN,MID,548,p554197,Chris Rigg,50,3498,0,0,0,,,
2026-08-09T09:53:37.757477,2627,1,SUN,MID,549,p549912,Chemsdine Talbi,55,6996,0,0,0,,,
2026-08-09T09:53:37.757477,2627,1,SUN,MID,550,p699989,Djiamgone Jocelin Ta Bi,50,0,0,0,0,,,
2026-08-09T09:53:37.757477,2627,1,SUN,MID,551,p536661,Nilson Angulo,50,3498,0,0,0,,,
2026-08-09T09:53:37.757477,2627,1,SUN,FWD,552,p441264,Brian Brobbey,60,650643,0,0,0,,,
2026-08-09T09:53:37.757477,2627,1,SUN,FWD,553,p437505,Wilson Isidor,55,41977,0,0,0,,,
2026-08-10T10:35:06.754939,2627,1,ARS,GK,1,p154561,David Raya Martín,60,1133674,0,0,0,,,
2026-08-10T10:35:06.754939,2627,1,ARS,GK,2,p109745,Kepa Arrizabalaga Revuelta,50,3657,0,0,0,,,
2026-08-10T10:35:06.754939,2627,1,ARS,GK,3,p437495,Illan Meslier,50,3657,0,0,0,,,
2026-08-10T10:35:06.754939,2627,1,ARS,DEF,4,p226597,Gabriel dos Santos Magalhães,80,972766,0,0,0,,,
2026-08-10T10:35:06.754939,2627,1,ARS,DEF,5,p445122,Jurriën Timber,65,14628,0,0,0,Groin injury - Unknown return date,0,
2026-08-10T10:35:06.754939,2627,1,ARS,DEF,6,p462424,William Saliba,60,18285,0,0,0,Back injury - Unknown return date,0,
2026-08-10T10:35:06.754939,2627,1,ARS,MID,7,p499169,Myles Lewis-Skelly,55,10971,0,0,0,,,
2026-08-10T10:35:06.754939,2627,1,ARS,DEF,8,p466075,Riccardo Calafiori,55,621692,0,0,0,,,
2026-08-10T10:35:06.754939,2627,1,ARS,DEF,9,p448104,Piero Hincapié,55,149937,0,0,0,,,
2026-08-10T10:35:06.754939,2627,1,ARS,DEF,10,p198869,Benjamin White,55,21942,0,0,0,,100,
2026-08-10T10:35:06.754939,2627,1,ARS,DEF,11,p500040,Cristhian Mosquera,55,555866,0,0,0,,,
2026-08-10T10:35:06.754939,2627,1,ARS,MID,12,p223340,Bukayo Saka,95,391300,0,0,0,,,
2026-08-10T10:35:06.754939,2627,1,ARS,MID,13,p204480,Declan Rice,75,811857,0,0,0,,,
2026-08-10T10:35:06.754939,2627,1,ARS,MID,14,p232413,Eberechi Eze,65,117024,0,0,0,,,
2026-08-10T10:35:06.754939,2627,1,ARS,MID,15,p184029,Martin Ødegaard,65,106053,0,0,0,,,
2026-08-10T10:35:06.754939,2627,1,ARS,MID,16,p248857,Noni Madueke,65,14628,0,0,0,,,
2026-08-10T10:35:06.754939,2627,1,ARS,MID,17,p195384,Mikel Merino Zazón,60,40227,0,0,0,,,
2026-08-10T10:35:06.754939,2627,1,ARS,MID,18,p444145,Gabriel Martinelli Silva,65,10971,0,0,0,,,
2026-08-10T10:35:06.754939,2627,1,ARS,MID,19,p481655,Martín Zubimendi Ibáñez,55,54855,0,0,0,,,
2026-08-10T10:35:06.754939,2627,1,ARS,MID,20,p616077,Max Dowman,55,7314,0,0,0,,,
2026-08-10T10:35:06.754939,2627,1,ARS,MID,22,p499175,Ethan Nwaneri,55,0,0,0,0,,,
2026-08-10T10:35:06.754939,2627,1,ARS,MID,23,p438098,Fábio Ferreira Vieira,55,0,0,0,0,,,
2026-08-10T10:35:06.754939,2627,1,ARS,MID,24,p200641,Reiss Nelson,55,0,0,0,0,,,
2026-08-10T10:35:06.754939,2627,1,ARS,FWD,25,p224117,Viktor Gyökeres,75,479069,0,0,0,,,
2026-08-10T10:35:06.754939,2627,1,ARS,FWD,26,p219847,Kai Havertz,75,135309,0,0,0,,,
2026-08-10T10:35:06.754939,2627,1,ARS,FWD,27,p205651,Gabriel Fernando de Jesus,60,14628,0,0,0,,,
2026-08-10T10:35:06.754939,2627,1,ARS,MID,557,p439509,Christos Tzolis,65,109710,0,0,0,,,
2026-08-10T10:35:06.754939,2627,1,AVL,GK,28,p98980,Emiliano Martínez Romero,50,175536,0,0,0,,,
2026-08-10T10:35:06.754939,2627,1,AVL,GK,29,p72147,Marco Bizot,45,3657,0,0,0,,,
2026-08-10T10:35:06.754939,2627,1,AVL,DEF,30,p101188,Lucas Digne,45,51198,0,0,0,,,
2026-08-10T10:35:06.754939,2627,1,AVL,DEF,31,p199798,Ezri Konsa Ngoyo,45,603407,0,0,0,,,
2026-08-10T10:35:06.754939,2627,1,AVL,DEF,32,p199796,Matty Cash,45,288904,0,0,0,,,
2026-08-10T10:35:06.754939,2627,1,AVL,DEF,33,p149484,Tyrone Mings,45,7314,0,0,0,,,
2026-08-10T10:35:06.754939,2627,1,AVL,DEF,34,p244954,Pau Torres,45,10971,0,0,0,,,
2026-08-10T10:35:06.754939,2627,1,AVL,MID,35,p515597,Lamare Bogarde,50,3657,0,0,0,,,
2026-08-10T10:35:06.754939,2627,1,AVL,DEF,36,p441302,Ian Maatsen,45,21942,0,0,0,,,
2026-08-10T10:35:06.754939,2627,1,AVL,DEF,37,p184667,Victor Lindelöf,45,7314,0,0,0,,,
2026-08-10T10:35:06.754939,2627,1,AVL,DEF,38,p606798,Andrés García,40,58512,0,0,0,,,
2026-08-10T10:35:06.754939,2627,1,AVL,DEF,39,p578545,Kosta Nedeljkovic,40,21942,0,0,0,,,
2026-08-10T10:35:06.754939,2627,1,AVL,MID,41,p195546,Emiliano Buendía Stati,60,32913,0,0,0,,,
2026-08-10T10:35:06.754939,2627,1,AVL,MID,42,p485337,Evann Guessand,55,0,0,0,0,,,
2026-08-10T10:35:06.754939,2627,1,AVL,MID,44,p215711,Leon Bailey,55,3657,0,0,0,,,
2026-08-10T10:35:06.754939,2627,1,AVL,MID,45,p122806,John McGinn,55,98739,0,0,0,,,
2026-08-10T10:35:06.754939,2627,1,AVL,MID,46,p88894,Ross Barkley,50,7314,0,0,0,,,
2026-08-10T10:35:06.754939,2627,1,AVL,MID,47,p226944,Boubacar Kamara,50,3657,0,0,0,,100,
2026-08-10T10:35:06.754939,2627,1,AVL,MID,48,p449871,Amadou Onana,50,0,0,0,0,Knee injury - Unknown return date,0,
2026-08-10T10:35:06.754939,2627,1,AVL,MID,49,p469247,Samuel Iling-Junior,50,0,0,0,0,,,
2026-08-10T10:35:06.754939,2627,1,AVL,MID,50,p645618,Bradley Burrowes,45,29256,0,0,0,,,
2026-08-10T10:35:06.754939,2627,1,AVL,MID,51,p577285,George Hemmings,45,10971,0,0,0,,,
2026-08-10T10:35:06.754939,2627,1,AVL,MID,52,p653481,Alysson Edward Franco da Rocha dos Santos,50,0,0,0,0,,,
2026-08-10T10:35:06.754939,2627,1,AVL,MID,53,p614071,Johan Manzambi,60,76797,0,0,0,,,
2026-08-10T10:35:06.754939,2627,1,AVL,MID,54,p448089,Joao Gomes,55,10971,0,0,0,,,
2026-08-10T10:35:06.754939,2627,1,AVL,FWD,55,p178301,Ollie Watkins,80,464441,0,0,0,,,
2026-08-10T10:35:06.754939,2627,1,AVL,FWD,56,p173879,Tammy Abraham,55,3657,0,0,0,,100,
2026-08-10T10:35:06.754939,2627,1,AVL,MID,160,p493105,Alejandro Garnacho Ferreyra,60,36570,0,0,0,,,
2026-08-10T10:35:06.754939,2627,1,BOU,GK,57,p457569,Đorđe Petrović,45,135309,0,0,0,,,
2026-08-10T10:35:06.754939,2627,1,BOU,GK,58,p40383,Fraser Forster,40,113367,0,0,0,,,
2026-08-10T10:35:06.754939,2627,1,BOU,GK,59,p444172,Will Dennis,40,7314,0,0,0,,,
2026-08-10T10:35:06.754939,2627,1,BOU,DEF,60,p463981,James Hill,55,43884,0,0,0,,,
2026-08-10T10:35:06.754939,2627,1,BOU,DEF,61,p494521,Adrien Truffert,55,175536,0,0,0,,,
2026-08-10T10:35:06.754939,2627,1,BOU,DEF,62,p242882,Bafodé Diakité,50,7314,0,0,0,,,
2026-08-10T10:35:06.754939,2627,1,BOU,DEF,63,p620487,Veljko Milosavljevic,50,3657,0,0,0,Unspecified injury - Unknown return date,0,
2026-08-10T10:35:06.754939,2627,1,BOU,DEF,64,p54469,Adam Smith,45,3657,0,0,0,,,
2026-08-10T10:35:06.754939,2627,1,BOU,DEF,65,p436893,Julián Araujo Zúñiga,45,3657,0,0,0,Thigh injury - Unknown return date,0,
2026-08-10T10:35:06.754939,2627,1,BOU,DEF,66,p575901,Julio Soler Barreto,40,21942,0,0,0,,,
2026-08-10T10:35:06.754939,2627,1,BOU,MID,67,p499604,Rayan Vitor Simplício Rocha,65,124338,0,0,0,,,
2026-08-10T10:35:06.754939,2627,1,BOU,MID,68,p201658,Marcus Tavernier,60,69483,0,0,0,,,
2026-08-10T10:35:06.754939,2627,1,BOU,MID,69,p503139,Alex Scott,60,58512,0,0,0,,,
2026-08-10T10:35:06.754939,2627,1,BOU,MID,70,p222683,Justin Kluivert,60,40227,0,0,0,,,
2026-08-10T10:35:06.754939,2627,1,BOU,MID,71,p155408,Lewis Cook,50,3657,0,0,0,,,
2026-08-10T10:35:06.754939,2627,1,BOU,MID,72,p496208,Ben Gannon-Doak,50,3657,0,0,0,,,
2026-08-10T10:35:06.754939,2627,1,BOU,MID,73,p200785,Tyler Adams,50,25599,0,0,0,,,
2026-08-10T10:35:06.754939,2627,1,BOU,MID,74,p111317,David Brooks,50,7314,0,0,0,,,
2026-08-10T10:35:06.754939,2627,1,BOU,MID,75,p158499,Ryan Christie,50,0,0,0,0,Suspended until 29 Aug,0,2
2026-08-10T10:35:06.754939,2627,1,BOU,MID,76,p614574,Alex Tóth,50,0,0,0,0,,,
2026-08-10T10:35:06.754939,2627,1,BOU,MID,77,p489888,Amine Adli,50,7314,0,0,0,,,
2026-08-10T10:35:06.754939,2627,1,BOU,MID,78,p560262,Junior Kroupi,75,138966,0,0,0,Foot injury - Unknown return date,0,
2026-08-10T10:35:06.754939,2627,1,BOU,FWD,79,p444102,Francisco Evanilson de Lima Barbosa,60,73140,0,0,0,,,
2026-08-10T10:35:06.754939,2627,1,BOU,FWD,80,p168636,Enes Ünal,55,7314,0,0,0,,,
2026-08-10T10:35:06.754939,2627,1,BOU,FWD,81,p561245,Álvaro Rodríguez,60,10971,0,0,0,,,
2026-08-10T10:35:06.754939,2627,1,BOU,DEF,566,p483067,António João Pereira de Albuquerque Tavares da Silva,50,7314,0,0,0,,,
2026-08-10T10:35:06.754939,2627,1,BOU,DEF,573,p494928,Juanlu Sánchez,45,3657,0,0,0,,,
2026-08-10T10:35:06.754939,2627,1,BRE,GK,82,p200720,Caoimhín Kelleher,50,204792,0,0,0,,,
2026-08-10T10:35:06.754939,2627,1,BRE,GK,83,p507433,Hákon Rafn Valdimarsson,45,3657,0,0,0,,,
2026-08-10T10:35:06.754939,2627,1,BRE,DEF,84,p432830,Nathan Collins,55,73140,0,0,0,,,
2026-08-10T10:35:06.754939,2627,1,BRE,DEF,85,p444765,Sepp van den Berg,50,25599,0,0,0,,,
2026-08-10T10:35:06.754939,2627,1,BRE,MID,86,p249231,Keane Lewis-Potter,55,18285,0,0,0,,,
2026-08-10T10:35:06.754939,2627,1,BRE,DEF,87,p191866,Kristoffer Ajer,45,62169,0,0,0,,,
2026-08-10T10:35:06.754939,2627,1,BRE,DEF,88,p607464,Michael Kayode,45,138966,0,0,0,,,
2026-08-10T10:35:06.754939,2627,1,BRE,DEF,89,p194010,Rico Henry,45,7314,0,0,0,,,
2026-08-10T10:35:06.754939,2627,1,BRE,DEF,90,p472713,Aaron Hickey,45,3657,0,0,0,,,
2026-08-10T10:35:06.754939,2627,1,BRE,DEF,91,p231065,Ethan Pinnock,45,3657,0,0,0,,,
2026-08-10T10:35:06.754939,2627,1,BRE,DEF,92,p570241,Kim Ji-soo,45,0,0,0,0,,,
2026-08-10T10:35:06.754939,2627,1,BRE,DEF,93,p513086,Jannik Schuster,45,3657,0,0,0,,,
2026-08-10T10:35:06.754939,2627,1,BRE,MID,94,p513418,Kevin Schade,60,73140,0,0,0,,,
2026-08-10T10:35:06.754939,2627,1,BRE,MID,95,p533463,Dango Ouattara,65,51198,0,0,0,,,
2026-08-10T10:35:06.754939,2627,1,BRE,MID,96,p440089,Mikkel Damsgaard,55,25599,0,0,0,,,
2026-08-10T10:35:06.754939,2627,1,BRE,MID,97,p207283,Mathias Jensen,55,3657,0,0,0,,,
2026-08-10T10:35:06.754939,2627,1,BRE,MID,98,p204580,Vitaly Janelt,50,3657,0,0,0,,,
2026-08-10T10:35:06.754939,2627,1,BRE,MID,99,p543295,Antoni Milambo,50,0,0,0,0,Knee injury - 75% chance of playing,75,
2026-08-10T10:35:06.754939,2627,1,BRE,MID,100,p244858,Fábio Freitas Gouveia Carvalho,50,0,0,0,0,,100,
2026-08-10T10:35:06.754939,2627,1,BRE,MID,102,p508395,Yehor Yarmoliuk,50,54855,0,0,0,,,
2026-08-10T10:35:06.754939,2627,1,BRE,MID,103,p183656,Josh Dasilva,50,0,0,0,0,,,
2026-08-10T10:35:06.754939,2627,1,BRE,MID,105,p444180,Jaidon Anthony,60,7314,0,0,0,,,
2026-08-10T10:35:06.754939,2627,1,BRE,FWD,106,p502500,Igor Thiago Nascimento Rodrigues,80,585122,0,0,0,,,
2026-08-10T10:35:06.754939,2627,1,BRE,FWD,107,p593174,Kaye Furo,45,29256,0,0,0,,,
2026-08-10T10:35:06.754939,2627,1,BRE,FWD,108,p75115,Callum Wilson,55,14628,0,0,0,,,
2026-08-10T10:35:06.754939,2627,1,BRE,MID,565,p513545,Mamadou Sangaré,55,47541,0,0,0,,,
2026-08-10T10:35:06.754939,2627,1,BHA,GK,109,p489639,Bart Verbruggen,45,632663,0,0,0,,,
2026-08-10T10:35:06.754939,2627,1,BHA,GK,111,p49262,Jason Steele,40,160908,0,0,0,,,
2026-08-10T10:35:06.754939,2627,1,BHA,DEF,113,p231416,Ferdi Kadıoğlu,45,106053,0,0,0,,,
2026-08-10T10:35:06.754939,2627,1,BHA,DEF,114,p204120,Olivier Boscagli,45,3657,0,0,0,,,
2026-08-10T10:35:06.754939,2627,1,BHA,DEF,115,p465730,Maxim De Cuyper,45,47541,0,0,0,,,
2026-08-10T10:35:06.754939,2627,1,BHA,DEF,116,p83299,Lewis Dunk,45,29256,0,0,0,,,
2026-08-10T10:35:06.754939,2627,1,BHA,DEF,117,p550090,Diego Coppola,45,0,0,0,0,,,
2026-08-10T10:35:06.754939,2627,1,BHA,DEF,118,p223434,Igor Julio dos Santos de Paulo,45,3657,0,0,0,,,
2026-08-10T10:35:06.754939,2627,1,BHA,DEF,119,p451490,João Pedro Loureiro da Costa,45,0,0,0,0,,,
2026-08-10T10:35:06.754939,2627,1,BHA,DEF,120,p454490,Michael Svoboda,50,3657,0,0,0,,,
2026-08-10T10:35:06.754939,2627,1,BHA,MID,121,p451340,Mitoma Kaoru,60,3657,0,0,0,Hamstring injury - Unknown return date,0,
2026-08-10T10:35:06.754939,2627,1,BHA,MID,122,p592031,Yankuba Minteh,60,25599,0,0,0,,,
2026-08-10T10:35:06.754939,2627,1,BHA,MID,123,p532529,Jack Hinshelwood,60,10971,0,0,0,,,
2026-08-10T10:35:06.754939,2627,1,BHA,MID,124,p60307,Pascal Groß,55,354730,0,0,0,,,
2026-08-10T10:35:06.754939,2627,1,BHA,FWD,125,p463067,Georginio Rutter,55,32913,0,0,0,,,
2026-08-10T10:35:06.754939,2627,1,BHA,MID,126,p219249,Matt O'Riley,55,3657,0,0,0,,,
2026-08-10T10:35:06.754939,2627,1,BHA,MID,127,p514254,Diego Gómez Amarilla,50,69483,0,0,0,,,
2026-08-10T10:35:06.754939,2627,1,BHA,MID,128,p536916,Facundo Buonanotte,50,3657,0,0,0,,,
2026-08-10T10:35:06.754939,2627,1,BHA,MID,129,p509416,Yasin Ayari,55,29256,0,0,0,,,
2026-08-10T10:35:06.754939,2627,1,BHA,DEF,130,p467779,Mats Wieffer,50,10971,0,0,0,,,
2026-08-10T10:35:06.754939,2627,1,BHA,MID,131,p535301,Carlos Baleba,50,14628,0,0,0,Ankle injury - Expected back 23 Aug,0,1
2026-08-10T10:35:06.754939,2627,1,BHA,MID,132,p597320,Harry Howell,45,10971,0,0,0,,,
2026-08-10T10:35:06.754939,2627,1,BHA,MID,133,p549074,Tom Watson,50,0,0,0,0,Has joined Leicester City on loan for the rest of the season,0,
2026-08-10T10:35:06.754939,2627,1,BHA,MID,134,p556637,Nehemiah Oriola,45,7314,0,0,0,,,
2026-08-10T10:35:06.754939,2627,1,BHA,MID,135,p700308,Zadok Yohanna,50,3657,0,0,0,,,
2026-08-10T10:35:06.754939,2627,1,BHA,FWD,137,p608181,Stefanos Tzimas,55,0,0,0,0,Knee injury - 75% chance of playing,75,
2026-08-10T10:35:06.754939,2627,1,BHA,FWD,138,p647850,Charalampos Kostoulas,55,10971,0,0,0,,,
2026-08-10T10:35:06.754939,2627,1,BHA,FWD,139,p487117,Evan Ferguson,50,0,0,0,0,Ankle injury - Expected back 10 Oct,0,6
2026-08-10T10:35:06.754939,2627,1,BHA,DEF,328,p222694,Pascal Struijk,50,18285,0,0,0,,,
2026-08-10T10:35:06.754939,2627,1,BHA,DEF,504,p610799,Luka Vušković,50,102396,0,0,0,,,
2026-08-10T10:35:06.754939,2627,1,CHE,MID,40,p244850,Morgan Rogers,75,1027621,0,0,0,,,
2026-08-10T10:35:06.754939,2627,1,CHE,MID,101,p56979,Jordan Henderson,50,0,0,0,0,Wrist injury - 75% chance of playing,75,
2026-08-10T10:35:06.754939,2627,1,CHE,FWD,136,p50175,Danny Welbeck,60,95082,0,0,0,,,
2026-08-10T10:35:06.754939,2627,1,CHE,GK,140,p215059,Robert Lynch Sánchez,50,73140,0,0,0,,,
2026-08-10T10:35:06.754939,2627,1,CHE,GK,141,p508479,Filip Jörgensen,50,3657,0,0,0,,,
2026-08-10T10:35:06.754939,2627,1,CHE,DEF,142,p225796,Reece James,55,288904,0,0,0,,,
2026-08-10T10:35:06.754939,2627,1,CHE,DEF,143,p180736,Trevoh Chalobah,55,69483,0,0,0,,,
2026-08-10T10:35:06.754939,2627,1,CHE,DEF,144,p482609,Malo Gusto,50,40227,0,0,0,,,
2026-08-10T10:35:06.754939,2627,1,CHE,DEF,145,p444463,Wesley Fofana,50,0,0,0,0,Suspended until 6 Sep,0,3
2026-08-10T10:35:06.754939,2627,1,CHE,DEF,146,p242880,Benoît Badiashile Mukinayi,45,0,0,0,0,,,
2026-08-10T10:35:06.754939,2627,1,CHE,DEF,147,p109646,Tosin Adarabioyo,45,7314,0,0,0,,,
2026-08-10T10:35:06.754939,2627,1,CHE,DEF,148,p551210,Jorrel Hato,45,36570,0,0,0,,,
2026-08-10T10:35:06.754939,2627,1,CHE,DEF,149,p460028,Levi Samuels Colwill,50,58512,0,0,0,,,
2026-08-10T10:35:06.754939,2627,1,CHE,DEF,150,p574458,Mamadou Sarr,45,3657,0,0,0,,,
2026-08-10T10:35:06.754939,2627,1,CHE,DEF,151,p577016,Josh Acheampong,45,7314,0,0,0,,,
2026-08-10T10:35:06.754939,2627,1,CHE,DEF,152,p620109,Marco Palestra,55,76797,0,0,0,,,
2026-08-10T10:35:06.754939,2627,1,CHE,DEF,153,p220362,Axel Disasi,45,3657,0,0,0,,,
2026-08-10T10:35:06.754939,2627,1,CHE,MID,154,p244851,Cole Palmer,95,416899,0,0,0,,,
2026-08-10T10:35:06.754939,2627,1,CHE,MID,155,p448047,Enzo Fernández,70,201135,0,0,0,,,
2026-08-10T10:35:06.754939,2627,1,CHE,MID,156,p247632,Pedro Lomba Neto,65,47541,0,0,0,,,
2026-08-10T10:35:06.754939,2627,1,CHE,MID,157,p624773,Estêvão Almeida de Oliveira Gonçalves,65,62169,0,0,0,,,
2026-08-10T10:35:06.754939,2627,1,CHE,MID,158,p463936,Jamie Bynoe-Gittens,60,3657,0,0,0,,,
2026-08-10T10:35:06.754939,2627,1,CHE,MID,159,p486672,Moisés Caicedo Corozo,55,149937,0,0,0,,,
2026-08-10T10:35:06.754939,2627,1,CHE,MID,161,p514356,Roméo Lavia,50,3657,0,0,0,,,
2026-08-10T10:35:06.754939,2627,1,CHE,MID,163,p491007,Dário Luís Essugo,45,7314,0,0,0,,,
2026-08-10T10:35:06.754939,2627,1,CHE,MID,164,p593117,Geovany Quenda,55,3657,0,0,0,,100,
2026-08-10T10:35:06.754939,2627,1,CHE,FWD,165,p475168,João Pedro Junqueira de Jesus,75,2018672,0,0,0,,,
2026-08-10T10:35:06.754939,2627,1,CHE,FWD,166,p517052,Nicolas Jackson,65,14628,0,0,0,,,
2026-08-10T10:35:06.754939,2627,1,CHE,FWD,167,p463034,Liam Delap,55,18285,0,0,0,,,
2026-08-10T10:35:06.754939,2627,1,CHE,FWD,168,p499309,Marc Guiu Paz,50,14628,0,0,0,,,
2026-08-10T10:35:06.754939,2627,1,CHE,FWD,169,p567119,Shumaira Mheuka,45,14628,0,0,0,,,
2026-08-10T10:35:06.754939,2627,1,CHE,FWD,170,p503037,Emmanuel Emegha,50,7314,0,0,0,Hamstring injury - 75% chance of playing,75,
2026-08-10T10:35:06.754939,2627,1,CHE,DEF,200,p437499,Maxence Lacroix,60,424213,0,0,0,,,
2026-08-10T10:35:06.754939,2627,1,CHE,GK,560,p549939,Mike Penders,45,3657,0,0,0,,,
2026-08-10T10:35:06.754939,2627,1,CHE,DEF,561,p622758,Aaron Anselmino,45,0,0,0,0,,,
2026-08-10T10:35:06.754939,2627,1,CHE,MID,568,p543158,Valentín Barco,55,3657,0,0,0,,,
2026-08-10T10:35:06.754939,2627,1,COV,MID,104,p428580,Frank Onyeka,50,7314,0,0,0,,,
2026-08-10T10:35:06.754939,2627,1,COV,GK,110,p472739,Carl Rushworth,45,32913,0,0,0,,,
2026-08-10T10:35:06.754939,2627,1,COV,GK,171,p484389,Oliver Dovin,40,95082,0,0,0,,,
2026-08-10T10:35:06.754939,2627,1,COV,GK,172,p110690,Ben Wilson,45,21942,0,0,0,,,
2026-08-10T10:35:06.754939,2627,1,COV,DEF,173,p461102,Bobby Thomas,40,318160,0,0,0,,,
2026-08-10T10:35:06.754939,2627,1,COV,DEF,174,p436761,Liam Kitching,40,18285,0,0,0,,,
2026-08-10T10:35:06.754939,2627,1,COV,DEF,175,p451284,Milan van Ewijk,40,577808,0,0,0,,,
2026-08-10T10:35:06.754939,2627,1,COV,DEF,176,p173878,Jay Dasilva,40,21942,0,0,0,,,
2026-08-10T10:35:06.754939,2627,1,COV,DEF,177,p465390,Kaine Kesler-Hayden,40,3657,0,0,0,,,
2026-08-10T10:35:06.754939,2627,1,COV,DEF,178,p80178,Jake Bidwell,40,3657,0,0,0,,,
2026-08-10T10:35:06.754939,2627,1,COV,DEF,179,p204813,Joel Latibeaudiere,40,3657,0,0,0,,,
2026-08-10T10:35:06.754939,2627,1,COV,DEF,180,p220583,Luke Woolfenden,40,7314,0,0,0,,,
2026-08-10T10:35:06.754939,2627,1,COV,DEF,181,p577411,Miguel Brau,40,3657,0,0,0,,,
2026-08-10T10:35:06.754939,2627,1,COV,DEF,182,p539142,Aurèle Amenda,40,21942,0,0,0,,,
2026-08-10T10:35:06.754939,2627,1,COV,MID,183,p480457,Jack Rudoni,50,10971,0,0,0,Shoulder injury - 75% chance of playing,75,
2026-08-10T10:35:06.754939,2627,1,COV,MID,184,p168144,Matt Grimes,50,7314,0,0,0,,,
2026-08-10T10:35:06.754939,2627,1,COV,MID,185,p501459,Tatsuhiro Sakamoto,50,7314,0,0,0,,,
2026-08-10T10:35:06.754939,2627,1,COV,MID,186,p241293,Ephron Mason-Clark,55,10971,0,0,0,,,
2026-08-10T10:35:06.754939,2627,1,COV,MID,187,p439668,Josh Eccles,50,0,0,0,0,,,
2026-08-10T10:35:06.754939,2627,1,COV,MID,188,p226965,Victor Torp,55,7314,0,0,0,,,
2026-08-10T10:35:06.754939,2627,1,COV,MID,189,p684268,George Shepherd,45,10971,0,0,0,,,
2026-08-10T10:35:06.754939,2627,1,COV,MID,190,p469272,Loum Tchaouna,55,3657,0,0,0,,,
2026-08-10T10:35:06.754939,2627,1,COV,MID,191,p492498,Raphael Borges Rodrigues,45,7314,0,0,0,,,
2026-08-10T10:35:06.754939,2627,1,COV,MID,192,p629397,Kaine Andrews,45,25599,0,0,0,,,
2026-08-10T10:35:06.754939,2627,1,COV,FWD,193,p176412,Haji Wright,55,65826,0,0,0,,,
2026-08-10T10:35:06.754939,2627,1,COV,FWD,194,p230730,Brandon Thomas-Asante,50,29256,0,0,0,,,
2026-08-10T10:35:06.754939,2627,1,COV,FWD,195,p218997,Ellis Simms,50,21942,0,0,0,,,
2026-08-10T10:35:06.754939,2627,1,COV,FWD,196,p551262,Jahnoah Markelo,50,3657,0,0,0,,,
2026-08-10T10:35:06.754939,2627,1,COV,FWD,197,p549653,Norman Bassette,45,14628,0,0,0,Has joined KVC Westerlo on loan for the rest of the season,0,
2026-08-10T10:35:06.754939,2627,1,CRY,GK,198,p172649,Dean Henderson,50,113367,0,0,0,,,
2026-08-10T10:35:06.754939,2627,1,CRY,GK,199,p121709,Walter Benítez,45,3657,0,0,0,,,
2026-08-10T10:35:06.754939,2627,1,CRY,DEF,201,p247348,Daniel Muñoz Mejía,55,420556,0,0,0,,,
2026-08-10T10:35:06.754939,2627,1,CRY,DEF,202,p427623,Chris Richards,50,29256,0,0,0,,,
2026-08-10T10:35:06.754939,2627,1,CRY,DEF,203,p651426,Jaydee Canvot,50,21942,0,0,0,,,
2026-08-10T10:35:06.754939,2627,1,CRY,DEF,204,p244723,Tyrick Mitchell,45,248677,0,0,0,,,
2026-08-10T10:35:06.754939,2627,1,CRY,DEF,205,p218364,Borna Sosa,45,0,0,0,0,,,
2026-08-10T10:35:06.754939,2627,1,CRY,DEF,206,p515621,Chadi Riad Dnanou,45,3657,0,0,0,,,
2026-08-10T10:35:06.754939,2627,1,CRY,DEF,207,p242313,Oscar Mingueza,45,3657,0,0,0,,,
2026-08-10T10:35:06.754939,2627,1,CRY,MID,208,p232185,Ismaïla Sarr,65,314503,0,0,0,,,
2026-08-10T10:35:06.754939,2627,1,CRY,MID,209,p242898,Brennan Johnson,60,7314,0,0,0,,,
2026-08-10T10:35:06.754939,2627,1,CRY,MID,210,p496221,Adam Wharton,55,10971,0,0,0,,100,
2026-08-10T10:35:06.754939,2627,1,CRY,MID,211,p488024,Yéremy Pino Santos,55,7314,0,0,0,,,
2026-08-10T10:35:06.754939,2627,1,CRY,MID,212,p108413,Will Hughes,45,405928,0,0,0,,,
2026-08-10T10:35:06.754939,2627,1,CRY,MID,213,p152551,Jefferson Lerma Solís,50,3657,0,0,0,,,
2026-08-10T10:35:06.754939,2627,1,CRY,MID,214,p209400,Daichi Kamada,50,10971,0,0,0,,,
2026-08-10T10:35:06.754939,2627,1,CRY,MID,215,p489706,Justin Devenny,50,0,0,0,0,,,
2026-08-10T10:35:06.754939,2627,1,CRY,MID,216,p606921,Romain Esse,50,3657,0,0,0,,,
2026-08-10T10:35:06.754939,2627,1,CRY,MID,217,p536694,Matheus França de Oliveira,50,0,0,0,0,,,
2026-08-10T10:35:06.754939,2627,1,CRY,MID,218,p438464,Cheick Doucouré,50,3657,0,0,0,,,
2026-08-10T10:35:06.754939,2627,1,CRY,MID,219,p450542,Jesurun Rak-Sakyi,50,0,0,0,0,,,
2026-08-10T10:35:06.754939,2627,1,CRY,DEF,220,p590014,Rio Cardines,45,0,0,0,0,,,
2026-08-10T10:35:06.754939,2627,1,CRY,MID,221,p672492,Joél Drakes-Thomas,45,3657,0,0,0,,,
2026-08-10T10:35:06.754939,2627,1,CRY,FWD,222,p247412,Jørgen Strand Larsen,60,21942,0,0,0,,,
2026-08-10T10:35:06.754939,2627,1,CRY,FWD,223,p231747,Jean-Philippe Mateta,65,245020,0,0,0,,,
2026-08-10T10:35:06.754939,2627,1,CRY,FWD,224,p205533,Eddie Nketiah,55,18285,0,0,0,,,
2026-08-10T10:35:06.754939,2627,1,CRY,FWD,225,p660392,Christantus Uche,50,0,0,0,0,has returned to Getafe CF,0,
2026-08-10T10:35:06.754939,2627,1,CRY,GK,555,p169593,Remi Matthews,40,62169,0,0,0,,,
2026-08-10T10:35:06.754939,2627,1,EVE,MID,21,p128295,Christian Nørgaard,50,21942,0,0,0,,,
2026-08-10T10:35:06.754939,2627,1,EVE,GK,226,p111234,Jordan Pickford,55,325474,0,0,0,,,
2026-08-10T10:35:06.754939,2627,1,EVE,GK,227,p229600,Mark Travers,50,3657,0,0,0,,,
2026-08-10T10:35:06.754939,2627,1,EVE,GK,228,p138001,Tom King,45,3657,0,0,0,,,
2026-08-10T10:35:06.754939,2627,1,EVE,DEF,229,p17761,James Tarkowski,60,358387,0,0,0,,,
2026-08-10T10:35:06.754939,2627,1,EVE,DEF,230,p480455,Jarrad Branthwaite,55,69483,0,0,0,,,
2026-08-10T10:35:06.754939,2627,1,EVE,DEF,231,p106611,Michael Keane,50,58512,0,0,0,,,
2026-08-10T10:35:06.754939,2627,1,EVE,DEF,232,p512462,Jake O'Brien,50,18285,0,0,0,,,
2026-08-10T10:35:06.754939,2627,1,EVE,DEF,233,p224967,Vitalii Mykolenko,45,47541,0,0,0,,,
2026-08-10T10:35:06.754939,2627,1,EVE,DEF,234,p243571,Nathan Patterson,45,0,0,0,0,,,
2026-08-10T10:35:06.754939,2627,1,EVE,DEF,235,p499300,Adam Aznou,40,7314,0,0,0,,,
2026-08-10T10:35:06.754939,2627,1,EVE,MID,236,p215413,Kiernan Dewsbury-Hall,65,135309,0,0,0,,,
2026-08-10T10:35:06.754939,2627,1,EVE,MID,237,p440993,Iliman Ndiaye,60,566837,0,0,0,,,
2026-08-10T10:35:06.754939,2627,1,EVE,MID,239,p232928,James Garner,60,21942,0,0,0,Groin injury - Expected back 22 Aug,0,1
2026-08-10T10:35:06.754939,2627,1,EVE,MID,240,p490094,Tim Iroegbunam,50,3657,0,0,0,,,
2026-08-10T10:35:06.754939,2627,1,EVE,MID,241,p433154,Dwight McNeil,55,7314,0,0,0,,,
2026-08-10T10:35:06.754939,2627,1,EVE,MID,242,p550615,Tyrique George,55,3657,0,0,0,,,
2026-08-10T10:35:06.754939,2627,1,EVE,MID,243,p502697,Carlos Alcaraz Durán,50,3657,0,0,0,,,
2026-08-10T10:35:06.754939,2627,1,EVE,MID,244,p609873,Harrison Armstrong,50,3657,0,0,0,,,
2026-08-10T10:35:06.754939,2627,1,EVE,MID,245,p496661,Tyler Dibling,55,3657,0,0,0,,,
2026-08-10T10:35:06.754939,2627,1,EVE,MID,246,p513466,Merlin Röhl,50,3657,0,0,0,,,
2026-08-10T10:35:06.754939,2627,1,EVE,MID,247,p244860,Hayden Hackney,55,10971,0,0,0,,,
2026-08-10T10:35:06.754939,2627,1,EVE,FWD,248,p486385,Norberto Bercique Gomes Betuncal,55,117024,0,0,0,,,
2026-08-10T10:35:06.754939,2627,1,EVE,FWD,249,p586309,Thierno Barry,55,32913,0,0,0,,,
2026-08-10T10:35:06.754939,2627,1,FUL,GK,250,p80201,Bernd Leno,45,117024,0,0,0,,,
2026-08-10T10:35:06.754939,2627,1,FUL,GK,251,p86873,Benjamin Lecomte,40,51198,0,0,0,,,
2026-08-10T10:35:06.754939,2627,1,FUL,GK,252,p505079,Alfie McNally,40,7314,0,0,0,,,
2026-08-10T10:35:06.754939,2627,1,FUL,DEF,253,p174874,Joachim Andersen,50,3657,0,0,0,Suspended until 30 Aug,0,2
2026-08-10T10:35:06.754939,2627,1,FUL,DEF,254,p169528,Antonee Robinson,45,95082,0,0,0,,,
2026-08-10T10:35:06.754939,2627,1,FUL,DEF,255,p246301,Jorge Cuenca Barreno,45,0,0,0,0,,,
2026-08-10T10:35:06.754939,2627,1,FUL,DEF,256,p167074,Kenny Tete,45,7314,0,0,0,,,
2026-08-10T10:35:06.754939,2627,1,FUL,DEF,257,p232892,Calvin Bassey,45,21942,0,0,0,,,
2026-08-10T10:35:06.754939,2627,1,FUL,DEF,258,p166477,Timothy Castagne,45,7314,0,0,0,,,
2026-08-10T10:35:06.754939,2627,1,FUL,MID,261,p153133,Alex Iwobi,55,32913,0,0,0,,,
2026-08-10T10:35:06.754939,2627,1,FUL,MID,262,p209289,Emile Smith Rowe,55,14628,0,0,0,,,
2026-08-10T10:35:06.754939,2627,1,FUL,MID,263,p560552,Kevin Santos Lopes de Macedo,55,3657,0,0,0,,,
2026-08-10T10:35:06.754939,2627,1,FUL,MID,264,p477555,Oscar Bobb,55,14628,0,0,0,,,
2026-08-10T10:35:06.754939,2627,1,FUL,MID,265,p207189,Sander Berge,50,14628,0,0,0,,,
2026-08-10T10:35:06.754939,2627,1,FUL,MID,266,p76357,Tom Cairney,50,0,0,0,0,,,
2026-08-10T10:35:06.754939,2627,1,FUL,MID,267,p212314,Saša Lukić,50,3657,0,0,0,,,
2026-08-10T10:35:06.754939,2627,1,FUL,MID,268,p577725,Josh King,55,3657,0,0,0,,,
2026-08-10T10:35:06.754939,2627,1,FUL,DEF,269,p184349,Ryan Sessegnon,45,14628,0,0,0,,,
2026-08-10T10:35:06.754939,2627,1,FUL,MID,270,p153366,Harrison Reed,45,40227,0,0,0,,,
2026-08-10T10:35:06.754939,2627,1,FUL,FWD,271,p244042,Rodrigo Muniz Carvalho,55,25599,0,0,0,,,
2026-08-10T10:35:06.754939,2627,1,FUL,FWD,272,p631786,Jonah Kusi-Asare,45,281590,0,0,0,,,
2026-08-10T10:35:06.754939,2627,1,FUL,FWD,569,p551466,Gonzalo García,60,54855,0,0,0,,,
2026-08-10T10:35:06.754939,2627,1,FUL,MID,570,p571779,César Palacios,55,3657,0,0,0,,,
2026-08-10T10:35:06.754939,2627,1,HUL,GK,273,p167825,Dillon Phillips,40,73140,0,0,0,,,
2026-08-10T10:35:06.754939,2627,1,HUL,GK,274,p105666,Jack Butland,45,29256,0,0,0,Arm injury - Unknown return date,0,
2026-08-10T10:35:06.754939,2627,1,HUL,GK,275,p494950,Harvey Cartwright,40,3657,0,0,0,Has joined Grimsby Town on loan for the rest of the season,0,
2026-08-10T10:35:06.754939,2627,1,HUL,GK,276,p444307,Thimothée Lo-Tutala,40,7314,0,0,0,,,
2026-08-10T10:35:06.754939,2627,1,HUL,DEF,277,p108416,John Egan,40,47541,0,0,0,,,
2026-08-10T10:35:06.754939,2627,1,HUL,DEF,278,p501902,Charlie Hughes,40,29256,0,0,0,Groin injury - Unknown return date,0,
2026-08-10T10:35:06.754939,2627,1,HUL,DEF,279,p146426,Semi Ajayi,40,25599,0,0,0,,,
2026-08-10T10:35:06.754939,2627,1,HUL,DEF,280,p193278,Lewie Coyle,40,18285,0,0,0,,,
2026-08-10T10:35:06.754939,2627,1,HUL,DEF,281,p433590,Cody Drameh,40,3657,0,0,0,Hamstring injury - Expected back 29 Aug,0,2
2026-08-10T10:35:06.754939,2627,1,HUL,DEF,282,p232351,Ryan Giles,40,25599,0,0,0,,,
2026-08-10T10:35:06.754939,2627,1,HUL,DEF,283,p449428,Matty Jacob,40,0,0,0,0,Hip injury - 75% chance of playing,75,
2026-08-10T10:35:06.754939,2627,1,HUL,DEF,284,p661800,Cathal McCarthy,40,3657,0,0,0,,,
2026-08-10T10:35:06.754939,2627,1,HUL,DEF,285,p160817,Paddy McNair,40,3657,0,0,0,,,
2026-08-10T10:35:06.754939,2627,1,HUL,MID,286,p540324,Mohamed Belloumi,50,18285,0,0,0,,,
2026-08-10T10:35:06.754939,2627,1,HUL,MID,287,p232905,Liam Millar,50,3657,0,0,0,,,
2026-08-10T10:35:06.754939,2627,1,HUL,MID,288,p171270,Kieran Dowell,45,18285,0,0,0,,,
2026-08-10T10:35:06.754939,2627,1,HUL,MID,289,p101282,Matt Crooks,45,25599,0,0,0,,,
2026-08-10T10:35:06.754939,2627,1,HUL,MID,290,p243413,Regan Slater,45,76797,0,0,0,,,
2026-08-10T10:35:06.754939,2627,1,HUL,MID,291,p465525,Eliot Matazo,45,0,0,0,0,Knee injury - Unknown return date,0,
2026-08-10T10:35:06.754939,2627,1,HUL,MID,292,p208481,Abdülkadir Ömür,50,0,0,0,0,,,
2026-08-10T10:35:06.754939,2627,1,HUL,MID,293,p490161,Abu Kamara,50,0,0,0,0,,,
2026-08-10T10:35:06.754939,2627,1,HUL,MID,294,p553783,Óscar Zambrano,45,14628,0,0,0,Thigh injury - Unknown return date,0,
2026-08-10T10:35:06.754939,2627,1,HUL,FWD,295,p169432,Oli McBurnie,55,62169,0,0,0,,,
2026-08-10T10:35:06.754939,2627,1,HUL,MID,296,p213292,David Akintola,50,0,0,0,0,,,
2026-08-10T10:35:06.754939,2627,1,HUL,MID,297,p470294,Darko Gyabi,45,3657,0,0,0,Thigh injury - Unknown return date,0,
2026-08-10T10:35:06.754939,2627,1,HUL,FWD,298,p500957,Enis Destan,45,91425,0,0,0,,,
2026-08-10T10:35:06.754939,2627,1,HUL,FWD,299,p534392,Mason Burstow,45,18285,0,0,0,Has joined Sheffield Wednesday on loan for the rest of the season,0,
2026-08-10T10:35:06.754939,2627,1,HUL,DEF,556,p169359,Matt Targett,40,102396,0,0,0,,,
2026-08-10T10:35:06.754939,2627,1,HUL,MID,563,p445028,Hidemasa Morita,50,3657,0,0,0,,,
2026-08-10T10:35:06.754939,2627,1,HUL,GK,572,p473284,Konstantinos Tzolakis,45,7314,0,0,0,,,
2026-08-10T10:35:06.754939,2627,1,IPS,DEF,259,p219924,Issa Diop,40,691176,0,0,0,,,
2026-08-10T10:35:06.754939,2627,1,IPS,GK,300,p108813,Christian Walton,45,21942,0,0,0,,,
2026-08-10T10:35:06.754939,2627,1,IPS,GK,301,p112520,Alex Palmer,40,215763,0,0,0,,,
2026-08-10T10:35:06.754939,2627,1,IPS,GK,302,p50093,David Button,40,18285,0,0,0,,,
2026-08-10T10:35:06.754939,2627,1,IPS,DEF,303,p183015,Cédric Kipré,40,18285,0,0,0,,,
2026-08-10T10:35:06.754939,2627,1,IPS,DEF,304,p216616,Dara O'Shea,40,73140,0,0,0,,,
2026-08-10T10:35:06.754939,2627,1,IPS,DEF,305,p455084,Leif Davis,40,160908,0,0,0,,,
2026-08-10T10:35:06.754939,2627,1,IPS,DEF,306,p449429,Jacob Greaves,40,21942,0,0,0,,,
2026-08-10T10:35:06.754939,2627,1,IPS,DEF,307,p222018,Ben Johnson,40,3657,0,0,0,,,
2026-08-10T10:35:06.754939,2627,1,IPS,DEF,308,p176420,Darnell Furlong,40,14628,0,0,0,,,
2026-08-10T10:35:06.754939,2627,1,IPS,MID,309,p501390,Marcelino Núñez,50,7314,0,0,0,,,
2026-08-10T10:35:06.754939,2627,1,IPS,MID,310,p241117,Azor Matusiwa,50,0,0,0,0,Muscular injury - Unknown return date,0,
2026-08-10T10:35:06.754939,2627,1,IPS,MID,311,p149929,Wes Burns,50,3657,0,0,0,,,
2026-08-10T10:35:06.754939,2627,1,IPS,MID,312,p231899,Jack Taylor,45,7314,0,0,0,Knee injury - Unknown return date,0,
2026-08-10T10:35:06.754939,2627,1,IPS,MID,313,p443261,Jack Clarke,55,10971,0,0,0,,,
2026-08-10T10:35:06.754939,2627,1,IPS,MID,314,p229164,Chiedozie Ogbene,50,0,0,0,0,,,
2026-08-10T10:35:06.754939,2627,1,IPS,MID,315,p531442,Abdul Fatawu,55,10971,0,0,0,,,
2026-08-10T10:35:06.754939,2627,1,IPS,FWD,316,p543968,Emersonn Correia da Silva,55,10971,0,0,0,,,
2026-08-10T10:35:06.754939,2627,1,IPS,FWD,317,p222625,George Hirst,50,14628,0,0,0,,,
2026-08-10T10:35:06.754939,2627,1,IPS,MID,318,p481624,Jaden Philogene,55,7314,0,0,0,,,
2026-08-10T10:35:06.754939,2627,1,IPS,MID,319,p172453,Sam Szmodics,50,3657,0,0,0,,,
2026-08-10T10:35:06.754939,2627,1,IPS,FWD,320,p147675,Chuba Akpom,50,18285,0,0,0,,,
2026-08-10T10:35:06.754939,2627,1,IPS,FWD,321,p557012,Sindre Walle Egeli,45,76797,0,0,0,,,
2026-08-10T10:35:06.754939,2627,1,IPS,FWD,322,p462387,Ali Al-Hamadi,50,7314,0,0,0,,,
2026-08-10T10:35:06.754939,2627,1,IPS,MID,323,p461587,Kasey McAteer,45,58512,0,0,0,,,
2026-08-10T10:35:06.754939,2627,1,IPS,MID,324,p232457,Anis Mehmeti,50,3657,0,0,0,,,
2026-08-10T10:35:06.754939,2627,1,IPS,GK,554,p546600,Kayne van Oevelen,45,3657,0,0,0,,,
2026-08-10T10:35:06.754939,2627,1,IPS,MID,562,p442967,Daizen Maeda,55,14628,0,0,0,,,
2026-08-10T10:35:06.754939,2627,1,IPS,GK,564,p240514,Kjell Scherpen,45,10971,0,0,0,,,
2026-08-10T10:35:06.754939,2627,1,IPS,MID,571,p216055,Florentino Ibrain Morris Luís,50,0,0,0,0,,,
2026-08-10T10:35:06.754939,2627,1,LEE,MID,260,p153682,Harry Wilson,65,299875,0,0,0,,,
2026-08-10T10:35:06.754939,2627,1,LEE,GK,326,p201595,Lucas Estella Perri,45,25599,0,0,0,,,
2026-08-10T10:35:06.754939,2627,1,LEE,DEF,327,p434752,Jaka Bijol,50,10971,0,0,0,,,
2026-08-10T10:35:06.754939,2627,1,LEE,DEF,329,p214225,Joe Rodon,45,69483,0,0,0,,,
2026-08-10T10:35:06.754939,2627,1,LEE,DEF,330,p226182,Jayden Bogle,45,14628,0,0,0,,,
2026-08-10T10:35:06.754939,2627,1,LEE,DEF,331,p243526,Gabriel Gudmundsson,45,14628,0,0,0,Hamstring injury - Expected back 30 Aug,0,2
2026-08-10T10:35:06.754939,2627,1,LEE,DEF,332,p220627,James Justin,45,18285,0,0,0,,,
2026-08-10T10:35:06.754939,2627,1,LEE,DEF,333,p437738,Sebastiaan Bornauw,45,0,0,0,0,,,
2026-08-10T10:35:06.754939,2627,1,LEE,DEF,334,p522047,Tarik Muharemović,50,54855,0,0,0,,,
2026-08-10T10:35:06.754939,2627,1,LEE,MID,335,p466525,Anton Stach,60,43884,0,0,0,,,
2026-08-10T10:35:06.754939,2627,1,LEE,MID,336,p435997,Noah Okafor,60,25599,0,0,0,,,
2026-08-10T10:35:06.754939,2627,1,LEE,MID,337,p427637,Brenden Aaronson,55,29256,0,0,0,,,
2026-08-10T10:35:06.754939,2627,1,LEE,MID,338,p199598,Ethan Ampadu,55,58512,0,0,0,,,
2026-08-10T10:35:06.754939,2627,1,LEE,MID,339,p180135,Sean Longstaff,50,7314,0,0,0,,,
2026-08-10T10:35:06.754939,2627,1,LEE,MID,340,p462635,Joe Gelhardt,50,0,0,0,0,,,
2026-08-10T10:35:06.754939,2627,1,LEE,MID,341,p492859,Wilfried Gnonto,50,3657,0,0,0,,,
2026-08-10T10:35:06.754939,2627,1,LEE,MID,342,p221399,Jack Harrison,50,0,0,0,0,Has joined New England Revolution permanently,0,
2026-08-10T10:35:06.754939,2627,1,LEE,MID,343,p200617,Daniel James,50,3657,0,0,0,,,
2026-08-10T10:35:06.754939,2627,1,LEE,MID,344,p486520,Ilia Gruev,50,0,0,0,0,,,
2026-08-10T10:35:06.754939,2627,1,LEE,MID,345,p248056,Tanaka Ao,50,10971,0,0,0,,,
2026-08-10T10:35:06.754939,2627,1,LEE,FWD,346,p177815,Dominic Calvert-Lewin,60,892311,0,0,0,,,
2026-08-10T10:35:06.754939,2627,1,LEE,FWD,347,p174594,Lukas Nmecha,55,21942,0,0,0,,,
2026-08-10T10:35:06.754939,2627,1,LEE,FWD,348,p235826,Joël Piroe,50,18285,0,0,0,,,
2026-08-10T10:35:06.754939,2627,1,LEE,FWD,349,p565297,Mateo Joseph Fernández-Regatillo,45,7314,0,0,0,Knee injury - Unknown return date,0,
2026-08-10T10:35:06.754939,2627,1,LEE,GK,385,p432720,James Trafford,50,76797,0,0,0,,,
2026-08-10T10:35:06.754939,2627,1,LIV,GK,350,p116535,Alisson Becker,55,149937,0,0,0,,,
2026-08-10T10:35:06.754939,2627,1,LIV,GK,351,p449027,Giorgi Mamardashvili,50,7314,0,0,0,,,
2026-08-10T10:35:06.754939,2627,1,LIV,GK,352,p155503,Freddie Woodman,40,43884,0,0,0,,,
2026-08-10T10:35:06.754939,2627,1,LIV,GK,353,p586268,Armin Pecsi,40,3657,0,0,0,,,
2026-08-10T10:35:06.754939,2627,1,LIV,GK,354,p432987,Vitezslav Jaros,40,0,0,0,0,Knee injury - Unknown return date,0,
2026-08-10T10:35:06.754939,2627,1,LIV,GK,355,p464353,Harvey Davies,40,3657,0,0,0,,,
2026-08-10T10:35:06.754939,2627,1,LIV,DEF,356,p97032,Virgil van Dijk,65,603407,0,0,0,,,
2026-08-10T10:35:06.754939,2627,1,LIV,DEF,357,p216094,Jeremie Frimpong,55,109710,0,0,0,,,
2026-08-10T10:35:06.754939,2627,1,LIV,DEF,358,p544877,Milos Kerkez,55,193821,0,0,0,,,
2026-08-10T10:35:06.754939,2627,1,LIV,DEF,359,p171287,Joe Gomez,50,3657,0,0,0,Muscular injury - Unknown return date,0,
2026-08-10T10:35:06.754939,2627,1,LIV,DEF,360,p492777,Conor Bradley,50,0,0,0,0,Knee injury - Unknown return date,0,
2026-08-10T10:35:06.754939,2627,1,LIV,DEF,361,p519440,Wellity Lucky,40,3657,0,0,0,,,
2026-08-10T10:35:06.754939,2627,1,LIV,DEF,362,p606702,Jeremy Jacquet,50,54855,0,0,0,,100,
2026-08-10T10:35:06.754939,2627,1,LIV,DEF,363,p647681,Giovanni Leoni,40,3657,0,0,0,Knee injury - Unknown return date,0,
2026-08-10T10:35:06.754939,2627,1,LIV,DEF,364,p214285,Kostas Tsimikas,50,3657,0,0,0,,,
2026-08-10T10:35:06.754939,2627,1,LIV,DEF,365,p489580,Calvin Ramsay,40,7314,0,0,0,,,
2026-08-10T10:35:06.754939,2627,1,LIV,MID,366,p494595,Florian Wirtz,75,493697,0,0,0,,,
2026-08-10T10:35:06.754939,2627,1,LIV,MID,367,p243298,Cody Gakpo,70,124338,0,0,0,,,
2026-08-10T10:35:06.754939,2627,1,LIV,MID,368,p424876,Dominik Szoboszlai,70,1656628,0,0,0,,,
2026-08-10T10:35:06.754939,2627,1,LIV,MID,369,p611922,Rio Ngumoha,60,54855,0,0,0,,,
2026-08-10T10:35:06.754939,2627,1,LIV,MID,370,p223541,Federico Chiesa,55,7314,0,0,0,,,
2026-08-10T10:35:06.754939,2627,1,LIV,MID,371,p441266,Ryan Gravenberch,60,73140,0,0,0,,,
2026-08-10T10:35:06.754939,2627,1,LIV,MID,372,p243016,Alexis Mac Allister,55,69483,0,0,0,,,
2026-08-10T10:35:06.754939,2627,1,LIV,MID,373,p206915,Curtis Jones,55,3657,0,0,0,,,
2026-08-10T10:35:06.754939,2627,1,LIV,MID,374,p158983,Endo Wataru,50,0,0,0,0,,100,
2026-08-10T10:35:06.754939,2627,1,LIV,MID,375,p591386,Trey Nyoni,50,3657,0,0,0,,,
2026-08-10T10:35:06.754939,2627,1,LIV,MID,376,p535928,Stefan Bajčetić Maquieira,50,0,0,0,0,Hamstring injury - Expected back 23 Aug,0,1
2026-08-10T10:35:06.754939,2627,1,LIV,MID,377,p551499,Victor Munoz,65,29256,0,0,0,,,
2026-08-10T10:35:06.754939,2627,1,LIV,MID,378,p491501,James McConnell,45,7314,0,0,0,,,
2026-08-10T10:35:06.754939,2627,1,LIV,FWD,379,p219168,Alexander Isak,90,449812,0,0,0,,,
2026-08-10T10:35:06.754939,2627,1,LIV,FWD,380,p510663,Hugo Ekitiké,75,7314,0,0,0,Achilles injury - Unknown return date,0,
2026-08-10T10:35:06.754939,2627,1,LIV,MID,381,p514514,Lewis Koumas,50,0,0,0,0,,,
2026-08-10T10:35:06.754939,2627,1,LIV,FWD,382,p500058,Jayden Danns,45,0,0,0,0,Unspecified injury - Unknown return date,0,
2026-08-10T10:35:06.754939,2627,1,LIV,MID,383,p444884,Harvey Elliott,55,3657,0,0,0,,,
2026-08-10T10:35:06.754939,2627,1,MCI,MID,238,p114283,Jack Grealish,65,7314,0,0,0,Foot injury - 75% chance of playing,75,
2026-08-10T10:35:06.754939,2627,1,MCI,GK,384,p204936,Gianluigi Donnarumma,55,402271,0,0,0,,,
2026-08-10T10:35:06.754939,2627,1,MCI,GK,386,p122074,Marcus Bettinelli,45,0,0,0,0,,,
2026-08-10T10:35:06.754939,2627,1,MCI,DEF,387,p472769,Nico O'Reilly,65,819171,0,0,0,,,
2026-08-10T10:35:06.754939,2627,1,MCI,DEF,388,p209036,Marc Guéhi,60,852084,0,0,0,,,
2026-08-10T10:35:06.754939,2627,1,MCI,DEF,389,p465351,Matheus Nunes,60,171879,0,0,0,,,
2026-08-10T10:35:06.754939,2627,1,MCI,DEF,390,p171314,Rúben dos Santos Gato Alves Dias,55,54855,0,0,0,,,
2026-08-10T10:35:06.754939,2627,1,MCI,DEF,391,p477424,Joško Gvardiol,55,479069,0,0,0,,,
2026-08-10T10:35:06.754939,2627,1,MCI,DEF,392,p448514,Rayan Aït-Nouri,55,43884,0,0,0,,,
2026-08-10T10:35:06.754939,2627,1,MCI,DEF,393,p578153,Abdukodir Khusanov,55,73140,0,0,0,,,
2026-08-10T10:35:06.754939,2627,1,MCI,DEF,394,p494307,Max Alleyne,50,0,0,0,0,,,
2026-08-10T10:35:06.754939,2627,1,MCI,DEF,395,p477064,Rico Lewis,45,7314,0,0,0,,,
2026-08-10T10:35:06.754939,2627,1,MCI,DEF,396,p616222,Vitor de Oliveira Nunes dos Reis,45,0,0,0,0,,,
2026-08-10T10:35:06.754939,2627,1,MCI,MID,397,p437730,Antoine Semenyo,85,906939,0,0,0,,,
2026-08-10T10:35:06.754939,2627,1,MCI,MID,398,p209244,Phil Foden,70,252334,0,0,0,,,
2026-08-10T10:35:06.754939,2627,1,MCI,MID,399,p466052,Rayan Cherki,75,332788,0,0,0,,,
2026-08-10T10:35:06.754939,2627,1,MCI,MID,400,p248875,Jérémy Doku,75,234049,0,0,0,,,
2026-08-10T10:35:06.754939,2627,1,MCI,FWD,401,p438234,Omar Marmoush,70,25599,0,0,0,,,
2026-08-10T10:35:06.754939,2627,1,MCI,MID,402,p220566,Rodrigo 'Rodri' Hernandez Cascante,65,3657,0,0,0,Back injury - Unknown return date,0,
2026-08-10T10:35:06.754939,2627,1,MCI,MID,403,p510281,Sávio Moreira de Oliveira,65,3657,0,0,0,,,
2026-08-10T10:35:06.754939,2627,1,MCI,MID,404,p433036,Tijjani Reijnders,60,14628,0,0,0,,,
2026-08-10T10:35:06.754939,2627,1,MCI,MID,405,p465694,Nico González Iglesias,55,3657,0,0,0,,,
2026-08-10T10:35:06.754939,2627,1,MCI,MID,406,p91651,Mateo Kovačić,55,0,0,0,0,,,
2026-08-10T10:35:06.754939,2627,1,MCI,MID,407,p575204,Claudio Echeverri,50,0,0,0,0,,,
2026-08-10T10:35:06.754939,2627,1,MCI,MID,408,p155405,Kalvin Phillips,50,0,0,0,0,,,
2026-08-10T10:35:06.754939,2627,1,MCI,MID,409,p590039,Divine Mukasa,45,3657,0,0,0,,,
2026-08-10T10:35:06.754939,2627,1,MCI,MID,410,p649208,Jeremy Monga,50,0,0,0,0,,,
2026-08-10T10:35:06.754939,2627,1,MCI,FWD,411,p223094,Erling Haaland,155,2709848,0,0,0,,,
2026-08-10T10:35:06.754939,2627,1,MCI,MID,481,p215379,Elliot Anderson,65,431527,0,0,0,,,
2026-08-10T10:35:06.754939,2627,1,MUN,MID,43,p166989,Youri Tielemans,60,40227,0,0,0,,100,
2026-08-10T10:35:06.754939,2627,1,MUN,MID,162,p532605,Andrey Nascimento dos Santos,50,51198,0,0,0,,,
2026-08-10T10:35:06.754939,2627,1,MUN,GK,325,p59735,Karl Darlow,45,0,0,0,0,Unspecified injury - 75% chance of playing,75,
2026-08-10T10:35:06.754939,2627,1,MUN,GK,412,p465247,Senne Lammens,50,735060,0,0,0,,,
2026-08-10T10:35:06.754939,2627,1,MUN,GK,413,p451302,Altay Bayındır,45,7314,0,0,0,,,
2026-08-10T10:35:06.754939,2627,1,MUN,GK,414,p21205,Tom Heaton,40,10971,0,0,0,,,
2026-08-10T10:35:06.754939,2627,1,MUN,MID,415,p596777,Patrick Dorgu,60,62169,0,0,0,,,
2026-08-10T10:35:06.754939,2627,1,MUN,DEF,416,p209365,Matthijs de Ligt,50,0,0,0,0,Back injury - Unknown return date,0,
2026-08-10T10:35:06.754939,2627,1,MUN,DEF,417,p216051,Diogo Dalot Teixeira,50,113367,0,0,0,,,
2026-08-10T10:35:06.754939,2627,1,MUN,DEF,418,p95658,Harry Maguire,50,329131,0,0,0,,,
2026-08-10T10:35:06.754939,2627,1,MUN,DEF,419,p221820,Lisandro Martínez,50,18285,0,0,0,Thigh injury - 75% chance of playing,75,
2026-08-10T10:35:06.754939,2627,1,MUN,DEF,420,p550864,Leny Yoro,50,25599,0,0,0,,,
2026-08-10T10:35:06.754939,2627,1,MUN,DEF,421,p606745,Ayden Heaven,45,10971,0,0,0,,,
2026-08-10T10:35:06.754939,2627,1,MUN,DEF,422,p230001,Noussair Mazraoui,45,25599,0,0,0,,,
2026-08-10T10:35:06.754939,2627,1,MUN,DEF,423,p106760,Luke Shaw,45,895968,0,0,0,,,
2026-08-10T10:35:06.754939,2627,1,MUN,DEF,424,p577974,Harry Amass,40,7314,0,0,0,,,
2026-08-10T10:35:06.754939,2627,1,MUN,DEF,425,p547676,Tyler Fredricson,40,3657,0,0,0,,,
2026-08-10T10:35:06.754939,2627,1,MUN,MID,426,p141746,Bruno Borges Fernandes,120,1769995,0,0,0,,,
2026-08-10T10:35:06.754939,2627,1,MUN,MID,427,p446008,Bryan Mbeumo,80,797229,0,0,0,,,
2026-08-10T10:35:06.754939,2627,1,MUN,MID,428,p430871,Matheus Santos Carneiro da Cunha,80,479069,0,0,0,,,
2026-08-10T10:35:06.754939,2627,1,MUN,MID,429,p176297,Marcus Rashford,70,51198,0,0,0,,,
2026-08-10T10:35:06.754939,2627,1,MUN,MID,430,p184341,Mason Mount,55,3657,0,0,0,,,
2026-08-10T10:35:06.754939,2627,1,MUN,MID,431,p493250,Amad Diallo,60,58512,0,0,0,,,
2026-08-10T10:35:06.754939,2627,1,MUN,MID,432,p516895,Kobbie Mainoo,55,47541,0,0,0,,,
2026-08-10T10:35:06.754939,2627,1,MUN,MID,433,p232112,Manuel Ugarte Ribeiro,50,0,0,0,0,Knee injury - Unknown return date,0,
2026-08-10T10:35:06.754939,2627,1,MUN,MID,434,p547037,Jack Fletcher,50,0,0,0,0,,,
2026-08-10T10:35:06.754939,2627,1,MUN,MID,435,p576628,Shea Lacey,50,3657,0,0,0,,,
2026-08-10T10:35:06.754939,2627,1,MUN,MID,436,p490881,Toby Collyer,50,0,0,0,0,,,
2026-08-10T10:35:06.754939,2627,1,MUN,MID,437,p576620,Bendito Mantato,45,7314,0,0,0,,,
2026-08-10T10:35:06.754939,2627,1,MUN,MID,438,p519913,Tyler Fletcher,45,10971,0,0,0,,,
2026-08-10T10:35:06.754939,2627,1,MUN,FWD,439,p485711,Benjamin Sesko,70,91425,0,0,0,Shin injury - 75% chance of playing,75,
2026-08-10T10:35:06.754939,2627,1,MUN,FWD,440,p458249,Joshua Zirkzee,55,21942,0,0,0,,,
2026-08-10T10:35:06.754939,2627,1,MUN,FWD,441,p596047,Chido Obi,45,43884,0,0,0,,,
2026-08-10T10:35:06.754939,2627,1,NEW,GK,442,p98747,Nick Pope,50,43884,0,0,0,,,
2026-08-10T10:35:06.754939,2627,1,NEW,GK,443,p81441,Mark Gillespie,45,0,0,0,0,,,
2026-08-10T10:35:06.754939,2627,1,NEW,GK,444,p554578,Ewen Jaouen,45,3657,0,0,0,,,
2026-08-10T10:35:06.754939,2627,1,NEW,DEF,445,p465642,Malick Thiaw,50,73140,0,0,0,,,
2026-08-10T10:35:06.754939,2627,1,NEW,DEF,446,p119471,Fabian Schär,50,7314,0,0,0,,100,
2026-08-10T10:35:06.754939,2627,1,NEW,DEF,447,p220237,Sven Botman,50,14628,0,0,0,,,
2026-08-10T10:35:06.754939,2627,1,NEW,DEF,448,p78916,Dan Burn,50,98739,0,0,0,,,
2026-08-10T10:35:06.754939,2627,1,NEW,DEF,449,p487838,Lewis Hall,50,146280,0,0,0,,,
2026-08-10T10:35:06.754939,2627,1,NEW,DEF,450,p441191,Tino Livramento,50,3657,0,0,0,Calf injury - 75% chance of playing,75,
2026-08-10T10:35:06.754939,2627,1,NEW,DEF,451,p545477,Alex Murphy,40,29256,0,0,0,,,
2026-08-10T10:35:06.754939,2627,1,NEW,MID,452,p208706,Bruno Guimarães Rodriguez Moura,70,369358,0,0,0,,,
2026-08-10T10:35:06.754939,2627,1,NEW,MID,453,p201666,Harvey Barnes,60,43884,0,0,0,,,
2026-08-10T10:35:06.754939,2627,1,NEW,MID,454,p449434,Anthony Elanga,60,25599,0,0,0,,,
2026-08-10T10:35:06.754939,2627,1,NEW,MID,456,p232653,Jacob Ramsey,50,14628,0,0,0,,,
2026-08-10T10:35:06.754939,2627,1,NEW,MID,457,p114243,Jacob Murphy,60,7314,0,0,0,,,
2026-08-10T10:35:06.754939,2627,1,NEW,MID,458,p180974,Joelinton Cássio Apolinário de Lira,55,0,0,0,0,,100,
2026-08-10T10:35:06.754939,2627,1,NEW,MID,459,p547719,Lewis Miley,55,0,0,0,0,Leg injury - Expected back 30 Aug,0,3
2026-08-10T10:35:06.754939,2627,1,NEW,MID,460,p200089,Joe Willock,50,3657,0,0,0,,,
2026-08-10T10:35:06.754939,2627,1,NEW,MID,461,p611665,Bazoumana Touré,60,10971,0,0,0,,,
2026-08-10T10:35:06.754939,2627,1,NEW,MID,462,p636852,Sean Steur,50,3657,0,0,0,,,
2026-08-10T10:35:06.754939,2627,1,NEW,FWD,463,p470313,Nick Woltemade,60,62169,0,0,0,,,
2026-08-10T10:35:06.754939,2627,1,NEW,FWD,464,p216646,Yoane Wissa,60,58512,0,0,0,,,
2026-08-10T10:35:06.754939,2627,1,NEW,FWD,465,p538207,William Osula,60,51198,0,0,0,,,
2026-08-10T10:35:06.754939,2627,1,NEW,FWD,466,p599303,Sean Neave,45,25599,0,0,0,,,
2026-08-10T10:35:06.754939,2627,1,NEW,MID,559,p632794,Aladji Bamba,50,3657,0,0,0,,,
2026-08-10T10:35:06.754939,2627,1,NEW,GK,567,p470551,Lukás Hornícek,50,10971,0,0,0,,,
2026-08-10T10:35:06.754939,2627,1,NFO,GK,467,p85633,Matz Sels,50,54855,0,0,0,,,
2026-08-10T10:35:06.754939,2627,1,NFO,GK,468,p221389,John Victor Maciel Furtado,45,3657,0,0,0,,,
2026-08-10T10:35:06.754939,2627,1,NFO,DEF,469,p215136,Neco Williams,50,449812,0,0,0,,,
2026-08-10T10:35:06.754939,2627,1,NFO,DEF,470,p485047,Felipe Rodrigues da Silva,50,3657,0,0,0,,,
2026-08-10T10:35:06.754939,2627,1,NFO,DEF,471,p227444,Nikola Milenković,55,84111,0,0,0,,,
2026-08-10T10:35:06.754939,2627,1,NFO,DEF,472,p575476,Murillo Costa dos Santos,55,10971,0,0,0,,100,
2026-08-10T10:35:06.754939,2627,1,NFO,DEF,473,p159506,Ola Aina,45,157251,0,0,0,,,
2026-08-10T10:35:06.754939,2627,1,NFO,DEF,474,p575458,Jair Paula da Cunha Filho,45,14628,0,0,0,,,
2026-08-10T10:35:06.754939,2627,1,NFO,DEF,475,p500151,Nicolò Savona,45,0,0,0,0,Knee injury - Unknown return date,0,
2026-08-10T10:35:06.754939,2627,1,NFO,DEF,476,p204822,Omar Richards,40,7314,0,0,0,,,
2026-08-10T10:35:06.754939,2627,1,NFO,DEF,477,p549067,Zach Abbott,40,7314,0,0,0,,,
2026-08-10T10:35:06.754939,2627,1,NFO,DEF,478,p470315,Luca Netz,45,0,0,0,0,,,
2026-08-10T10:35:06.754939,2627,1,NFO,DEF,479,p538638,Tyler Bindon,40,7314,0,0,0,,,
2026-08-10T10:35:06.754939,2627,1,NFO,MID,480,p222531,Morgan Gibbs-White,80,424213,0,0,0,,,
2026-08-10T10:35:06.754939,2627,1,NFO,MID,482,p209046,Callum Hudson-Odoi,60,3657,0,0,0,,100,
2026-08-10T10:35:06.754939,2627,1,NFO,MID,483,p456512,Dan Ndoye,55,18285,0,0,0,,,
2026-08-10T10:35:06.754939,2627,1,NFO,MID,484,p503301,Omari Hutchinson,55,7314,0,0,0,,,
2026-08-10T10:35:06.754939,2627,1,NFO,MID,485,p476887,Dilane Bakwa,55,0,0,0,0,,,
2026-08-10T10:35:06.754939,2627,1,NFO,MID,486,p432714,James McAtee,55,3657,0,0,0,,,
2026-08-10T10:35:06.754939,2627,1,NFO,MID,487,p250199,Nicolás Domínguez,50,3657,0,0,0,,,
2026-08-10T10:35:06.754939,2627,1,NFO,MID,488,p210462,Ibrahim Sangaré,50,21942,0,0,0,,,
2026-08-10T10:35:06.754939,2627,1,NFO,MID,489,p204968,Ryan Yates,45,259648,0,0,0,,,
2026-08-10T10:35:06.754939,2627,1,NFO,FWD,490,p60689,Chris Wood,60,65826,0,0,0,,,
2026-08-10T10:35:06.754939,2627,1,NFO,FWD,491,p482973,Igor Jesus Maciel da Cruz,60,186507,0,0,0,,,
2026-08-10T10:35:06.754939,2627,1,NFO,FWD,492,p210156,Taiwo Awoniyi,55,14628,0,0,0,,,
2026-08-10T10:35:06.754939,2627,1,NFO,FWD,493,p465680,Arnaud Kalimuendo,55,3657,0,0,0,,,
2026-08-10T10:35:06.754939,2627,1,NFO,MID,558,p204561,Xaver Schlager,50,3657,0,0,0,,,
2026-08-10T10:35:06.754939,2627,1,TOT,DEF,112,p469142,Jan Paul van Hecke,50,307189,0,0,0,,,
2026-08-10T10:35:06.754939,2627,1,TOT,MID,455,p432422,Sandro Tonali,55,153594,0,0,0,,,
2026-08-10T10:35:06.754939,2627,1,TOT,GK,494,p184254,Guglielmo Vicario,45,51198,0,0,0,,,
2026-08-10T10:35:06.754939,2627,1,TOT,GK,495,p214572,Brandon Austin,40,21942,0,0,0,,,
2026-08-10T10:35:06.754939,2627,1,TOT,GK,496,p485055,Antonín Kinský,45,705804,0,0,0,,,
2026-08-10T10:35:06.754939,2627,1,TOT,GK,497,p67089,Martin Dubravka,40,844770,0,0,0,,,
2026-08-10T10:35:06.754939,2627,1,TOT,DEF,498,p221466,Marcos Senesi Barón,60,383986,0,0,0,,,
2026-08-10T10:35:06.754939,2627,1,TOT,DEF,499,p441164,Pedro Porro Sauceda,55,852084,0,0,0,,,
2026-08-10T10:35:06.754939,2627,1,TOT,DEF,500,p221632,Cristian Romero,50,40227,0,0,0,,,
2026-08-10T10:35:06.754939,2627,1,TOT,DEF,501,p135720,Kevin Danso,50,7314,0,0,0,,,
2026-08-10T10:35:06.754939,2627,1,TOT,DEF,502,p122798,Andrew Robertson,45,69483,0,0,0,,,
2026-08-10T10:35:06.754939,2627,1,TOT,DEF,503,p491279,Micky van de Ven,50,252334,0,0,0,,,
2026-08-10T10:35:06.754939,2627,1,TOT,DEF,505,p232859,Djed Spence,45,321817,0,0,0,,,
2026-08-10T10:35:06.754939,2627,1,TOT,DEF,506,p487053,Destiny Udogie,45,14628,0,0,0,,,
2026-08-10T10:35:06.754939,2627,1,TOT,DEF,507,p548308,Ashley Phillips,45,3657,0,0,0,,,
2026-08-10T10:35:06.754939,2627,1,TOT,DEF,508,p115556,Ben Davies,40,29256,0,0,0,,,
2026-08-10T10:35:06.754939,2627,1,TOT,DEF,509,p640419,Jun'ai Byfield,40,3657,0,0,0,,,
2026-08-10T10:35:06.754939,2627,1,TOT,DEF,510,p499716,James Rowswell,40,3657,0,0,0,,,
2026-08-10T10:35:06.754939,2627,1,TOT,DEF,511,p616221,João Victor de Souza Menezes,40,10971,0,0,0,,,
2026-08-10T10:35:06.754939,2627,1,TOT,MID,512,p460842,Mohammed Kudus,65,7314,0,0,0,Thigh injury - 75% chance of playing,75,
2026-08-10T10:35:06.754939,2627,1,TOT,MID,513,p493362,Xavi Simons,60,0,0,0,0,Knee injury - Unknown return date,0,
2026-08-10T10:35:06.754939,2627,1,TOT,MID,514,p511499,Mathys Tel,60,14628,0,0,0,,,
2026-08-10T10:35:06.754939,2627,1,TOT,MID,515,p172780,James Maddison,65,69483,0,0,0,,,
2026-08-10T10:35:06.754939,2627,1,TOT,MID,516,p202993,Rodrigo Bentancur,55,3657,0,0,0,,,
2026-08-10T10:35:06.754939,2627,1,TOT,MID,517,p550839,Wilson Odobert,55,0,0,0,0,Knee injury - Unknown return date,0,
2026-08-10T10:35:06.754939,2627,1,TOT,MID,518,p482442,Pape Matar Sarr,50,14628,0,0,0,,,
2026-08-10T10:35:06.754939,2627,1,TOT,MID,519,p232787,Conor Gallagher,55,10971,0,0,0,,,
2026-08-10T10:35:06.754939,2627,1,TOT,MID,520,p570526,Lucas Bergvall,55,7314,0,0,0,,,
2026-08-10T10:35:06.754939,2627,1,TOT,MID,521,p445044,Dejan Kulusevski,65,0,0,0,0,Knee injury - Unknown return date,0,
2026-08-10T10:35:06.754939,2627,1,TOT,MID,522,p547701,Archie Gray,50,7314,0,0,0,,,
2026-08-10T10:35:06.754939,2627,1,TOT,MID,523,p499721,Mikey Moore,50,3657,0,0,0,,,
2026-08-10T10:35:06.754939,2627,1,TOT,MID,524,p499726,Callum Olusesi,45,32913,0,0,0,,,
2026-08-10T10:35:06.754939,2627,1,TOT,MID,525,p551226,Mateus Fernandes,60,117024,0,0,0,,,
2026-08-10T10:35:06.754939,2627,1,TOT,FWD,526,p154566,Dominic Solanke-Mitchell,60,91425,0,0,0,,,
2026-08-10T10:35:06.754939,2627,1,TOT,FWD,527,p212319,Richarlison de Andrade,60,73140,0,0,0,,,
2026-08-10T10:35:06.754939,2627,1,TOT,FWD,528,p490145,Dane Scarlett,45,62169,0,0,0,,,
2026-08-10T10:35:06.754939,2627,1,SUN,GK,529,p498016,Robin Roefs,50,182850,0,0,0,,,
2026-08-10T10:35:06.754939,2627,1,SUN,GK,530,p232571,Anthony Patterson,40,36570,0,0,0,,,
2026-08-10T10:35:06.754939,2627,1,SUN,GK,531,p515046,Melker Ellborg,45,3657,0,0,0,,,
2026-08-10T10:35:06.754939,2627,1,SUN,DEF,532,p223827,Daniel Ballard,50,142623,0,0,0,,,
2026-08-10T10:35:06.754939,2627,1,SUN,DEF,533,p200834,Nordi Mukiele,55,237706,0,0,0,Knock - 75% chance of playing,75,
2026-08-10T10:35:06.754939,2627,1,SUN,DEF,534,p487676,Trai Hume,45,135309,0,0,0,,,
2026-08-10T10:35:06.754939,2627,1,SUN,DEF,535,p201895,Omar Alderete,50,36570,0,0,0,Knock - 75% chance of playing,75,
2026-08-10T10:35:06.754939,2627,1,SUN,DEF,536,p434399,Reinildo Mandava,45,18285,0,0,0,,,
2026-08-10T10:35:06.754939,2627,1,SUN,DEF,537,p519634,Jenson Seelt,45,0,0,0,0,,,
2026-08-10T10:35:06.754939,2627,1,SUN,DEF,538,p477547,Leo Fuhr Hjelde,40,10971,0,0,0,,,
2026-08-10T10:35:06.754939,2627,1,SUN,DEF,539,p167512,Luke O'Nien,40,87768,0,0,0,,,
2026-08-10T10:35:06.754939,2627,1,SUN,DEF,540,p105717,Arthur Masuaku,40,54855,0,0,0,,,
2026-08-10T10:35:06.754939,2627,1,SUN,DEF,541,p93605,Thomas Meunier,45,18285,0,0,0,,,
2026-08-10T10:35:06.754939,2627,1,SUN,MID,542,p484420,Enzo Le Fée,60,471755,0,0,0,,,
2026-08-10T10:35:06.754939,2627,1,SUN,MID,543,p547027,Habib Diarra,55,3657,0,0,0,,,
2026-08-10T10:35:06.754939,2627,1,SUN,MID,544,p84450,Granit Xhaka,55,201135,0,0,0,,,
2026-08-10T10:35:06.754939,2627,1,SUN,MID,545,p577669,Noah Sadiki,50,14628,0,0,0,,,
2026-08-10T10:35:06.754939,2627,1,SUN,MID,546,p535818,Simon Adingra,50,10971,0,0,0,,,
2026-08-10T10:35:06.754939,2627,1,SUN,MID,547,p461199,Romaine Mundle,50,0,0,0,0,,,
2026-08-10T10:35:06.754939,2627,1,SUN,MID,548,p554197,Chris Rigg,50,3657,0,0,0,,,
2026-08-10T10:35:06.754939,2627,1,SUN,MID,549,p549912,Chemsdine Talbi,55,7314,0,0,0,,,
2026-08-10T10:35:06.754939,2627,1,SUN,MID,550,p699989,Djiamgone Jocelin Ta Bi,50,0,0,0,0,,,
2026-08-10T10:35:06.754939,2627,1,SUN,MID,551,p536661,Nilson Angulo,50,3657,0,0,0,,,
2026-08-10T10:35:06.754939,2627,1,SUN,FWD,552,p441264,Brian Brobbey,60,658262,0,0,0,,,
2026-08-10T10:35:06.754939,2627,1,SUN,FWD,553,p437505,Wilson Isidor,55,43884,0,0,0,,,
2026-08-11T10:09:04.885110,2627,1,ARS,GK,1,p154561,David Raya Martín,60,1181083,0,0,0,,,
2026-08-11T10:09:04.885110,2627,1,ARS,GK,2,p109745,Kepa Arrizabalaga Revuelta,50,3809,0,0,0,,,
2026-08-11T10:09:04.885110,2627,1,ARS,GK,3,p437495,Illan Meslier,50,3809,0,0,0,,,
2026-08-11T10:09:04.885110,2627,1,ARS,DEF,4,p226597,Gabriel dos Santos Magalhães,80,1017255,0,0,0,,,
2026-08-11T10:09:04.885110,2627,1,ARS,DEF,5,p445122,Jurriën Timber,65,15239,0,0,0,Groin injury - Unknown return date,0,
2026-08-11T10:09:04.885110,2627,1,ARS,DEF,6,p462424,William Saliba,60,19049,0,0,0,Back injury - Unknown return date,0,
2026-08-11T10:09:04.885110,2627,1,ARS,MID,7,p499169,Myles Lewis-Skelly,55,11429,0,0,0,,,
2026-08-11T10:09:04.885110,2627,1,ARS,DEF,8,p466075,Riccardo Calafiori,55,655310,0,0,0,,,
2026-08-11T10:09:04.885110,2627,1,ARS,DEF,9,p448104,Piero Hincapié,55,152397,0,0,0,,,
2026-08-11T10:09:04.885110,2627,1,ARS,DEF,10,p198869,Benjamin White,55,26669,0,0,0,,100,
2026-08-11T10:09:04.885110,2627,1,ARS,DEF,11,p500040,Cristhian Mosquera,55,567681,0,0,0,,,
2026-08-11T10:09:04.885110,2627,1,ARS,MID,12,p223340,Bukayo Saka,95,407664,0,0,0,,,
2026-08-11T10:09:04.885110,2627,1,ARS,MID,13,p204480,Declan Rice,75,841998,0,0,0,,,
2026-08-11T10:09:04.885110,2627,1,ARS,MID,14,p232413,Eberechi Eze,65,118108,0,0,0,,,
2026-08-11T10:09:04.885110,2627,1,ARS,MID,15,p184029,Martin Ødegaard,65,110488,0,0,0,,,
2026-08-11T10:09:04.885110,2627,1,ARS,MID,16,p248857,Noni Madueke,65,15239,0,0,0,,,
2026-08-11T10:09:04.885110,2627,1,ARS,MID,17,p195384,Mikel Merino Zazón,60,41909,0,0,0,,,
2026-08-11T10:09:04.885110,2627,1,ARS,MID,18,p444145,Gabriel Martinelli Silva,65,11429,0,0,0,,,
2026-08-11T10:09:04.885110,2627,1,ARS,MID,19,p481655,Martín Zubimendi Ibáñez,55,57149,0,0,0,,,
2026-08-11T10:09:04.885110,2627,1,ARS,MID,20,p616077,Max Dowman,55,7619,0,0,0,,,
2026-08-11T10:09:04.885110,2627,1,ARS,MID,22,p499175,Ethan Nwaneri,55,0,0,0,0,,,
2026-08-11T10:09:04.885110,2627,1,ARS,MID,23,p438098,Fábio Ferreira Vieira,55,0,0,0,0,,,
2026-08-11T10:09:04.885110,2627,1,ARS,MID,24,p200641,Reiss Nelson,55,0,0,0,0,,,
2026-08-11T10:09:04.885110,2627,1,ARS,FWD,25,p224117,Viktor Gyökeres,75,499102,0,0,0,,,
2026-08-11T10:09:04.885110,2627,1,ARS,FWD,26,p219847,Kai Havertz,75,137158,0,0,0,,,
2026-08-11T10:09:04.885110,2627,1,ARS,FWD,27,p205651,Gabriel Fernando de Jesus,60,15239,0,0,0,,,
2026-08-11T10:09:04.885110,2627,1,ARS,MID,452,p208706,Bruno Guimarães Rodriguez Moura,70,388614,0,0,0,,,
2026-08-11T10:09:04.885110,2627,1,ARS,MID,557,p439509,Christos Tzolis,65,129538,0,0,0,,,
2026-08-11T10:09:04.885110,2627,1,AVL,GK,28,p98980,Emiliano Martínez Romero,50,186687,0,0,0,,,
2026-08-11T10:09:04.885110,2627,1,AVL,GK,29,p72147,Marco Bizot,45,3809,0,0,0,,,
2026-08-11T10:09:04.885110,2627,1,AVL,DEF,30,p101188,Lucas Digne,45,45719,0,0,0,Has joined Paris Saint-Germain permanently,0,
2026-08-11T10:09:04.885110,2627,1,AVL,DEF,31,p199798,Ezri Konsa Ngoyo,45,624831,0,0,0,,,
2026-08-11T10:09:04.885110,2627,1,AVL,DEF,32,p199796,Matty Cash,45,300985,0,0,0,,,
2026-08-11T10:09:04.885110,2627,1,AVL,DEF,33,p149484,Tyrone Mings,45,7619,0,0,0,,,
2026-08-11T10:09:04.885110,2627,1,AVL,DEF,34,p244954,Pau Torres,45,11429,0,0,0,,,
2026-08-11T10:09:04.885110,2627,1,AVL,MID,35,p515597,Lamare Bogarde,50,3809,0,0,0,,,
2026-08-11T10:09:04.885110,2627,1,AVL,DEF,36,p441302,Ian Maatsen,45,22859,0,0,0,,,
2026-08-11T10:09:04.885110,2627,1,AVL,DEF,37,p184667,Victor Lindelöf,45,7619,0,0,0,,,
2026-08-11T10:09:04.885110,2627,1,AVL,DEF,38,p606798,Andrés García,40,60959,0,0,0,,,
2026-08-11T10:09:04.885110,2627,1,AVL,DEF,39,p578545,Kosta Nedeljkovic,40,22859,0,0,0,,,
2026-08-11T10:09:04.885110,2627,1,AVL,MID,41,p195546,Emiliano Buendía Stati,60,38099,0,0,0,,,
2026-08-11T10:09:04.885110,2627,1,AVL,MID,42,p485337,Evann Guessand,55,0,0,0,0,,,
2026-08-11T10:09:04.885110,2627,1,AVL,MID,44,p215711,Leon Bailey,55,3809,0,0,0,,,
2026-08-11T10:09:04.885110,2627,1,AVL,MID,45,p122806,John McGinn,55,102868,0,0,0,,,
2026-08-11T10:09:04.885110,2627,1,AVL,MID,46,p88894,Ross Barkley,50,7619,0,0,0,,,
2026-08-11T10:09:04.885110,2627,1,AVL,MID,47,p226944,Boubacar Kamara,50,3809,0,0,0,,100,
2026-08-11T10:09:04.885110,2627,1,AVL,MID,48,p449871,Amadou Onana,50,0,0,0,0,Knee injury - Unknown return date,0,
2026-08-11T10:09:04.885110,2627,1,AVL,MID,49,p469247,Samuel Iling-Junior,50,0,0,0,0,,,
2026-08-11T10:09:04.885110,2627,1,AVL,MID,50,p645618,Bradley Burrowes,45,30479,0,0,0,,,
2026-08-11T10:09:04.885110,2627,1,AVL,MID,51,p577285,George Hemmings,45,11429,0,0,0,,,
2026-08-11T10:09:04.885110,2627,1,AVL,MID,52,p653481,Alysson Edward Franco da Rocha dos Santos,50,0,0,0,0,,,
2026-08-11T10:09:04.885110,2627,1,AVL,MID,53,p614071,Johan Manzambi,60,76198,0,0,0,,,
2026-08-11T10:09:04.885110,2627,1,AVL,MID,54,p448089,Joao Gomes,55,11429,0,0,0,,,
2026-08-11T10:09:04.885110,2627,1,AVL,FWD,55,p178301,Ollie Watkins,80,483863,0,0,0,,,
2026-08-11T10:09:04.885110,2627,1,AVL,FWD,56,p173879,Tammy Abraham,55,3809,0,0,0,,100,
2026-08-11T10:09:04.885110,2627,1,AVL,MID,160,p493105,Alejandro Garnacho Ferreyra,60,34289,0,0,0,,,
2026-08-11T10:09:04.885110,2627,1,BOU,GK,57,p457569,Đorđe Petrović,45,140968,0,0,0,,,
2026-08-11T10:09:04.885110,2627,1,BOU,GK,58,p40383,Fraser Forster,40,118108,0,0,0,,,
2026-08-11T10:09:04.885110,2627,1,BOU,GK,59,p444172,Will Dennis,40,7619,0,0,0,,,
2026-08-11T10:09:04.885110,2627,1,BOU,DEF,60,p463981,James Hill,55,45719,0,0,0,,,
2026-08-11T10:09:04.885110,2627,1,BOU,DEF,61,p494521,Adrien Truffert,55,182877,0,0,0,,,
2026-08-11T10:09:04.885110,2627,1,BOU,DEF,62,p242882,Bafodé Diakité,50,7619,0,0,0,,,
2026-08-11T10:09:04.885110,2627,1,BOU,DEF,63,p620487,Veljko Milosavljevic,50,3809,0,0,0,Unspecified injury - Unknown return date,0,
2026-08-11T10:09:04.885110,2627,1,BOU,DEF,64,p54469,Adam Smith,45,3809,0,0,0,,,
2026-08-11T10:09:04.885110,2627,1,BOU,DEF,65,p436893,Julián Araujo Zúñiga,45,3809,0,0,0,Thigh injury - Unknown return date,0,
2026-08-11T10:09:04.885110,2627,1,BOU,DEF,66,p575901,Julio Soler Barreto,40,22859,0,0,0,,,
2026-08-11T10:09:04.885110,2627,1,BOU,MID,67,p499604,Rayan Vitor Simplício Rocha,65,129538,0,0,0,,,
2026-08-11T10:09:04.885110,2627,1,BOU,MID,68,p201658,Marcus Tavernier,60,72388,0,0,0,,,
2026-08-11T10:09:04.885110,2627,1,BOU,MID,69,p503139,Alex Scott,60,60959,0,0,0,,,
2026-08-11T10:09:04.885110,2627,1,BOU,MID,70,p222683,Justin Kluivert,60,41909,0,0,0,,,
2026-08-11T10:09:04.885110,2627,1,BOU,MID,71,p155408,Lewis Cook,50,3809,0,0,0,,,
2026-08-11T10:09:04.885110,2627,1,BOU,MID,72,p496208,Ben Gannon-Doak,50,3809,0,0,0,,,
2026-08-11T10:09:04.885110,2627,1,BOU,MID,73,p200785,Tyler Adams,50,26669,0,0,0,,,
2026-08-11T10:09:04.885110,2627,1,BOU,MID,74,p111317,David Brooks,50,7619,0,0,0,,,
2026-08-11T10:09:04.885110,2627,1,BOU,MID,75,p158499,Ryan Christie,50,0,0,0,0,Suspended until 29 Aug,0,2
2026-08-11T10:09:04.885110,2627,1,BOU,MID,76,p614574,Alex Tóth,50,0,0,0,0,,,
2026-08-11T10:09:04.885110,2627,1,BOU,MID,77,p489888,Amine Adli,50,7619,0,0,0,,,
2026-08-11T10:09:04.885110,2627,1,BOU,MID,78,p560262,Junior Kroupi,75,133348,0,0,0,Foot injury - Unknown return date,0,
2026-08-11T10:09:04.885110,2627,1,BOU,FWD,79,p444102,Francisco Evanilson de Lima Barbosa,60,76198,0,0,0,,,
2026-08-11T10:09:04.885110,2627,1,BOU,FWD,80,p168636,Enes Ünal,55,7619,0,0,0,,,
2026-08-11T10:09:04.885110,2627,1,BOU,FWD,81,p561245,Álvaro Rodríguez,60,11429,0,0,0,,,
2026-08-11T10:09:04.885110,2627,1,BOU,DEF,566,p483067,António João Pereira de Albuquerque Tavares da Silva,50,7619,0,0,0,,,
2026-08-11T10:09:04.885110,2627,1,BOU,DEF,573,p494928,Juanlu Sánchez,45,3809,0,0,0,,,
2026-08-11T10:09:04.885110,2627,1,BRE,GK,82,p200720,Caoimhín Kelleher,50,217166,0,0,0,,,
2026-08-11T10:09:04.885110,2627,1,BRE,GK,83,p507433,Hákon Rafn Valdimarsson,45,3809,0,0,0,,,
2026-08-11T10:09:04.885110,2627,1,BRE,DEF,84,p432830,Nathan Collins,55,76198,0,0,0,,,
2026-08-11T10:09:04.885110,2627,1,BRE,DEF,85,p444765,Sepp van den Berg,50,26669,0,0,0,,,
2026-08-11T10:09:04.885110,2627,1,BRE,MID,86,p249231,Keane Lewis-Potter,55,19049,0,0,0,,,
2026-08-11T10:09:04.885110,2627,1,BRE,DEF,87,p191866,Kristoffer Ajer,45,64769,0,0,0,,,
2026-08-11T10:09:04.885110,2627,1,BRE,DEF,88,p607464,Michael Kayode,45,144777,0,0,0,,,
2026-08-11T10:09:04.885110,2627,1,BRE,DEF,89,p194010,Rico Henry,45,7619,0,0,0,,,
2026-08-11T10:09:04.885110,2627,1,BRE,DEF,90,p472713,Aaron Hickey,45,3809,0,0,0,,,
2026-08-11T10:09:04.885110,2627,1,BRE,DEF,91,p231065,Ethan Pinnock,45,3809,0,0,0,,,
2026-08-11T10:09:04.885110,2627,1,BRE,DEF,92,p570241,Kim Ji-soo,45,0,0,0,0,,,
2026-08-11T10:09:04.885110,2627,1,BRE,DEF,93,p513086,Jannik Schuster,45,3809,0,0,0,,,
2026-08-11T10:09:04.885110,2627,1,BRE,MID,94,p513418,Kevin Schade,60,76198,0,0,0,,,
2026-08-11T10:09:04.885110,2627,1,BRE,MID,95,p533463,Dango Ouattara,65,53339,0,0,0,,,
2026-08-11T10:09:04.885110,2627,1,BRE,MID,96,p440089,Mikkel Damsgaard,55,26669,0,0,0,,,
2026-08-11T10:09:04.885110,2627,1,BRE,MID,97,p207283,Mathias Jensen,55,7619,0,0,0,,,
2026-08-11T10:09:04.885110,2627,1,BRE,MID,98,p204580,Vitaly Janelt,50,3809,0,0,0,,,
2026-08-11T10:09:04.885110,2627,1,BRE,MID,99,p543295,Antoni Milambo,50,0,0,0,0,Knee injury - 75% chance of playing,75,
2026-08-11T10:09:04.885110,2627,1,BRE,MID,100,p244858,Fábio Freitas Gouveia Carvalho,50,0,0,0,0,,100,
2026-08-11T10:09:04.885110,2627,1,BRE,MID,102,p508395,Yehor Yarmoliuk,50,57149,0,0,0,,,
2026-08-11T10:09:04.885110,2627,1,BRE,MID,103,p183656,Josh Dasilva,50,0,0,0,0,,,
2026-08-11T10:09:04.885110,2627,1,BRE,MID,105,p444180,Jaidon Anthony,60,7619,0,0,0,,,
2026-08-11T10:09:04.885110,2627,1,BRE,FWD,106,p502500,Igor Thiago Nascimento Rodrigues,80,609591,0,0,0,,,
2026-08-11T10:09:04.885110,2627,1,BRE,FWD,107,p593174,Kaye Furo,45,30479,0,0,0,,,
2026-08-11T10:09:04.885110,2627,1,BRE,FWD,108,p75115,Callum Wilson,55,15239,0,0,0,,,
2026-08-11T10:09:04.885110,2627,1,BRE,MID,565,p513545,Mamadou Sangaré,55,53339,0,0,0,,,
2026-08-11T10:09:04.885110,2627,1,BHA,GK,109,p489639,Bart Verbruggen,45,666740,0,0,0,,,
2026-08-11T10:09:04.885110,2627,1,BHA,GK,111,p49262,Jason Steele,40,167637,0,0,0,,,
2026-08-11T10:09:04.885110,2627,1,BHA,DEF,113,p231416,Ferdi Kadıoğlu,45,114298,0,0,0,,,
2026-08-11T10:09:04.885110,2627,1,BHA,DEF,114,p204120,Olivier Boscagli,45,7619,0,0,0,,,
2026-08-11T10:09:04.885110,2627,1,BHA,DEF,115,p465730,Maxim De Cuyper,45,49529,0,0,0,,,
2026-08-11T10:09:04.885110,2627,1,BHA,DEF,116,p83299,Lewis Dunk,45,30479,0,0,0,,,
2026-08-11T10:09:04.885110,2627,1,BHA,DEF,117,p550090,Diego Coppola,45,0,0,0,0,,,
2026-08-11T10:09:04.885110,2627,1,BHA,DEF,118,p223434,Igor Julio dos Santos de Paulo,45,3809,0,0,0,,,
2026-08-11T10:09:04.885110,2627,1,BHA,DEF,119,p451490,João Pedro Loureiro da Costa,45,0,0,0,0,,,
2026-08-11T10:09:04.885110,2627,1,BHA,DEF,120,p454490,Michael Svoboda,50,3809,0,0,0,,,
2026-08-11T10:09:04.885110,2627,1,BHA,MID,121,p451340,Mitoma Kaoru,60,3809,0,0,0,Hamstring injury - Unknown return date,0,
2026-08-11T10:09:04.885110,2627,1,BHA,MID,122,p592031,Yankuba Minteh,60,26669,0,0,0,,,
2026-08-11T10:09:04.885110,2627,1,BHA,MID,123,p532529,Jack Hinshelwood,60,11429,0,0,0,,,
2026-08-11T10:09:04.885110,2627,1,BHA,MID,124,p60307,Pascal Groß,55,380994,0,0,0,,,
2026-08-11T10:09:04.885110,2627,1,BHA,FWD,125,p463067,Georginio Rutter,55,38099,0,0,0,,,
2026-08-11T10:09:04.885110,2627,1,BHA,MID,126,p219249,Matt O'Riley,55,3809,0,0,0,,,
2026-08-11T10:09:04.885110,2627,1,BHA,MID,127,p514254,Diego Gómez Amarilla,50,76198,0,0,0,,,
2026-08-11T10:09:04.885110,2627,1,BHA,MID,128,p536916,Facundo Buonanotte,50,3809,0,0,0,Has joined Elche on loan for the rest of the season,0,
2026-08-11T10:09:04.885110,2627,1,BHA,MID,129,p509416,Yasin Ayari,55,30479,0,0,0,,,
2026-08-11T10:09:04.885110,2627,1,BHA,DEF,130,p467779,Mats Wieffer,50,11429,0,0,0,,,
2026-08-11T10:09:04.885110,2627,1,BHA,MID,131,p535301,Carlos Baleba,50,15239,0,0,0,Ankle injury - Expected back 23 Aug,0,1
2026-08-11T10:09:04.885110,2627,1,BHA,MID,132,p597320,Harry Howell,45,11429,0,0,0,,,
2026-08-11T10:09:04.885110,2627,1,BHA,MID,133,p549074,Tom Watson,50,0,0,0,0,Has joined Leicester City on loan for the rest of the season,0,
2026-08-11T10:09:04.885110,2627,1,BHA,MID,134,p556637,Nehemiah Oriola,45,7619,0,0,0,,,
2026-08-11T10:09:04.885110,2627,1,BHA,MID,135,p700308,Zadok Yohanna,50,3809,0,0,0,,,
2026-08-11T10:09:04.885110,2627,1,BHA,FWD,137,p608181,Stefanos Tzimas,55,0,0,0,0,Knee injury - 75% chance of playing,75,
2026-08-11T10:09:04.885110,2627,1,BHA,FWD,138,p647850,Charalampos Kostoulas,55,11429,0,0,0,,,
2026-08-11T10:09:04.885110,2627,1,BHA,FWD,139,p487117,Evan Ferguson,50,0,0,0,0,Ankle injury - Expected back 10 Oct,0,6
2026-08-11T10:09:04.885110,2627,1,BHA,DEF,328,p222694,Pascal Struijk,50,19049,0,0,0,,,
2026-08-11T10:09:04.885110,2627,1,BHA,DEF,504,p610799,Luka Vušković,50,106678,0,0,0,,,
2026-08-11T10:09:04.885110,2627,1,CHE,MID,40,p244850,Morgan Rogers,75,1051545,0,0,0,,,
2026-08-11T10:09:04.885110,2627,1,CHE,MID,101,p56979,Jordan Henderson,50,0,0,0,0,Wrist injury - 75% chance of playing,75,
2026-08-11T10:09:04.885110,2627,1,CHE,FWD,136,p50175,Danny Welbeck,60,99058,0,0,0,,,
2026-08-11T10:09:04.885110,2627,1,CHE,GK,140,p215059,Robert Lynch Sánchez,50,76198,0,0,0,,,
2026-08-11T10:09:04.885110,2627,1,CHE,GK,141,p508479,Filip Jörgensen,50,3809,0,0,0,,,
2026-08-11T10:09:04.885110,2627,1,CHE,DEF,142,p225796,Reece James,55,300985,0,0,0,,,
2026-08-11T10:09:04.885110,2627,1,CHE,DEF,143,p180736,Trevoh Chalobah,55,64769,0,0,0,Has joined Como permanently,0,
2026-08-11T10:09:04.885110,2627,1,CHE,DEF,144,p482609,Malo Gusto,50,41909,0,0,0,,,
2026-08-11T10:09:04.885110,2627,1,CHE,DEF,145,p444463,Wesley Fofana,50,0,0,0,0,Suspended until 6 Sep,0,3
2026-08-11T10:09:04.885110,2627,1,CHE,DEF,146,p242880,Benoît Badiashile Mukinayi,45,0,0,0,0,,,
2026-08-11T10:09:04.885110,2627,1,CHE,DEF,147,p109646,Tosin Adarabioyo,45,7619,0,0,0,,,
2026-08-11T10:09:04.885110,2627,1,CHE,DEF,148,p551210,Jorrel Hato,45,38099,0,0,0,,,
2026-08-11T10:09:04.885110,2627,1,CHE,DEF,149,p460028,Levi Samuels Colwill,50,60959,0,0,0,,,
2026-08-11T10:09:04.885110,2627,1,CHE,DEF,150,p574458,Mamadou Sarr,45,3809,0,0,0,,,
2026-08-11T10:09:04.885110,2627,1,CHE,DEF,151,p577016,Josh Acheampong,45,7619,0,0,0,,,
2026-08-11T10:09:04.885110,2627,1,CHE,DEF,152,p620109,Marco Palestra,55,83818,0,0,0,,,
2026-08-11T10:09:04.885110,2627,1,CHE,DEF,153,p220362,Axel Disasi,45,3809,0,0,0,,,
2026-08-11T10:09:04.885110,2627,1,CHE,MID,154,p244851,Cole Palmer,95,430523,0,0,0,,,
2026-08-11T10:09:04.885110,2627,1,CHE,MID,155,p448047,Enzo Fernández,70,209547,0,0,0,,,
2026-08-11T10:09:04.885110,2627,1,CHE,MID,156,p247632,Pedro Lomba Neto,65,53339,0,0,0,,,
2026-08-11T10:09:04.885110,2627,1,CHE,MID,157,p624773,Estêvão Almeida de Oliveira Gonçalves,65,64769,0,0,0,,,
2026-08-11T10:09:04.885110,2627,1,CHE,MID,158,p463936,Jamie Bynoe-Gittens,60,3809,0,0,0,,,
2026-08-11T10:09:04.885110,2627,1,CHE,MID,159,p486672,Moisés Caicedo Corozo,55,156207,0,0,0,,,
2026-08-11T10:09:04.885110,2627,1,CHE,MID,161,p514356,Roméo Lavia,50,3809,0,0,0,,,
2026-08-11T10:09:04.885110,2627,1,CHE,MID,163,p491007,Dário Luís Essugo,45,7619,0,0,0,,,
2026-08-11T10:09:04.885110,2627,1,CHE,MID,164,p593117,Geovany Quenda,55,3809,0,0,0,,100,
2026-08-11T10:09:04.885110,2627,1,CHE,FWD,165,p475168,João Pedro Junqueira de Jesus,75,2110710,0,0,0,,,
2026-08-11T10:09:04.885110,2627,1,CHE,FWD,166,p517052,Nicolas Jackson,65,15239,0,0,0,,,
2026-08-11T10:09:04.885110,2627,1,CHE,FWD,167,p463034,Liam Delap,55,19049,0,0,0,,,
2026-08-11T10:09:04.885110,2627,1,CHE,FWD,168,p499309,Marc Guiu Paz,50,15239,0,0,0,,,
2026-08-11T10:09:04.885110,2627,1,CHE,FWD,169,p567119,Shumaira Mheuka,45,15239,0,0,0,,,
2026-08-11T10:09:04.885110,2627,1,CHE,FWD,170,p503037,Emmanuel Emegha,50,3809,0,0,0,Hamstring injury - 75% chance of playing,75,
2026-08-11T10:09:04.885110,2627,1,CHE,DEF,200,p437499,Maxence Lacroix,60,438143,0,0,0,,,
2026-08-11T10:09:04.885110,2627,1,CHE,GK,560,p549939,Mike Penders,45,3809,0,0,0,,,
2026-08-11T10:09:04.885110,2627,1,CHE,DEF,561,p622758,Aaron Anselmino,45,0,0,0,0,,,
2026-08-11T10:09:04.885110,2627,1,CHE,MID,568,p543158,Valentín Barco,55,3809,0,0,0,,,
2026-08-11T10:09:04.885110,2627,1,COV,MID,104,p428580,Frank Onyeka,50,7619,0,0,0,,,
2026-08-11T10:09:04.885110,2627,1,COV,GK,110,p472739,Carl Rushworth,45,34289,0,0,0,,,
2026-08-11T10:09:04.885110,2627,1,COV,GK,171,p484389,Oliver Dovin,40,95248,0,0,0,,,
2026-08-11T10:09:04.885110,2627,1,COV,GK,172,p110690,Ben Wilson,45,22859,0,0,0,,,
2026-08-11T10:09:04.885110,2627,1,COV,DEF,173,p461102,Bobby Thomas,40,323845,0,0,0,,,
2026-08-11T10:09:04.885110,2627,1,COV,DEF,174,p436761,Liam Kitching,40,19049,0,0,0,,,
2026-08-11T10:09:04.885110,2627,1,COV,DEF,175,p451284,Milan van Ewijk,40,594351,0,0,0,,,
2026-08-11T10:09:04.885110,2627,1,COV,DEF,176,p173878,Jay Dasilva,40,22859,0,0,0,,,
2026-08-11T10:09:04.885110,2627,1,COV,DEF,177,p465390,Kaine Kesler-Hayden,40,3809,0,0,0,,,
2026-08-11T10:09:04.885110,2627,1,COV,DEF,178,p80178,Jake Bidwell,40,3809,0,0,0,,,
2026-08-11T10:09:04.885110,2627,1,COV,DEF,179,p204813,Joel Latibeaudiere,40,3809,0,0,0,,,
2026-08-11T10:09:04.885110,2627,1,COV,DEF,180,p220583,Luke Woolfenden,40,7619,0,0,0,,,
2026-08-11T10:09:04.885110,2627,1,COV,DEF,181,p577411,Miguel Brau,40,3809,0,0,0,,,
2026-08-11T10:09:04.885110,2627,1,COV,DEF,182,p539142,Aurèle Amenda,40,22859,0,0,0,,,
2026-08-11T10:09:04.885110,2627,1,COV,MID,183,p480457,Jack Rudoni,50,7619,0,0,0,Shoulder injury - 75% chance of playing,75,
2026-08-11T10:09:04.885110,2627,1,COV,MID,184,p168144,Matt Grimes,50,7619,0,0,0,,,
2026-08-11T10:09:04.885110,2627,1,COV,MID,185,p501459,Tatsuhiro Sakamoto,50,7619,0,0,0,,,
2026-08-11T10:09:04.885110,2627,1,COV,MID,186,p241293,Ephron Mason-Clark,55,11429,0,0,0,,,
2026-08-11T10:09:04.885110,2627,1,COV,MID,187,p439668,Josh Eccles,50,0,0,0,0,,,
2026-08-11T10:09:04.885110,2627,1,COV,MID,188,p226965,Victor Torp,55,7619,0,0,0,,,
2026-08-11T10:09:04.885110,2627,1,COV,MID,189,p684268,George Shepherd,45,11429,0,0,0,,,
2026-08-11T10:09:04.885110,2627,1,COV,MID,190,p469272,Loum Tchaouna,55,3809,0,0,0,,,
2026-08-11T10:09:04.885110,2627,1,COV,MID,191,p492498,Raphael Borges Rodrigues,45,7619,0,0,0,,,
2026-08-11T10:09:04.885110,2627,1,COV,MID,192,p629397,Kaine Andrews,45,26669,0,0,0,,,
2026-08-11T10:09:04.885110,2627,1,COV,FWD,193,p176412,Haji Wright,55,68579,0,0,0,,,
2026-08-11T10:09:04.885110,2627,1,COV,FWD,194,p230730,Brandon Thomas-Asante,50,30479,0,0,0,,,
2026-08-11T10:09:04.885110,2627,1,COV,FWD,195,p218997,Ellis Simms,50,22859,0,0,0,,,
2026-08-11T10:09:04.885110,2627,1,COV,FWD,196,p551262,Jahnoah Markelo,50,3809,0,0,0,,,
2026-08-11T10:09:04.885110,2627,1,COV,FWD,197,p549653,Norman Bassette,45,11429,0,0,0,Has joined KVC Westerlo on loan for the rest of the season,0,
2026-08-11T10:09:04.885110,2627,1,COV,MID,575,p661888,Caleb Yirenkyi,50,0,0,0,0,,,
2026-08-11T10:09:04.885110,2627,1,CRY,GK,198,p172649,Dean Henderson,50,118108,0,0,0,,,
2026-08-11T10:09:04.885110,2627,1,CRY,GK,199,p121709,Walter Benítez,45,3809,0,0,0,,,
2026-08-11T10:09:04.885110,2627,1,CRY,DEF,201,p247348,Daniel Muñoz Mejía,55,438143,0,0,0,,,
2026-08-11T10:09:04.885110,2627,1,CRY,DEF,202,p427623,Chris Richards,50,30479,0,0,0,,,
2026-08-11T10:09:04.885110,2627,1,CRY,DEF,203,p651426,Jaydee Canvot,50,22859,0,0,0,,,
2026-08-11T10:09:04.885110,2627,1,CRY,DEF,204,p244723,Tyrick Mitchell,45,259076,0,0,0,,,
2026-08-11T10:09:04.885110,2627,1,CRY,DEF,205,p218364,Borna Sosa,45,0,0,0,0,,,
2026-08-11T10:09:04.885110,2627,1,CRY,DEF,206,p515621,Chadi Riad Dnanou,45,3809,0,0,0,,,
2026-08-11T10:09:04.885110,2627,1,CRY,DEF,207,p242313,Oscar Mingueza,45,3809,0,0,0,,,
2026-08-11T10:09:04.885110,2627,1,CRY,MID,208,p232185,Ismaïla Sarr,65,320035,0,0,0,,,
2026-08-11T10:09:04.885110,2627,1,CRY,MID,209,p242898,Brennan Johnson,60,7619,0,0,0,,,
2026-08-11T10:09:04.885110,2627,1,CRY,MID,210,p496221,Adam Wharton,55,11429,0,0,0,,100,
2026-08-11T10:09:04.885110,2627,1,CRY,MID,211,p488024,Yéremy Pino Santos,55,7619,0,0,0,,,
2026-08-11T10:09:04.885110,2627,1,CRY,MID,212,p108413,Will Hughes,45,422904,0,0,0,,,
2026-08-11T10:09:04.885110,2627,1,CRY,MID,213,p152551,Jefferson Lerma Solís,50,3809,0,0,0,,,
2026-08-11T10:09:04.885110,2627,1,CRY,MID,214,p209400,Daichi Kamada,50,11429,0,0,0,,,
2026-08-11T10:09:04.885110,2627,1,CRY,MID,215,p489706,Justin Devenny,50,0,0,0,0,,,
2026-08-11T10:09:04.885110,2627,1,CRY,MID,216,p606921,Romain Esse,50,3809,0,0,0,,,
2026-08-11T10:09:04.885110,2627,1,CRY,MID,217,p536694,Matheus França de Oliveira,50,0,0,0,0,,,
2026-08-11T10:09:04.885110,2627,1,CRY,MID,218,p438464,Cheick Doucouré,50,3809,0,0,0,,,
2026-08-11T10:09:04.885110,2627,1,CRY,MID,219,p450542,Jesurun Rak-Sakyi,50,0,0,0,0,,,
2026-08-11T10:09:04.885110,2627,1,CRY,DEF,220,p590014,Rio Cardines,45,0,0,0,0,,,
2026-08-11T10:09:04.885110,2627,1,CRY,MID,221,p672492,Joél Drakes-Thomas,45,3809,0,0,0,,,
2026-08-11T10:09:04.885110,2627,1,CRY,FWD,222,p247412,Jørgen Strand Larsen,60,22859,0,0,0,,,
2026-08-11T10:09:04.885110,2627,1,CRY,FWD,223,p231747,Jean-Philippe Mateta,65,251456,0,0,0,,,
2026-08-11T10:09:04.885110,2627,1,CRY,FWD,224,p205533,Eddie Nketiah,55,19049,0,0,0,,,
2026-08-11T10:09:04.885110,2627,1,CRY,FWD,225,p660392,Christantus Uche,50,0,0,0,0,has returned to Getafe CF,0,
2026-08-11T10:09:04.885110,2627,1,CRY,GK,555,p169593,Remi Matthews,40,64769,0,0,0,,,
2026-08-11T10:09:04.885110,2627,1,CRY,DEF,577,p223723,Takehiro Tomiyasu,45,0,0,0,0,,,
2026-08-11T10:09:04.885110,2627,1,EVE,MID,21,p128295,Christian Nørgaard,50,22859,0,0,0,,,
2026-08-11T10:09:04.885110,2627,1,EVE,GK,226,p111234,Jordan Pickford,55,335275,0,0,0,,,
2026-08-11T10:09:04.885110,2627,1,EVE,GK,227,p229600,Mark Travers,50,3809,0,0,0,,,
2026-08-11T10:09:04.885110,2627,1,EVE,GK,228,p138001,Tom King,45,3809,0,0,0,,,
2026-08-11T10:09:04.885110,2627,1,EVE,DEF,229,p17761,James Tarkowski,60,373374,0,0,0,,,
2026-08-11T10:09:04.885110,2627,1,EVE,DEF,230,p480455,Jarrad Branthwaite,55,72388,0,0,0,,,
2026-08-11T10:09:04.885110,2627,1,EVE,DEF,231,p106611,Michael Keane,50,60959,0,0,0,,,
2026-08-11T10:09:04.885110,2627,1,EVE,DEF,232,p512462,Jake O'Brien,50,19049,0,0,0,,,
2026-08-11T10:09:04.885110,2627,1,EVE,DEF,233,p224967,Vitalii Mykolenko,45,49529,0,0,0,,,
2026-08-11T10:09:04.885110,2627,1,EVE,DEF,234,p243571,Nathan Patterson,45,0,0,0,0,,,
2026-08-11T10:09:04.885110,2627,1,EVE,DEF,235,p499300,Adam Aznou,40,7619,0,0,0,,,
2026-08-11T10:09:04.885110,2627,1,EVE,MID,236,p215413,Kiernan Dewsbury-Hall,65,140968,0,0,0,,,
2026-08-11T10:09:04.885110,2627,1,EVE,MID,237,p440993,Iliman Ndiaye,60,582921,0,0,0,,,
2026-08-11T10:09:04.885110,2627,1,EVE,MID,239,p232928,James Garner,60,19049,0,0,0,Groin injury - Expected back 22 Aug,0,1
2026-08-11T10:09:04.885110,2627,1,EVE,MID,240,p490094,Tim Iroegbunam,50,3809,0,0,0,,,
2026-08-11T10:09:04.885110,2627,1,EVE,MID,241,p433154,Dwight McNeil,55,7619,0,0,0,,,
2026-08-11T10:09:04.885110,2627,1,EVE,MID,242,p550615,Tyrique George,55,3809,0,0,0,,,
2026-08-11T10:09:04.885110,2627,1,EVE,MID,243,p502697,Carlos Alcaraz Durán,50,3809,0,0,0,,,
2026-08-11T10:09:04.885110,2627,1,EVE,MID,244,p609873,Harrison Armstrong,50,3809,0,0,0,,,
2026-08-11T10:09:04.885110,2627,1,EVE,MID,245,p496661,Tyler Dibling,55,3809,0,0,0,,,
2026-08-11T10:09:04.885110,2627,1,EVE,MID,246,p513466,Merlin Röhl,50,3809,0,0,0,,,
2026-08-11T10:09:04.885110,2627,1,EVE,MID,247,p244860,Hayden Hackney,55,11429,0,0,0,,,
2026-08-11T10:09:04.885110,2627,1,EVE,FWD,248,p486385,Norberto Bercique Gomes Betuncal,55,118108,0,0,0,,,
2026-08-11T10:09:04.885110,2627,1,EVE,FWD,249,p586309,Thierno Barry,55,34289,0,0,0,,,
2026-08-11T10:09:04.885110,2627,1,FUL,GK,250,p80201,Bernd Leno,45,125728,0,0,0,,,
2026-08-11T10:09:04.885110,2627,1,FUL,GK,251,p86873,Benjamin Lecomte,40,53339,0,0,0,,,
2026-08-11T10:09:04.885110,2627,1,FUL,GK,252,p505079,Alfie McNally,40,7619,0,0,0,,,
2026-08-11T10:09:04.885110,2627,1,FUL,DEF,253,p174874,Joachim Andersen,50,3809,0,0,0,Suspended until 30 Aug,0,2
2026-08-11T10:09:04.885110,2627,1,FUL,DEF,254,p169528,Antonee Robinson,45,95248,0,0,0,,,
2026-08-11T10:09:04.885110,2627,1,FUL,DEF,255,p246301,Jorge Cuenca Barreno,45,0,0,0,0,,,
2026-08-11T10:09:04.885110,2627,1,FUL,DEF,256,p167074,Kenny Tete,45,7619,0,0,0,,,
2026-08-11T10:09:04.885110,2627,1,FUL,DEF,257,p232892,Calvin Bassey,45,22859,0,0,0,,,
2026-08-11T10:09:04.885110,2627,1,FUL,DEF,258,p166477,Timothy Castagne,45,7619,0,0,0,,,
2026-08-11T10:09:04.885110,2627,1,FUL,MID,261,p153133,Alex Iwobi,55,34289,0,0,0,,,
2026-08-11T10:09:04.885110,2627,1,FUL,MID,262,p209289,Emile Smith Rowe,55,15239,0,0,0,,,
2026-08-11T10:09:04.885110,2627,1,FUL,MID,263,p560552,Kevin Santos Lopes de Macedo,55,3809,0,0,0,,,
2026-08-11T10:09:04.885110,2627,1,FUL,MID,264,p477555,Oscar Bobb,55,15239,0,0,0,,,
2026-08-11T10:09:04.885110,2627,1,FUL,MID,265,p207189,Sander Berge,50,15239,0,0,0,,,
2026-08-11T10:09:04.885110,2627,1,FUL,MID,266,p76357,Tom Cairney,50,0,0,0,0,,,
2026-08-11T10:09:04.885110,2627,1,FUL,MID,268,p577725,Josh King,55,3809,0,0,0,,,
2026-08-11T10:09:04.885110,2627,1,FUL,DEF,269,p184349,Ryan Sessegnon,45,15239,0,0,0,,,
2026-08-11T10:09:04.885110,2627,1,FUL,MID,270,p153366,Harrison Reed,45,41909,0,0,0,,,
2026-08-11T10:09:04.885110,2627,1,FUL,FWD,271,p244042,Rodrigo Muniz Carvalho,55,26669,0,0,0,,,
2026-08-11T10:09:04.885110,2627,1,FUL,FWD,272,p631786,Jonah Kusi-Asare,45,293365,0,0,0,,,
2026-08-11T10:09:04.885110,2627,1,FUL,FWD,569,p551466,Gonzalo García,60,60959,0,0,0,,,
2026-08-11T10:09:04.885110,2627,1,FUL,MID,570,p571779,César Palacios,55,3809,0,0,0,,,
2026-08-11T10:09:04.885110,2627,1,HUL,GK,273,p167825,Dillon Phillips,40,76198,0,0,0,,,
2026-08-11T10:09:04.885110,2627,1,HUL,GK,274,p105666,Jack Butland,45,26669,0,0,0,Arm injury - Unknown return date,0,
2026-08-11T10:09:04.885110,2627,1,HUL,GK,275,p494950,Harvey Cartwright,40,3809,0,0,0,Has joined Grimsby Town on loan for the rest of the season,0,
2026-08-11T10:09:04.885110,2627,1,HUL,GK,276,p444307,Thimothée Lo-Tutala,40,7619,0,0,0,,,
2026-08-11T10:09:04.885110,2627,1,HUL,DEF,277,p108416,John Egan,40,53339,0,0,0,,,
2026-08-11T10:09:04.885110,2627,1,HUL,DEF,278,p501902,Charlie Hughes,40,30479,0,0,0,Groin injury - Unknown return date,0,
2026-08-11T10:09:04.885110,2627,1,HUL,DEF,279,p146426,Semi Ajayi,40,26669,0,0,0,,,
2026-08-11T10:09:04.885110,2627,1,HUL,DEF,280,p193278,Lewie Coyle,40,19049,0,0,0,,,
2026-08-11T10:09:04.885110,2627,1,HUL,DEF,281,p433590,Cody Drameh,40,3809,0,0,0,Hamstring injury - Expected back 29 Aug,0,2
2026-08-11T10:09:04.885110,2627,1,HUL,DEF,282,p232351,Ryan Giles,40,26669,0,0,0,,,
2026-08-11T10:09:04.885110,2627,1,HUL,DEF,283,p449428,Matty Jacob,40,0,0,0,0,Hip injury - 75% chance of playing,75,
2026-08-11T10:09:04.885110,2627,1,HUL,DEF,284,p661800,Cathal McCarthy,40,3809,0,0,0,,,
2026-08-11T10:09:04.885110,2627,1,HUL,DEF,285,p160817,Paddy McNair,40,3809,0,0,0,,,
2026-08-11T10:09:04.885110,2627,1,HUL,MID,286,p540324,Mohamed Belloumi,50,19049,0,0,0,,,
2026-08-11T10:09:04.885110,2627,1,HUL,MID,287,p232905,Liam Millar,50,3809,0,0,0,,,
2026-08-11T10:09:04.885110,2627,1,HUL,MID,288,p171270,Kieran Dowell,45,19049,0,0,0,,,
2026-08-11T10:09:04.885110,2627,1,HUL,MID,289,p101282,Matt Crooks,45,26669,0,0,0,,,
2026-08-11T10:09:04.885110,2627,1,HUL,MID,290,p243413,Regan Slater,45,80008,0,0,0,,,
2026-08-11T10:09:04.885110,2627,1,HUL,MID,291,p465525,Eliot Matazo,45,0,0,0,0,Knee injury - Unknown return date,0,
2026-08-11T10:09:04.885110,2627,1,HUL,MID,292,p208481,Abdülkadir Ömür,50,0,0,0,0,,,
2026-08-11T10:09:04.885110,2627,1,HUL,MID,293,p490161,Abu Kamara,50,0,0,0,0,,,
2026-08-11T10:09:04.885110,2627,1,HUL,MID,294,p553783,Óscar Zambrano,45,15239,0,0,0,Thigh injury - Unknown return date,0,
2026-08-11T10:09:04.885110,2627,1,HUL,FWD,295,p169432,Oli McBurnie,55,60959,0,0,0,,,
2026-08-11T10:09:04.885110,2627,1,HUL,MID,296,p213292,David Akintola,50,0,0,0,0,,,
2026-08-11T10:09:04.885110,2627,1,HUL,MID,297,p470294,Darko Gyabi,45,3809,0,0,0,Thigh injury - Unknown return date,0,
2026-08-11T10:09:04.885110,2627,1,HUL,FWD,298,p500957,Enis Destan,45,95248,0,0,0,,,
2026-08-11T10:09:04.885110,2627,1,HUL,FWD,299,p534392,Mason Burstow,45,19049,0,0,0,Has joined Sheffield Wednesday on loan for the rest of the season,0,
2026-08-11T10:09:04.885110,2627,1,HUL,DEF,556,p169359,Matt Targett,40,106678,0,0,0,,,
2026-08-11T10:09:04.885110,2627,1,HUL,MID,563,p445028,Hidemasa Morita,50,3809,0,0,0,,,
2026-08-11T10:09:04.885110,2627,1,HUL,GK,572,p473284,Konstantinos Tzolakis,45,7619,0,0,0,,,
2026-08-11T10:09:04.885110,2627,1,HUL,MID,574,p552946,Jens Hjertø-Dahl,50,0,0,0,0,,,
2026-08-11T10:09:04.885110,2627,1,HUL,MID,576,p608227,Elliot Stroud,50,0,0,0,0,,,
2026-08-11T10:09:04.885110,2627,1,IPS,DEF,259,p219924,Issa Diop,40,716269,0,0,0,,,
2026-08-11T10:09:04.885110,2627,1,IPS,MID,267,p212314,Saša Lukić,50,3809,0,0,0,,,
2026-08-11T10:09:04.885110,2627,1,IPS,GK,300,p108813,Christian Walton,45,22859,0,0,0,,,
2026-08-11T10:09:04.885110,2627,1,IPS,GK,301,p112520,Alex Palmer,40,224786,0,0,0,,,
2026-08-11T10:09:04.885110,2627,1,IPS,GK,302,p50093,David Button,40,19049,0,0,0,,,
2026-08-11T10:09:04.885110,2627,1,IPS,DEF,303,p183015,Cédric Kipré,40,19049,0,0,0,,,
2026-08-11T10:09:04.885110,2627,1,IPS,DEF,304,p216616,Dara O'Shea,40,83818,0,0,0,,,
2026-08-11T10:09:04.885110,2627,1,IPS,DEF,305,p455084,Leif Davis,40,175257,0,0,0,,,
2026-08-11T10:09:04.885110,2627,1,IPS,DEF,306,p449429,Jacob Greaves,40,22859,0,0,0,,,
2026-08-11T10:09:04.885110,2627,1,IPS,DEF,307,p222018,Ben Johnson,40,3809,0,0,0,,,
2026-08-11T10:09:04.885110,2627,1,IPS,DEF,308,p176420,Darnell Furlong,40,19049,0,0,0,,,
2026-08-11T10:09:04.885110,2627,1,IPS,MID,309,p501390,Marcelino Núñez,50,7619,0,0,0,,,
2026-08-11T10:09:04.885110,2627,1,IPS,MID,310,p241117,Azor Matusiwa,50,0,0,0,0,Muscular injury - Unknown return date,0,
2026-08-11T10:09:04.885110,2627,1,IPS,MID,311,p149929,Wes Burns,50,0,0,0,0,Has joined Leicester City permanently,0,
2026-08-11T10:09:04.885110,2627,1,IPS,MID,312,p231899,Jack Taylor,45,7619,0,0,0,Knee injury - Unknown return date,0,
2026-08-11T10:09:04.885110,2627,1,IPS,MID,313,p443261,Jack Clarke,55,11429,0,0,0,,,
2026-08-11T10:09:04.885110,2627,1,IPS,MID,314,p229164,Chiedozie Ogbene,50,0,0,0,0,,,
2026-08-11T10:09:04.885110,2627,1,IPS,MID,315,p531442,Abdul Fatawu,55,11429,0,0,0,,,
2026-08-11T10:09:04.885110,2627,1,IPS,FWD,316,p543968,Emersonn Correia da Silva,55,11429,0,0,0,,,
2026-08-11T10:09:04.885110,2627,1,IPS,FWD,317,p222625,George Hirst,50,15239,0,0,0,,,
2026-08-11T10:09:04.885110,2627,1,IPS,MID,318,p481624,Jaden Philogene,55,7619,0,0,0,,,
2026-08-11T10:09:04.885110,2627,1,IPS,MID,319,p172453,Sam Szmodics,50,3809,0,0,0,,,
2026-08-11T10:09:04.885110,2627,1,IPS,FWD,320,p147675,Chuba Akpom,50,19049,0,0,0,,,
2026-08-11T10:09:04.885110,2627,1,IPS,FWD,321,p557012,Sindre Walle Egeli,45,80008,0,0,0,,,
2026-08-11T10:09:04.885110,2627,1,IPS,FWD,322,p462387,Ali Al-Hamadi,50,7619,0,0,0,,,
2026-08-11T10:09:04.885110,2627,1,IPS,MID,323,p461587,Kasey McAteer,45,57149,0,0,0,,,
2026-08-11T10:09:04.885110,2627,1,IPS,MID,324,p232457,Anis Mehmeti,50,3809,0,0,0,,,
2026-08-11T10:09:04.885110,2627,1,IPS,GK,554,p546600,Kayne van Oevelen,45,3809,0,0,0,,,
2026-08-11T10:09:04.885110,2627,1,IPS,MID,562,p442967,Daizen Maeda,55,15239,0,0,0,,,
2026-08-11T10:09:04.885110,2627,1,IPS,GK,564,p240514,Kjell Scherpen,45,15239,0,0,0,,,
2026-08-11T10:09:04.885110,2627,1,IPS,MID,571,p216055,Florentino Ibrain Morris Luís,50,0,0,0,0,,,
2026-08-11T10:09:04.885110,2627,1,LEE,MID,260,p153682,Harry Wilson,65,308605,0,0,0,,,
2026-08-11T10:09:04.885110,2627,1,LEE,GK,326,p201595,Lucas Estella Perri,45,26669,0,0,0,,,
2026-08-11T10:09:04.885110,2627,1,LEE,DEF,327,p434752,Jaka Bijol,50,11429,0,0,0,,,
2026-08-11T10:09:04.885110,2627,1,LEE,DEF,329,p214225,Joe Rodon,45,72388,0,0,0,,,
2026-08-11T10:09:04.885110,2627,1,LEE,DEF,330,p226182,Jayden Bogle,45,19049,0,0,0,,,
2026-08-11T10:09:04.885110,2627,1,LEE,DEF,331,p243526,Gabriel Gudmundsson,45,11429,0,0,0,Hamstring injury - Expected back 30 Aug,0,2
2026-08-11T10:09:04.885110,2627,1,LEE,DEF,332,p220627,James Justin,45,19049,0,0,0,,,
2026-08-11T10:09:04.885110,2627,1,LEE,DEF,333,p437738,Sebastiaan Bornauw,45,0,0,0,0,,,
2026-08-11T10:09:04.885110,2627,1,LEE,DEF,334,p522047,Tarik Muharemović,50,60959,0,0,0,,,
2026-08-11T10:09:04.885110,2627,1,LEE,MID,335,p466525,Anton Stach,60,45719,0,0,0,,,
2026-08-11T10:09:04.885110,2627,1,LEE,MID,336,p435997,Noah Okafor,60,26669,0,0,0,,,
2026-08-11T10:09:04.885110,2627,1,LEE,MID,337,p427637,Brenden Aaronson,55,30479,0,0,0,,,
2026-08-11T10:09:04.885110,2627,1,LEE,MID,338,p199598,Ethan Ampadu,55,60959,0,0,0,,,
2026-08-11T10:09:04.885110,2627,1,LEE,MID,339,p180135,Sean Longstaff,50,7619,0,0,0,,,
2026-08-11T10:09:04.885110,2627,1,LEE,MID,340,p462635,Joe Gelhardt,50,0,0,0,0,,,
2026-08-11T10:09:04.885110,2627,1,LEE,MID,341,p492859,Wilfried Gnonto,50,3809,0,0,0,,,
2026-08-11T10:09:04.885110,2627,1,LEE,MID,342,p221399,Jack Harrison,50,0,0,0,0,Has joined New England Revolution permanently,0,
2026-08-11T10:09:04.885110,2627,1,LEE,MID,343,p200617,Daniel James,50,3809,0,0,0,,,
2026-08-11T10:09:04.885110,2627,1,LEE,MID,344,p486520,Ilia Gruev,50,0,0,0,0,,,
2026-08-11T10:09:04.885110,2627,1,LEE,MID,345,p248056,Tanaka Ao,50,11429,0,0,0,,,
2026-08-11T10:09:04.885110,2627,1,LEE,FWD,346,p177815,Dominic Calvert-Lewin,60,941056,0,0,0,,,
2026-08-11T10:09:04.885110,2627,1,LEE,FWD,347,p174594,Lukas Nmecha,55,22859,0,0,0,,,
2026-08-11T10:09:04.885110,2627,1,LEE,FWD,348,p235826,Joël Piroe,50,19049,0,0,0,,,
2026-08-11T10:09:04.885110,2627,1,LEE,FWD,349,p565297,Mateo Joseph Fernández-Regatillo,45,7619,0,0,0,Knee injury - Unknown return date,0,
2026-08-11T10:09:04.885110,2627,1,LEE,GK,385,p432720,James Trafford,50,83818,0,0,0,,,
2026-08-11T10:09:04.885110,2627,1,LIV,GK,350,p116535,Alisson Becker,55,152397,0,0,0,,,
2026-08-11T10:09:04.885110,2627,1,LIV,GK,351,p449027,Giorgi Mamardashvili,50,7619,0,0,0,,,
2026-08-11T10:09:04.885110,2627,1,LIV,GK,352,p155503,Freddie Woodman,40,45719,0,0,0,,,
2026-08-11T10:09:04.885110,2627,1,LIV,GK,353,p586268,Armin Pecsi,40,3809,0,0,0,,,
2026-08-11T10:09:04.885110,2627,1,LIV,GK,354,p432987,Vitezslav Jaros,40,0,0,0,0,Knee injury - Unknown return date,0,
2026-08-11T10:09:04.885110,2627,1,LIV,GK,355,p464353,Harvey Davies,40,3809,0,0,0,,,
2026-08-11T10:09:04.885110,2627,1,LIV,DEF,356,p97032,Virgil van Dijk,65,632451,0,0,0,,,
2026-08-11T10:09:04.885110,2627,1,LIV,DEF,357,p216094,Jeremie Frimpong,55,114298,0,0,0,,,
2026-08-11T10:09:04.885110,2627,1,LIV,DEF,358,p544877,Milos Kerkez,55,198117,0,0,0,,,
2026-08-11T10:09:04.885110,2627,1,LIV,DEF,359,p171287,Joe Gomez,50,3809,0,0,0,Muscular injury - Unknown return date,0,
2026-08-11T10:09:04.885110,2627,1,LIV,DEF,360,p492777,Conor Bradley,50,0,0,0,0,Knee injury - Unknown return date,0,
2026-08-11T10:09:04.885110,2627,1,LIV,DEF,361,p519440,Wellity Lucky,40,3809,0,0,0,,,
2026-08-11T10:09:04.885110,2627,1,LIV,DEF,362,p606702,Jeremy Jacquet,50,53339,0,0,0,,100,
2026-08-11T10:09:04.885110,2627,1,LIV,DEF,363,p647681,Giovanni Leoni,40,3809,0,0,0,Knee injury - Unknown return date,0,
2026-08-11T10:09:04.885110,2627,1,LIV,DEF,364,p214285,Kostas Tsimikas,50,3809,0,0,0,,,
2026-08-11T10:09:04.885110,2627,1,LIV,DEF,365,p489580,Calvin Ramsay,40,7619,0,0,0,,,
2026-08-11T10:09:04.885110,2627,1,LIV,MID,366,p494595,Florian Wirtz,75,533392,0,0,0,,,
2026-08-11T10:09:04.885110,2627,1,LIV,MID,367,p243298,Cody Gakpo,70,129538,0,0,0,,,
2026-08-11T10:09:04.885110,2627,1,LIV,MID,368,p424876,Dominik Szoboszlai,70,1699235,0,0,0,,,
2026-08-11T10:09:04.885110,2627,1,LIV,MID,369,p611922,Rio Ngumoha,60,57149,0,0,0,,,
2026-08-11T10:09:04.885110,2627,1,LIV,MID,370,p223541,Federico Chiesa,55,7619,0,0,0,,,
2026-08-11T10:09:04.885110,2627,1,LIV,MID,371,p441266,Ryan Gravenberch,60,76198,0,0,0,,,
2026-08-11T10:09:04.885110,2627,1,LIV,MID,372,p243016,Alexis Mac Allister,55,72388,0,0,0,,,
2026-08-11T10:09:04.885110,2627,1,LIV,MID,373,p206915,Curtis Jones,55,7619,0,0,0,,,
2026-08-11T10:09:04.885110,2627,1,LIV,MID,374,p158983,Endo Wataru,50,0,0,0,0,,100,
2026-08-11T10:09:04.885110,2627,1,LIV,MID,375,p591386,Trey Nyoni,50,3809,0,0,0,,,
2026-08-11T10:09:04.885110,2627,1,LIV,MID,376,p535928,Stefan Bajčetić Maquieira,50,0,0,0,0,Hamstring injury - Expected back 23 Aug,0,1
2026-08-11T10:09:04.885110,2627,1,LIV,MID,377,p551499,Victor Munoz,65,30479,0,0,0,,,
2026-08-11T10:09:04.885110,2627,1,LIV,MID,378,p491501,James McConnell,45,7619,0,0,0,,,
2026-08-11T10:09:04.885110,2627,1,LIV,FWD,379,p219168,Alexander Isak,90,487673,0,0,0,,,
2026-08-11T10:09:04.885110,2627,1,LIV,FWD,380,p510663,Hugo Ekitiké,75,7619,0,0,0,Achilles injury - Unknown return date,0,
2026-08-11T10:09:04.885110,2627,1,LIV,MID,381,p514514,Lewis Koumas,50,0,0,0,0,,,
2026-08-11T10:09:04.885110,2627,1,LIV,FWD,382,p500058,Jayden Danns,45,0,0,0,0,Unspecified injury - Unknown return date,0,
2026-08-11T10:09:04.885110,2627,1,LIV,MID,383,p444884,Harvey Elliott,55,3809,0,0,0,,,
2026-08-11T10:09:04.885110,2627,1,MCI,MID,238,p114283,Jack Grealish,65,3809,0,0,0,Foot injury - 75% chance of playing,75,
2026-08-11T10:09:04.885110,2627,1,MCI,GK,384,p204936,Gianluigi Donnarumma,55,419094,0,0,0,,,
2026-08-11T10:09:04.885110,2627,1,MCI,GK,386,p122074,Marcus Bettinelli,45,0,0,0,0,,,
2026-08-11T10:09:04.885110,2627,1,MCI,DEF,387,p472769,Nico O'Reilly,65,849617,0,0,0,,,
2026-08-11T10:09:04.885110,2627,1,MCI,DEF,388,p209036,Marc Guéhi,60,883907,0,0,0,,,
2026-08-11T10:09:04.885110,2627,1,MCI,DEF,389,p465351,Matheus Nunes,60,179067,0,0,0,,,
2026-08-11T10:09:04.885110,2627,1,MCI,DEF,390,p171314,Rúben dos Santos Gato Alves Dias,55,57149,0,0,0,,,
2026-08-11T10:09:04.885110,2627,1,MCI,DEF,391,p477424,Joško Gvardiol,55,506722,0,0,0,,,
2026-08-11T10:09:04.885110,2627,1,MCI,DEF,392,p448514,Rayan Aït-Nouri,55,45719,0,0,0,,,
2026-08-11T10:09:04.885110,2627,1,MCI,DEF,393,p578153,Abdukodir Khusanov,55,76198,0,0,0,,,
2026-08-11T10:09:04.885110,2627,1,MCI,DEF,394,p494307,Max Alleyne,50,0,0,0,0,,,
2026-08-11T10:09:04.885110,2627,1,MCI,DEF,395,p477064,Rico Lewis,45,7619,0,0,0,,,
2026-08-11T10:09:04.885110,2627,1,MCI,DEF,396,p616222,Vitor de Oliveira Nunes dos Reis,45,0,0,0,0,,,
2026-08-11T10:09:04.885110,2627,1,MCI,MID,397,p437730,Antoine Semenyo,85,979156,0,0,0,,,
2026-08-11T10:09:04.885110,2627,1,MCI,MID,398,p209244,Phil Foden,70,255266,0,0,0,,,
2026-08-11T10:09:04.885110,2627,1,MCI,MID,399,p466052,Rayan Cherki,75,342895,0,0,0,,,
2026-08-11T10:09:04.885110,2627,1,MCI,MID,400,p248875,Jérémy Doku,75,243836,0,0,0,,,
2026-08-11T10:09:04.885110,2627,1,MCI,FWD,401,p438234,Omar Marmoush,70,30479,0,0,0,,,
2026-08-11T10:09:04.885110,2627,1,MCI,MID,402,p220566,Rodrigo 'Rodri' Hernandez Cascante,65,3809,0,0,0,Back injury - Unknown return date,0,
2026-08-11T10:09:04.885110,2627,1,MCI,MID,403,p510281,Sávio Moreira de Oliveira,65,3809,0,0,0,,,
2026-08-11T10:09:04.885110,2627,1,MCI,MID,404,p433036,Tijjani Reijnders,60,15239,0,0,0,,,
2026-08-11T10:09:04.885110,2627,1,MCI,MID,405,p465694,Nico González Iglesias,55,3809,0,0,0,,,
2026-08-11T10:09:04.885110,2627,1,MCI,MID,406,p91651,Mateo Kovačić,55,0,0,0,0,,,
2026-08-11T10:09:04.885110,2627,1,MCI,MID,407,p575204,Claudio Echeverri,50,0,0,0,0,,,
2026-08-11T10:09:04.885110,2627,1,MCI,MID,408,p155405,Kalvin Phillips,50,0,0,0,0,,,
2026-08-11T10:09:04.885110,2627,1,MCI,MID,409,p590039,Divine Mukasa,45,3809,0,0,0,,,
2026-08-11T10:09:04.885110,2627,1,MCI,MID,410,p649208,Jeremy Monga,50,0,0,0,0,,,
2026-08-11T10:09:04.885110,2627,1,MCI,FWD,411,p223094,Erling Haaland,155,2815550,0,0,0,,,
2026-08-11T10:09:04.885110,2627,1,MCI,MID,481,p215379,Elliot Anderson,65,445763,0,0,0,,,
2026-08-11T10:09:04.885110,2627,1,MUN,MID,43,p166989,Youri Tielemans,60,49529,0,0,0,,100,
2026-08-11T10:09:04.885110,2627,1,MUN,MID,162,p532605,Andrey Nascimento dos Santos,50,53339,0,0,0,,,
2026-08-11T10:09:04.885110,2627,1,MUN,GK,325,p59735,Karl Darlow,45,0,0,0,0,Unspecified injury - 75% chance of playing,75,
2026-08-11T10:09:04.885110,2627,1,MUN,GK,412,p465247,Senne Lammens,50,761989,0,0,0,,,
2026-08-11T10:09:04.885110,2627,1,MUN,GK,413,p451302,Altay Bayındır,45,3809,0,0,0,Has joined Celta Vigo on loan for the rest of the season,0,
2026-08-11T10:09:04.885110,2627,1,MUN,GK,414,p21205,Tom Heaton,40,11429,0,0,0,,,
2026-08-11T10:09:04.885110,2627,1,MUN,MID,415,p596777,Patrick Dorgu,60,60959,0,0,0,,,
2026-08-11T10:09:04.885110,2627,1,MUN,DEF,416,p209365,Matthijs de Ligt,50,0,0,0,0,Back injury - Unknown return date,0,
2026-08-11T10:09:04.885110,2627,1,MUN,DEF,417,p216051,Diogo Dalot Teixeira,50,118108,0,0,0,,,
2026-08-11T10:09:04.885110,2627,1,MUN,DEF,418,p95658,Harry Maguire,50,354324,0,0,0,,,
2026-08-11T10:09:04.885110,2627,1,MUN,DEF,419,p221820,Lisandro Martínez,50,19049,0,0,0,Thigh injury - 75% chance of playing,75,
2026-08-11T10:09:04.885110,2627,1,MUN,DEF,420,p550864,Leny Yoro,50,30479,0,0,0,,,
2026-08-11T10:09:04.885110,2627,1,MUN,DEF,421,p606745,Ayden Heaven,45,11429,0,0,0,,,
2026-08-11T10:09:04.885110,2627,1,MUN,DEF,422,p230001,Noussair Mazraoui,45,26669,0,0,0,,,
2026-08-11T10:09:04.885110,2627,1,MUN,DEF,423,p106760,Luke Shaw,45,929626,0,0,0,,,
2026-08-11T10:09:04.885110,2627,1,MUN,DEF,424,p577974,Harry Amass,40,7619,0,0,0,,,
2026-08-11T10:09:04.885110,2627,1,MUN,DEF,425,p547676,Tyler Fredricson,40,3809,0,0,0,,,
2026-08-11T10:09:04.885110,2627,1,MUN,MID,426,p141746,Bruno Borges Fernandes,120,1840203,0,0,0,,,
2026-08-11T10:09:04.885110,2627,1,MUN,MID,427,p446008,Bryan Mbeumo,80,868667,0,0,0,,,
2026-08-11T10:09:04.885110,2627,1,MUN,MID,428,p430871,Matheus Santos Carneiro da Cunha,80,491483,0,0,0,,,
2026-08-11T10:09:04.885110,2627,1,MUN,MID,429,p176297,Marcus Rashford,70,53339,0,0,0,,,
2026-08-11T10:09:04.885110,2627,1,MUN,MID,430,p184341,Mason Mount,55,3809,0,0,0,,,
2026-08-11T10:09:04.885110,2627,1,MUN,MID,431,p493250,Amad Diallo,60,64769,0,0,0,,,
2026-08-11T10:09:04.885110,2627,1,MUN,MID,432,p516895,Kobbie Mainoo,55,49529,0,0,0,,,
2026-08-11T10:09:04.885110,2627,1,MUN,MID,433,p232112,Manuel Ugarte Ribeiro,50,0,0,0,0,Knee injury - Unknown return date,0,
2026-08-11T10:09:04.885110,2627,1,MUN,MID,434,p547037,Jack Fletcher,50,0,0,0,0,,,
2026-08-11T10:09:04.885110,2627,1,MUN,MID,435,p576628,Shea Lacey,50,3809,0,0,0,,,
2026-08-11T10:09:04.885110,2627,1,MUN,MID,436,p490881,Toby Collyer,50,0,0,0,0,,,
2026-08-11T10:09:04.885110,2627,1,MUN,MID,437,p576620,Bendito Mantato,45,7619,0,0,0,,,
2026-08-11T10:09:04.885110,2627,1,MUN,MID,438,p519913,Tyler Fletcher,45,11429,0,0,0,,,
2026-08-11T10:09:04.885110,2627,1,MUN,FWD,439,p485711,Benjamin Sesko,70,91438,0,0,0,Shin injury - 75% chance of playing,75,
2026-08-11T10:09:04.885110,2627,1,MUN,FWD,440,p458249,Joshua Zirkzee,55,22859,0,0,0,,,
2026-08-11T10:09:04.885110,2627,1,MUN,FWD,441,p596047,Chido Obi,45,45719,0,0,0,,,
2026-08-11T10:09:04.885110,2627,1,NEW,GK,442,p98747,Nick Pope,50,45719,0,0,0,,,
2026-08-11T10:09:04.885110,2627,1,NEW,GK,443,p81441,Mark Gillespie,45,0,0,0,0,,,
2026-08-11T10:09:04.885110,2627,1,NEW,GK,444,p554578,Ewen Jaouen,45,3809,0,0,0,,,
2026-08-11T10:09:04.885110,2627,1,NEW,DEF,445,p465642,Malick Thiaw,50,76198,0,0,0,,,
2026-08-11T10:09:04.885110,2627,1,NEW,DEF,446,p119471,Fabian Schär,50,7619,0,0,0,,100,
2026-08-11T10:09:04.885110,2627,1,NEW,DEF,447,p220237,Sven Botman,50,15239,0,0,0,,,
2026-08-11T10:09:04.885110,2627,1,NEW,DEF,448,p78916,Dan Burn,50,102868,0,0,0,,,
2026-08-11T10:09:04.885110,2627,1,NEW,DEF,449,p487838,Lewis Hall,50,152397,0,0,0,,,
2026-08-11T10:09:04.885110,2627,1,NEW,DEF,450,p441191,Tino Livramento,50,3809,0,0,0,Calf injury - 75% chance of playing,75,
2026-08-11T10:09:04.885110,2627,1,NEW,DEF,451,p545477,Alex Murphy,40,30479,0,0,0,,,
2026-08-11T10:09:04.885110,2627,1,NEW,MID,453,p201666,Harvey Barnes,60,45719,0,0,0,,,
2026-08-11T10:09:04.885110,2627,1,NEW,MID,454,p449434,Anthony Elanga,60,26669,0,0,0,,,
2026-08-11T10:09:04.885110,2627,1,NEW,MID,456,p232653,Jacob Ramsey,50,15239,0,0,0,,,
2026-08-11T10:09:04.885110,2627,1,NEW,MID,457,p114243,Jacob Murphy,60,7619,0,0,0,,,
2026-08-11T10:09:04.885110,2627,1,NEW,MID,458,p180974,Joelinton Cássio Apolinário de Lira,55,3809,0,0,0,,100,
2026-08-11T10:09:04.885110,2627,1,NEW,MID,459,p547719,Lewis Miley,55,0,0,0,0,Leg injury - Expected back 30 Aug,0,3
2026-08-11T10:09:04.885110,2627,1,NEW,MID,460,p200089,Joe Willock,50,3809,0,0,0,,,
2026-08-11T10:09:04.885110,2627,1,NEW,MID,461,p611665,Bazoumana Touré,60,11429,0,0,0,,,
2026-08-11T10:09:04.885110,2627,1,NEW,MID,462,p636852,Sean Steur,50,3809,0,0,0,,,
2026-08-11T10:09:04.885110,2627,1,NEW,FWD,463,p470313,Nick Woltemade,60,64769,0,0,0,,,
2026-08-11T10:09:04.885110,2627,1,NEW,FWD,464,p216646,Yoane Wissa,60,60959,0,0,0,,,
2026-08-11T10:09:04.885110,2627,1,NEW,FWD,465,p538207,William Osula,60,53339,0,0,0,,,
2026-08-11T10:09:04.885110,2627,1,NEW,FWD,466,p599303,Sean Neave,45,26669,0,0,0,,,
2026-08-11T10:09:04.885110,2627,1,NEW,MID,559,p632794,Aladji Bamba,50,3809,0,0,0,,,
2026-08-11T10:09:04.885110,2627,1,NEW,GK,567,p470551,Lukás Hornícek,50,15239,0,0,0,,,
2026-08-11T10:09:04.885110,2627,1,NFO,GK,467,p85633,Matz Sels,50,57149,0,0,0,,,
2026-08-11T10:09:04.885110,2627,1,NFO,GK,468,p221389,John Victor Maciel Furtado,45,3809,0,0,0,,,
2026-08-11T10:09:04.885110,2627,1,NFO,DEF,469,p215136,Neco Williams,50,464813,0,0,0,,,
2026-08-11T10:09:04.885110,2627,1,NFO,DEF,470,p485047,Felipe Rodrigues da Silva,50,3809,0,0,0,,,
2026-08-11T10:09:04.885110,2627,1,NFO,DEF,471,p227444,Nikola Milenković,55,87628,0,0,0,,,
2026-08-11T10:09:04.885110,2627,1,NFO,DEF,472,p575476,Murillo Costa dos Santos,55,15239,0,0,0,,100,
2026-08-11T10:09:04.885110,2627,1,NFO,DEF,473,p159506,Ola Aina,45,163827,0,0,0,,,
2026-08-11T10:09:04.885110,2627,1,NFO,DEF,474,p575458,Jair Paula da Cunha Filho,45,15239,0,0,0,,,
2026-08-11T10:09:04.885110,2627,1,NFO,DEF,475,p500151,Nicolò Savona,45,0,0,0,0,Knee injury - Unknown return date,0,
2026-08-11T10:09:04.885110,2627,1,NFO,DEF,476,p204822,Omar Richards,40,7619,0,0,0,,,
2026-08-11T10:09:04.885110,2627,1,NFO,DEF,477,p549067,Zach Abbott,40,7619,0,0,0,,,
2026-08-11T10:09:04.885110,2627,1,NFO,DEF,478,p470315,Luca Netz,45,0,0,0,0,,,
2026-08-11T10:09:04.885110,2627,1,NFO,DEF,479,p538638,Tyler Bindon,40,7619,0,0,0,,,
2026-08-11T10:09:04.885110,2627,1,NFO,MID,480,p222531,Morgan Gibbs-White,80,441953,0,0,0,,,
2026-08-11T10:09:04.885110,2627,1,NFO,MID,482,p209046,Callum Hudson-Odoi,60,3809,0,0,0,,100,
2026-08-11T10:09:04.885110,2627,1,NFO,MID,483,p456512,Dan Ndoye,55,19049,0,0,0,,,
2026-08-11T10:09:04.885110,2627,1,NFO,MID,484,p503301,Omari Hutchinson,55,7619,0,0,0,,,
2026-08-11T10:09:04.885110,2627,1,NFO,MID,485,p476887,Dilane Bakwa,55,0,0,0,0,,,
2026-08-11T10:09:04.885110,2627,1,NFO,MID,486,p432714,James McAtee,55,0,0,0,0,,,
2026-08-11T10:09:04.885110,2627,1,NFO,MID,487,p250199,Nicolás Domínguez,50,3809,0,0,0,,,
2026-08-11T10:09:04.885110,2627,1,NFO,MID,488,p210462,Ibrahim Sangaré,50,22859,0,0,0,,,
2026-08-11T10:09:04.885110,2627,1,NFO,MID,489,p204968,Ryan Yates,45,266696,0,0,0,,,
2026-08-11T10:09:04.885110,2627,1,NFO,FWD,490,p60689,Chris Wood,60,68579,0,0,0,,,
2026-08-11T10:09:04.885110,2627,1,NFO,FWD,491,p482973,Igor Jesus Maciel da Cruz,60,194307,0,0,0,,,
2026-08-11T10:09:04.885110,2627,1,NFO,FWD,492,p210156,Taiwo Awoniyi,55,15239,0,0,0,,,
2026-08-11T10:09:04.885110,2627,1,NFO,FWD,493,p465680,Arnaud Kalimuendo,55,3809,0,0,0,,,
2026-08-11T10:09:04.885110,2627,1,NFO,MID,558,p204561,Xaver Schlager,50,3809,0,0,0,,,
2026-08-11T10:09:04.885110,2627,1,TOT,DEF,112,p469142,Jan Paul van Hecke,50,320035,0,0,0,,,
2026-08-11T10:09:04.885110,2627,1,TOT,MID,455,p432422,Sandro Tonali,55,160017,0,0,0,,,
2026-08-11T10:09:04.885110,2627,1,TOT,GK,494,p184254,Guglielmo Vicario,45,53339,0,0,0,,,
2026-08-11T10:09:04.885110,2627,1,TOT,GK,495,p214572,Brandon Austin,40,22859,0,0,0,,,
2026-08-11T10:09:04.885110,2627,1,TOT,GK,496,p485055,Antonín Kinský,45,739129,0,0,0,,,
2026-08-11T10:09:04.885110,2627,1,TOT,GK,497,p67089,Martin Dubravka,40,872477,0,0,0,,,
2026-08-11T10:09:04.885110,2627,1,TOT,DEF,498,p221466,Marcos Senesi Barón,60,400044,0,0,0,,,
2026-08-11T10:09:04.885110,2627,1,TOT,DEF,499,p441164,Pedro Porro Sauceda,55,887717,0,0,0,,,
2026-08-11T10:09:04.885110,2627,1,TOT,DEF,500,p221632,Cristian Romero,50,41909,0,0,0,,,
2026-08-11T10:09:04.885110,2627,1,TOT,DEF,501,p135720,Kevin Danso,50,7619,0,0,0,,,
2026-08-11T10:09:04.885110,2627,1,TOT,DEF,502,p122798,Andrew Robertson,45,72388,0,0,0,,,
2026-08-11T10:09:04.885110,2627,1,TOT,DEF,503,p491279,Micky van de Ven,50,266696,0,0,0,,,
2026-08-11T10:09:04.885110,2627,1,TOT,DEF,505,p232859,Djed Spence,45,331465,0,0,0,,,
2026-08-11T10:09:04.885110,2627,1,TOT,DEF,506,p487053,Destiny Udogie,45,15239,0,0,0,,,
2026-08-11T10:09:04.885110,2627,1,TOT,DEF,507,p548308,Ashley Phillips,45,3809,0,0,0,,,
2026-08-11T10:09:04.885110,2627,1,TOT,DEF,508,p115556,Ben Davies,40,30479,0,0,0,,,
2026-08-11T10:09:04.885110,2627,1,TOT,DEF,509,p640419,Jun'ai Byfield,40,3809,0,0,0,,,
2026-08-11T10:09:04.885110,2627,1,TOT,DEF,510,p499716,James Rowswell,40,3809,0,0,0,,,
2026-08-11T10:09:04.885110,2627,1,TOT,DEF,511,p616221,João Victor de Souza Menezes,40,11429,0,0,0,,,
2026-08-11T10:09:04.885110,2627,1,TOT,MID,512,p460842,Mohammed Kudus,65,7619,0,0,0,Thigh injury - 75% chance of playing,75,
2026-08-11T10:09:04.885110,2627,1,TOT,MID,513,p493362,Xavi Simons,60,0,0,0,0,Knee injury - Unknown return date,0,
2026-08-11T10:09:04.885110,2627,1,TOT,MID,514,p511499,Mathys Tel,60,15239,0,0,0,,,
2026-08-11T10:09:04.885110,2627,1,TOT,MID,515,p172780,James Maddison,65,68579,0,0,0,,,
2026-08-11T10:09:04.885110,2627,1,TOT,MID,516,p202993,Rodrigo Bentancur,55,7619,0,0,0,,,
2026-08-11T10:09:04.885110,2627,1,TOT,MID,517,p550839,Wilson Odobert,55,0,0,0,0,Knee injury - Unknown return date,0,
2026-08-11T10:09:04.885110,2627,1,TOT,MID,518,p482442,Pape Matar Sarr,50,15239,0,0,0,,,
2026-08-11T10:09:04.885110,2627,1,TOT,MID,519,p232787,Conor Gallagher,55,11429,0,0,0,,,
2026-08-11T10:09:04.885110,2627,1,TOT,MID,520,p570526,Lucas Bergvall,55,7619,0,0,0,,,
2026-08-11T10:09:04.885110,2627,1,TOT,MID,521,p445044,Dejan Kulusevski,65,0,0,0,0,Knee injury - Unknown return date,0,
2026-08-11T10:09:04.885110,2627,1,TOT,MID,522,p547701,Archie Gray,50,7619,0,0,0,,,
2026-08-11T10:09:04.885110,2627,1,TOT,MID,523,p499721,Mikey Moore,50,3809,0,0,0,,,
2026-08-11T10:09:04.885110,2627,1,TOT,MID,524,p499726,Callum Olusesi,45,34289,0,0,0,,,
2026-08-11T10:09:04.885110,2627,1,TOT,MID,525,p551226,Mateus Fernandes,60,118108,0,0,0,,,
2026-08-11T10:09:04.885110,2627,1,TOT,FWD,526,p154566,Dominic Solanke-Mitchell,60,91438,0,0,0,,,
2026-08-11T10:09:04.885110,2627,1,TOT,FWD,527,p212319,Richarlison de Andrade,60,76198,0,0,0,,,
2026-08-11T10:09:04.885110,2627,1,TOT,FWD,528,p490145,Dane Scarlett,45,64769,0,0,0,,,
2026-08-11T10:09:04.885110,2627,1,SUN,GK,529,p498016,Robin Roefs,50,190497,0,0,0,,,
2026-08-11T10:09:04.885110,2627,1,SUN,GK,530,p232571,Anthony Patterson,40,38099,0,0,0,,,
2026-08-11T10:09:04.885110,2627,1,SUN,GK,531,p515046,Melker Ellborg,45,3809,0,0,0,,,
2026-08-11T10:09:04.885110,2627,1,SUN,DEF,532,p223827,Daniel Ballard,50,156207,0,0,0,,,
2026-08-11T10:09:04.885110,2627,1,SUN,DEF,533,p200834,Nordi Mukiele,55,228596,0,0,0,Knock - 75% chance of playing,75,
2026-08-11T10:09:04.885110,2627,1,SUN,DEF,534,p487676,Trai Hume,45,156207,0,0,0,,,
2026-08-11T10:09:04.885110,2627,1,SUN,DEF,535,p201895,Omar Alderete,50,34289,0,0,0,Knock - 75% chance of playing,75,
2026-08-11T10:09:04.885110,2627,1,SUN,DEF,536,p434399,Reinildo Mandava,45,19049,0,0,0,,,
2026-08-11T10:09:04.885110,2627,1,SUN,DEF,537,p519634,Jenson Seelt,45,0,0,0,0,,,
2026-08-11T10:09:04.885110,2627,1,SUN,DEF,538,p477547,Leo Fuhr Hjelde,40,11429,0,0,0,,,
2026-08-11T10:09:04.885110,2627,1,SUN,DEF,539,p167512,Luke O'Nien,40,95248,0,0,0,,,
2026-08-11T10:09:04.885110,2627,1,SUN,DEF,540,p105717,Arthur Masuaku,40,57149,0,0,0,,,
2026-08-11T10:09:04.885110,2627,1,SUN,DEF,541,p93605,Thomas Meunier,45,19049,0,0,0,,,
2026-08-11T10:09:04.885110,2627,1,SUN,MID,542,p484420,Enzo Le Fée,60,491483,0,0,0,,,
2026-08-11T10:09:04.885110,2627,1,SUN,MID,543,p547027,Habib Diarra,55,3809,0,0,0,,,
2026-08-11T10:09:04.885110,2627,1,SUN,MID,544,p84450,Granit Xhaka,55,205737,0,0,0,,,
2026-08-11T10:09:04.885110,2627,1,SUN,MID,545,p577669,Noah Sadiki,50,15239,0,0,0,,,
2026-08-11T10:09:04.885110,2627,1,SUN,MID,546,p535818,Simon Adingra,50,11429,0,0,0,,,
2026-08-11T10:09:04.885110,2627,1,SUN,MID,547,p461199,Romaine Mundle,50,0,0,0,0,,,
2026-08-11T10:09:04.885110,2627,1,SUN,MID,548,p554197,Chris Rigg,50,3809,0,0,0,,,
2026-08-11T10:09:04.885110,2627,1,SUN,MID,549,p549912,Chemsdine Talbi,55,7619,0,0,0,,,
2026-08-11T10:09:04.885110,2627,1,SUN,MID,550,p699989,Djiamgone Jocelin Ta Bi,50,0,0,0,0,,,
2026-08-11T10:09:04.885110,2627,1,SUN,MID,551,p536661,Nilson Angulo,50,3809,0,0,0,,,
2026-08-11T10:09:04.885110,2627,1,SUN,FWD,552,p441264,Brian Brobbey,60,674360,0,0,0,,,
2026-08-11T10:09:04.885110,2627,1,SUN,FWD,553,p437505,Wilson Isidor,55,45719,0,0,0,,,
2026-08-12T10:18:33.486080,2627,1,ARS,GK,1,p154561,David Raya Martín,60,1233273,0,0,0,,,
2026-08-12T10:18:33.486080,2627,1,ARS,GK,2,p109745,Kepa Arrizabalaga Revuelta,50,3978,0,0,0,,,
2026-08-12T10:18:33.486080,2627,1,ARS,GK,3,p437495,Illan Meslier,50,3978,0,0,0,,,
2026-08-12T10:18:33.486080,2627,1,ARS,DEF,4,p226597,Gabriel dos Santos Magalhães,80,1066184,0,0,0,,,
2026-08-12T10:18:33.486080,2627,1,ARS,DEF,5,p445122,Jurriën Timber,65,15913,0,0,0,Groin injury - Unknown return date,0,
2026-08-12T10:18:33.486080,2627,1,ARS,DEF,6,p462424,William Saliba,60,19891,0,0,0,Back injury - Unknown return date,0,
2026-08-12T10:18:33.486080,2627,1,ARS,MID,7,p499169,Myles Lewis-Skelly,55,11934,0,0,0,,,
2026-08-12T10:18:33.486080,2627,1,ARS,DEF,8,p466075,Riccardo Calafiori,55,696202,0,0,0,,,
2026-08-12T10:18:33.486080,2627,1,ARS,DEF,9,p448104,Piero Hincapié,55,159132,0,0,0,,,
2026-08-12T10:18:33.486080,2627,1,ARS,DEF,10,p198869,Benjamin White,55,31826,0,0,0,,100,
2026-08-12T10:18:33.486080,2627,1,ARS,DEF,11,p500040,Cristhian Mosquera,55,580832,0,0,0,,,
2026-08-12T10:18:33.486080,2627,1,ARS,MID,12,p223340,Bukayo Saka,95,425678,0,0,0,,,
2026-08-12T10:18:33.486080,2627,1,ARS,MID,13,p204480,Declan Rice,75,875226,0,0,0,,,
2026-08-12T10:18:33.486080,2627,1,ARS,MID,14,p232413,Eberechi Eze,65,123327,0,0,0,,,
2026-08-12T10:18:33.486080,2627,1,ARS,MID,15,p184029,Martin Ødegaard,65,115370,0,0,0,,,
2026-08-12T10:18:33.486080,2627,1,ARS,MID,16,p248857,Noni Madueke,65,15913,0,0,0,,,
2026-08-12T10:18:33.486080,2627,1,ARS,MID,17,p195384,Mikel Merino Zazón,60,43761,0,0,0,,,
2026-08-12T10:18:33.486080,2627,1,ARS,MID,18,p444145,Gabriel Martinelli Silva,65,11934,0,0,0,,,
2026-08-12T10:18:33.486080,2627,1,ARS,MID,19,p481655,Martín Zubimendi Ibáñez,55,59674,0,0,0,,,
2026-08-12T10:18:33.486080,2627,1,ARS,MID,20,p616077,Max Dowman,55,7956,0,0,0,,,
2026-08-12T10:18:33.486080,2627,1,ARS,MID,22,p499175,Ethan Nwaneri,55,0,0,0,0,,,
2026-08-12T10:18:33.486080,2627,1,ARS,MID,23,p438098,Fábio Ferreira Vieira,55,0,0,0,0,,,
2026-08-12T10:18:33.486080,2627,1,ARS,MID,24,p200641,Reiss Nelson,55,0,0,0,0,,,
2026-08-12T10:18:33.486080,2627,1,ARS,FWD,25,p224117,Viktor Gyökeres,75,521157,0,0,0,,,
2026-08-12T10:18:33.486080,2627,1,ARS,FWD,26,p219847,Kai Havertz,75,143218,0,0,0,,,
2026-08-12T10:18:33.486080,2627,1,ARS,FWD,27,p205651,Gabriel Fernando de Jesus,60,15913,0,0,0,,,
2026-08-12T10:18:33.486080,2627,1,ARS,MID,452,p208706,Bruno Guimarães Rodriguez Moura,70,409765,0,0,0,,,
2026-08-12T10:18:33.486080,2627,1,ARS,MID,557,p439509,Christos Tzolis,65,143218,0,0,0,,,
2026-08-12T10:18:33.486080,2627,1,AVL,GK,28,p98980,Emiliano Martínez Romero,50,194936,0,0,0,,,
2026-08-12T10:18:33.486080,2627,1,AVL,GK,29,p72147,Marco Bizot,45,3978,0,0,0,,,
2026-08-12T10:18:33.486080,2627,1,AVL,DEF,30,p101188,Lucas Digne,45,43761,0,0,0,Has joined Paris Saint-Germain permanently,0,
2026-08-12T10:18:33.486080,2627,1,AVL,DEF,31,p199798,Ezri Konsa Ngoyo,45,644484,0,0,0,,,
2026-08-12T10:18:33.486080,2627,1,AVL,DEF,32,p199796,Matty Cash,45,318264,0,0,0,,,
2026-08-12T10:18:33.486080,2627,1,AVL,DEF,33,p149484,Tyrone Mings,45,7956,0,0,0,,,
2026-08-12T10:18:33.486080,2627,1,AVL,DEF,34,p244954,Pau Torres,45,11934,0,0,0,,,
2026-08-12T10:18:33.486080,2627,1,AVL,MID,35,p515597,Lamare Bogarde,50,3978,0,0,0,,,
2026-08-12T10:18:33.486080,2627,1,AVL,DEF,36,p441302,Ian Maatsen,45,23869,0,0,0,,,
2026-08-12T10:18:33.486080,2627,1,AVL,DEF,37,p184667,Victor Lindelöf,45,7956,0,0,0,,,
2026-08-12T10:18:33.486080,2627,1,AVL,DEF,38,p606798,Andrés García,40,63652,0,0,0,,,
2026-08-12T10:18:33.486080,2627,1,AVL,DEF,39,p578545,Kosta Nedeljkovic,40,27848,0,0,0,,,
2026-08-12T10:18:33.486080,2627,1,AVL,MID,41,p195546,Emiliano Buendía Stati,60,39783,0,0,0,,,
2026-08-12T10:18:33.486080,2627,1,AVL,MID,42,p485337,Evann Guessand,55,0,0,0,0,,,
2026-08-12T10:18:33.486080,2627,1,AVL,MID,44,p215711,Leon Bailey,55,3978,0,0,0,,,
2026-08-12T10:18:33.486080,2627,1,AVL,MID,45,p122806,John McGinn,55,107414,0,0,0,,,
2026-08-12T10:18:33.486080,2627,1,AVL,MID,46,p88894,Ross Barkley,50,7956,0,0,0,,,
2026-08-12T10:18:33.486080,2627,1,AVL,MID,47,p226944,Boubacar Kamara,50,3978,0,0,0,,100,
2026-08-12T10:18:33.486080,2627,1,AVL,MID,48,p449871,Amadou Onana,50,0,0,0,0,Knee injury - Unknown return date,0,
2026-08-12T10:18:33.486080,2627,1,AVL,MID,49,p469247,Samuel Iling-Junior,50,0,0,0,0,,,
2026-08-12T10:18:33.486080,2627,1,AVL,MID,50,p645618,Bradley Burrowes,45,31826,0,0,0,,,
2026-08-12T10:18:33.486080,2627,1,AVL,MID,51,p577285,George Hemmings,45,11934,0,0,0,,,
2026-08-12T10:18:33.486080,2627,1,AVL,MID,52,p653481,Alysson Edward Franco da Rocha dos Santos,50,0,0,0,0,,,
2026-08-12T10:18:33.486080,2627,1,AVL,MID,53,p614071,Johan Manzambi,60,79566,0,0,0,,,
2026-08-12T10:18:33.486080,2627,1,AVL,MID,54,p448089,Joao Gomes,55,11934,0,0,0,,,
2026-08-12T10:18:33.486080,2627,1,AVL,FWD,55,p178301,Ollie Watkins,80,505244,0,0,0,,,
2026-08-12T10:18:33.486080,2627,1,AVL,FWD,56,p173879,Tammy Abraham,55,7956,0,0,0,,100,
2026-08-12T10:18:33.486080,2627,1,AVL,MID,160,p493105,Alejandro Garnacho Ferreyra,60,35804,0,0,0,,,
2026-08-12T10:18:33.486080,2627,1,BOU,GK,57,p457569,Đorđe Petrović,45,147197,0,0,0,,,
2026-08-12T10:18:33.486080,2627,1,BOU,GK,58,p40383,Fraser Forster,40,123327,0,0,0,,,
2026-08-12T10:18:33.486080,2627,1,BOU,GK,59,p444172,Will Dennis,40,7956,0,0,0,,,
2026-08-12T10:18:33.486080,2627,1,BOU,DEF,60,p463981,James Hill,55,47739,0,0,0,,,
2026-08-12T10:18:33.486080,2627,1,BOU,DEF,61,p494521,Adrien Truffert,55,190958,0,0,0,,,
2026-08-12T10:18:33.486080,2627,1,BOU,DEF,62,p242882,Bafodé Diakité,50,7956,0,0,0,,,
2026-08-12T10:18:33.486080,2627,1,BOU,DEF,63,p620487,Veljko Milosavljevic,50,3978,0,0,0,Unspecified injury - Unknown return date,0,
2026-08-12T10:18:33.486080,2627,1,BOU,DEF,64,p54469,Adam Smith,45,3978,0,0,0,,,
2026-08-12T10:18:33.486080,2627,1,BOU,DEF,65,p436893,Julián Araujo Zúñiga,45,3978,0,0,0,Thigh injury - Unknown return date,0,
2026-08-12T10:18:33.486080,2627,1,BOU,DEF,66,p575901,Julio Soler Barreto,40,23869,0,0,0,,,
2026-08-12T10:18:33.486080,2627,1,BOU,MID,67,p499604,Rayan Vitor Simplício Rocha,65,135262,0,0,0,,,
2026-08-12T10:18:33.486080,2627,1,BOU,MID,68,p201658,Marcus Tavernier,60,75587,0,0,0,,,
2026-08-12T10:18:33.486080,2627,1,BOU,MID,69,p503139,Alex Scott,60,63652,0,0,0,,,
2026-08-12T10:18:33.486080,2627,1,BOU,MID,70,p222683,Justin Kluivert,60,43761,0,0,0,,,
2026-08-12T10:18:33.486080,2627,1,BOU,MID,71,p155408,Lewis Cook,50,3978,0,0,0,,,
2026-08-12T10:18:33.486080,2627,1,BOU,MID,72,p496208,Ben Gannon-Doak,50,3978,0,0,0,,,
2026-08-12T10:18:33.486080,2627,1,BOU,MID,73,p200785,Tyler Adams,50,27848,0,0,0,,,
2026-08-12T10:18:33.486080,2627,1,BOU,MID,74,p111317,David Brooks,50,7956,0,0,0,,,
2026-08-12T10:18:33.486080,2627,1,BOU,MID,75,p158499,Ryan Christie,50,0,0,0,0,Suspended until 29 Aug,0,2
2026-08-12T10:18:33.486080,2627,1,BOU,MID,76,p614574,Alex Tóth,50,0,0,0,0,,,
2026-08-12T10:18:33.486080,2627,1,BOU,MID,77,p489888,Amine Adli,50,7956,0,0,0,,,
2026-08-12T10:18:33.486080,2627,1,BOU,MID,78,p560262,Junior Kroupi,75,127305,0,0,0,Foot injury - Unknown return date,0,
2026-08-12T10:18:33.486080,2627,1,BOU,FWD,79,p444102,Francisco Evanilson de Lima Barbosa,60,83544,0,0,0,,,
2026-08-12T10:18:33.486080,2627,1,BOU,FWD,80,p168636,Enes Ünal,55,7956,0,0,0,,,
2026-08-12T10:18:33.486080,2627,1,BOU,FWD,81,p561245,Álvaro Rodríguez,60,11934,0,0,0,,,
2026-08-12T10:18:33.486080,2627,1,BOU,DEF,566,p483067,António João Pereira de Albuquerque Tavares da Silva,50,7956,0,0,0,,,
2026-08-12T10:18:33.486080,2627,1,BOU,DEF,573,p494928,Juanlu Sánchez,45,3978,0,0,0,,,
2026-08-12T10:18:33.486080,2627,1,BRE,GK,82,p200720,Caoimhín Kelleher,50,226763,0,0,0,,,
2026-08-12T10:18:33.486080,2627,1,BRE,GK,83,p507433,Hákon Rafn Valdimarsson,45,3978,0,0,0,,,
2026-08-12T10:18:33.486080,2627,1,BRE,DEF,84,p432830,Nathan Collins,55,83544,0,0,0,,,
2026-08-12T10:18:33.486080,2627,1,BRE,DEF,85,p444765,Sepp van den Berg,50,27848,0,0,0,,,
2026-08-12T10:18:33.486080,2627,1,BRE,MID,86,p249231,Keane Lewis-Potter,55,19891,0,0,0,,,
2026-08-12T10:18:33.486080,2627,1,BRE,DEF,87,p191866,Kristoffer Ajer,45,67631,0,0,0,,,
2026-08-12T10:18:33.486080,2627,1,BRE,DEF,88,p607464,Michael Kayode,45,147197,0,0,0,,,
2026-08-12T10:18:33.486080,2627,1,BRE,DEF,89,p194010,Rico Henry,45,7956,0,0,0,,,
2026-08-12T10:18:33.486080,2627,1,BRE,DEF,90,p472713,Aaron Hickey,45,3978,0,0,0,,,
2026-08-12T10:18:33.486080,2627,1,BRE,DEF,91,p231065,Ethan Pinnock,45,3978,0,0,0,,,
2026-08-12T10:18:33.486080,2627,1,BRE,DEF,92,p570241,Kim Ji-soo,45,0,0,0,0,,,
2026-08-12T10:18:33.486080,2627,1,BRE,DEF,93,p513086,Jannik Schuster,45,3978,0,0,0,,,
2026-08-12T10:18:33.486080,2627,1,BRE,MID,94,p513418,Kevin Schade,60,79566,0,0,0,,,
2026-08-12T10:18:33.486080,2627,1,BRE,MID,95,p533463,Dango Ouattara,65,55696,0,0,0,,,
2026-08-12T10:18:33.486080,2627,1,BRE,MID,96,p440089,Mikkel Damsgaard,55,27848,0,0,0,,,
2026-08-12T10:18:33.486080,2627,1,BRE,MID,97,p207283,Mathias Jensen,55,7956,0,0,0,,,
2026-08-12T10:18:33.486080,2627,1,BRE,MID,98,p204580,Vitaly Janelt,50,3978,0,0,0,,,
2026-08-12T10:18:33.486080,2627,1,BRE,MID,99,p543295,Antoni Milambo,50,0,0,0,0,Knee injury - 75% chance of playing,75,
2026-08-12T10:18:33.486080,2627,1,BRE,MID,100,p244858,Fábio Freitas Gouveia Carvalho,50,0,0,0,0,,100,
2026-08-12T10:18:33.486080,2627,1,BRE,MID,102,p508395,Yehor Yarmoliuk,50,59674,0,0,0,,,
2026-08-12T10:18:33.486080,2627,1,BRE,MID,103,p183656,Josh Dasilva,50,0,0,0,0,,,
2026-08-12T10:18:33.486080,2627,1,BRE,MID,105,p444180,Jaidon Anthony,60,7956,0,0,0,,,
2026-08-12T10:18:33.486080,2627,1,BRE,FWD,106,p502500,Igor Thiago Nascimento Rodrigues,80,636528,0,0,0,,,
2026-08-12T10:18:33.486080,2627,1,BRE,FWD,107,p593174,Kaye Furo,45,31826,0,0,0,,,
2026-08-12T10:18:33.486080,2627,1,BRE,FWD,108,p75115,Callum Wilson,55,15913,0,0,0,,,
2026-08-12T10:18:33.486080,2627,1,BRE,MID,565,p513545,Mamadou Sangaré,55,59674,0,0,0,,,
2026-08-12T10:18:33.486080,2627,1,BHA,GK,109,p489639,Bart Verbruggen,45,708137,0,0,0,,,
2026-08-12T10:18:33.486080,2627,1,BHA,GK,111,p49262,Jason Steele,40,175045,0,0,0,,,
2026-08-12T10:18:33.486080,2627,1,BHA,DEF,113,p231416,Ferdi Kadıoğlu,45,119349,0,0,0,,,
2026-08-12T10:18:33.486080,2627,1,BHA,DEF,114,p204120,Olivier Boscagli,45,7956,0,0,0,,,
2026-08-12T10:18:33.486080,2627,1,BHA,DEF,115,p465730,Maxim De Cuyper,45,51717,0,0,0,,,
2026-08-12T10:18:33.486080,2627,1,BHA,DEF,116,p83299,Lewis Dunk,45,31826,0,0,0,,,
2026-08-12T10:18:33.486080,2627,1,BHA,DEF,117,p550090,Diego Coppola,45,0,0,0,0,,,
2026-08-12T10:18:33.486080,2627,1,BHA,DEF,118,p223434,Igor Julio dos Santos de Paulo,45,3978,0,0,0,,,
2026-08-12T10:18:33.486080,2627,1,BHA,DEF,119,p451490,João Pedro Loureiro da Costa,45,0,0,0,0,,,
2026-08-12T10:18:33.486080,2627,1,BHA,DEF,120,p454490,Michael Svoboda,50,3978,0,0,0,,,
2026-08-12T10:18:33.486080,2627,1,BHA,MID,121,p451340,Mitoma Kaoru,60,3978,0,0,0,Hamstring injury - Unknown return date,0,
2026-08-12T10:18:33.486080,2627,1,BHA,MID,122,p592031,Yankuba Minteh,60,27848,0,0,0,,,
2026-08-12T10:18:33.486080,2627,1,BHA,MID,123,p532529,Jack Hinshelwood,60,7956,0,0,0,,,
2026-08-12T10:18:33.486080,2627,1,BHA,MID,124,p60307,Pascal Groß,55,409765,0,0,0,,,
2026-08-12T10:18:33.486080,2627,1,BHA,FWD,125,p463067,Georginio Rutter,55,39783,0,0,0,,,
2026-08-12T10:18:33.486080,2627,1,BHA,MID,126,p219249,Matt O'Riley,55,3978,0,0,0,,,
2026-08-12T10:18:33.486080,2627,1,BHA,MID,127,p514254,Diego Gómez Amarilla,50,87522,0,0,0,,,
2026-08-12T10:18:33.486080,2627,1,BHA,MID,128,p536916,Facundo Buonanotte,50,0,0,0,0,Has joined Elche on loan for the rest of the season,0,
2026-08-12T10:18:33.486080,2627,1,BHA,MID,129,p509416,Yasin Ayari,55,31826,0,0,0,,,
2026-08-12T10:18:33.486080,2627,1,BHA,DEF,130,p467779,Mats Wieffer,50,11934,0,0,0,,,
2026-08-12T10:18:33.486080,2627,1,BHA,MID,131,p535301,Carlos Baleba,50,15913,0,0,0,Ankle injury - Expected back 23 Aug,0,1
2026-08-12T10:18:33.486080,2627,1,BHA,MID,132,p597320,Harry Howell,45,11934,0,0,0,,,
2026-08-12T10:18:33.486080,2627,1,BHA,MID,133,p549074,Tom Watson,50,0,0,0,0,Has joined Leicester City on loan for the rest of the season,0,
2026-08-12T10:18:33.486080,2627,1,BHA,MID,134,p556637,Nehemiah Oriola,45,7956,0,0,0,,,
2026-08-12T10:18:33.486080,2627,1,BHA,MID,135,p700308,Zadok Yohanna,50,3978,0,0,0,,,
2026-08-12T10:18:33.486080,2627,1,BHA,FWD,137,p608181,Stefanos Tzimas,55,0,0,0,0,Knee injury - 75% chance of playing,75,
2026-08-12T10:18:33.486080,2627,1,BHA,FWD,138,p647850,Charalampos Kostoulas,55,11934,0,0,0,,,
2026-08-12T10:18:33.486080,2627,1,BHA,FWD,139,p487117,Evan Ferguson,50,0,0,0,0,Ankle injury - Expected back 10 Oct,0,6
2026-08-12T10:18:33.486080,2627,1,BHA,DEF,328,p222694,Pascal Struijk,50,19891,0,0,0,,,
2026-08-12T10:18:33.486080,2627,1,BHA,DEF,504,p610799,Luka Vušković,50,107414,0,0,0,,,
2026-08-12T10:18:33.486080,2627,1,CHE,MID,40,p244850,Morgan Rogers,75,1078119,0,0,0,,,
2026-08-12T10:18:33.486080,2627,1,CHE,MID,101,p56979,Jordan Henderson,50,0,0,0,0,Wrist injury - 75% chance of playing,75,
2026-08-12T10:18:33.486080,2627,1,CHE,FWD,136,p50175,Danny Welbeck,60,103435,0,0,0,,,
2026-08-12T10:18:33.486080,2627,1,CHE,GK,140,p215059,Robert Lynch Sánchez,50,79566,0,0,0,,,
2026-08-12T10:18:33.486080,2627,1,CHE,GK,141,p508479,Filip Jörgensen,50,3978,0,0,0,,,
2026-08-12T10:18:33.486080,2627,1,CHE,DEF,142,p225796,Reece James,55,318264,0,0,0,,,
2026-08-12T10:18:33.486080,2627,1,CHE,DEF,143,p180736,Trevoh Chalobah,55,63652,0,0,0,Has joined Como permanently,0,
2026-08-12T10:18:33.486080,2627,1,CHE,DEF,144,p482609,Malo Gusto,50,43761,0,0,0,,,
2026-08-12T10:18:33.486080,2627,1,CHE,DEF,145,p444463,Wesley Fofana,50,0,0,0,0,Suspended until 6 Sep,0,3
2026-08-12T10:18:33.486080,2627,1,CHE,DEF,146,p242880,Benoît Badiashile Mukinayi,45,0,0,0,0,,,
2026-08-12T10:18:33.486080,2627,1,CHE,DEF,147,p109646,Tosin Adarabioyo,45,7956,0,0,0,,,
2026-08-12T10:18:33.486080,2627,1,CHE,DEF,148,p551210,Jorrel Hato,45,39783,0,0,0,,,
2026-08-12T10:18:33.486080,2627,1,CHE,DEF,149,p460028,Levi Samuels Colwill,50,67631,0,0,0,,,
2026-08-12T10:18:33.486080,2627,1,CHE,DEF,150,p574458,Mamadou Sarr,45,3978,0,0,0,,,
2026-08-12T10:18:33.486080,2627,1,CHE,DEF,151,p577016,Josh Acheampong,45,11934,0,0,0,,,
2026-08-12T10:18:33.486080,2627,1,CHE,DEF,152,p620109,Marco Palestra,55,91500,0,0,0,,,
2026-08-12T10:18:33.486080,2627,1,CHE,DEF,153,p220362,Axel Disasi,45,3978,0,0,0,,,
2026-08-12T10:18:33.486080,2627,1,CHE,MID,154,p244851,Cole Palmer,95,449548,0,0,0,,,
2026-08-12T10:18:33.486080,2627,1,CHE,MID,155,p448047,Enzo Fernández,70,218806,0,0,0,,,
2026-08-12T10:18:33.486080,2627,1,CHE,MID,156,p247632,Pedro Lomba Neto,65,55696,0,0,0,,,
2026-08-12T10:18:33.486080,2627,1,CHE,MID,157,p624773,Estêvão Almeida de Oliveira Gonçalves,65,67631,0,0,0,,,
2026-08-12T10:18:33.486080,2627,1,CHE,MID,158,p463936,Jamie Bynoe-Gittens,60,3978,0,0,0,,,
2026-08-12T10:18:33.486080,2627,1,CHE,MID,159,p486672,Moisés Caicedo Corozo,55,163110,0,0,0,,,
2026-08-12T10:18:33.486080,2627,1,CHE,MID,161,p514356,Roméo Lavia,50,3978,0,0,0,,,
2026-08-12T10:18:33.486080,2627,1,CHE,MID,163,p491007,Dário Luís Essugo,45,7956,0,0,0,,,
2026-08-12T10:18:33.486080,2627,1,CHE,MID,164,p593117,Geovany Quenda,55,3978,0,0,0,,100,
2026-08-12T10:18:33.486080,2627,1,CHE,FWD,165,p475168,João Pedro Junqueira de Jesus,75,2215914,0,0,0,,,
2026-08-12T10:18:33.486080,2627,1,CHE,FWD,166,p517052,Nicolas Jackson,65,15913,0,0,0,,,
2026-08-12T10:18:33.486080,2627,1,CHE,FWD,167,p463034,Liam Delap,55,19891,0,0,0,,,
2026-08-12T10:18:33.486080,2627,1,CHE,FWD,168,p499309,Marc Guiu Paz,50,15913,0,0,0,,,
2026-08-12T10:18:33.486080,2627,1,CHE,FWD,169,p567119,Shumaira Mheuka,45,15913,0,0,0,,,
2026-08-12T10:18:33.486080,2627,1,CHE,FWD,170,p503037,Emmanuel Emegha,50,3978,0,0,0,Hamstring injury - 75% chance of playing,75,
2026-08-12T10:18:33.486080,2627,1,CHE,DEF,200,p437499,Maxence Lacroix,60,453526,0,0,0,,,
2026-08-12T10:18:33.486080,2627,1,CHE,GK,560,p549939,Mike Penders,45,3978,0,0,0,,,
2026-08-12T10:18:33.486080,2627,1,CHE,DEF,561,p622758,Aaron Anselmino,45,0,0,0,0,,,
2026-08-12T10:18:33.486080,2627,1,CHE,MID,568,p543158,Valentín Barco,55,3978,0,0,0,,,
2026-08-12T10:18:33.486080,2627,1,COV,MID,104,p428580,Frank Onyeka,50,7956,0,0,0,,,
2026-08-12T10:18:33.486080,2627,1,COV,GK,110,p472739,Carl Rushworth,45,35804,0,0,0,,,
2026-08-12T10:18:33.486080,2627,1,COV,GK,171,p484389,Oliver Dovin,40,99457,0,0,0,,,
2026-08-12T10:18:33.486080,2627,1,COV,GK,172,p110690,Ben Wilson,45,23869,0,0,0,,,
2026-08-12T10:18:33.486080,2627,1,COV,DEF,173,p461102,Bobby Thomas,40,334177,0,0,0,,,
2026-08-12T10:18:33.486080,2627,1,COV,DEF,174,p436761,Liam Kitching,40,23869,0,0,0,,,
2026-08-12T10:18:33.486080,2627,1,COV,DEF,175,p451284,Milan van Ewijk,40,616636,0,0,0,,,
2026-08-12T10:18:33.486080,2627,1,COV,DEF,176,p173878,Jay Dasilva,40,23869,0,0,0,,,
2026-08-12T10:18:33.486080,2627,1,COV,DEF,177,p465390,Kaine Kesler-Hayden,40,3978,0,0,0,,,
2026-08-12T10:18:33.486080,2627,1,COV,DEF,178,p80178,Jake Bidwell,40,3978,0,0,0,,,
2026-08-12T10:18:33.486080,2627,1,COV,DEF,179,p204813,Joel Latibeaudiere,40,3978,0,0,0,,,
2026-08-12T10:18:33.486080,2627,1,COV,DEF,180,p220583,Luke Woolfenden,40,7956,0,0,0,,,
2026-08-12T10:18:33.486080,2627,1,COV,DEF,181,p577411,Miguel Brau,40,3978,0,0,0,,,
2026-08-12T10:18:33.486080,2627,1,COV,DEF,182,p539142,Aurèle Amenda,40,23869,0,0,0,,,
2026-08-12T10:18:33.486080,2627,1,COV,MID,183,p480457,Jack Rudoni,50,7956,0,0,0,Shoulder injury - 75% chance of playing,75,
2026-08-12T10:18:33.486080,2627,1,COV,MID,184,p168144,Matt Grimes,50,7956,0,0,0,,,
2026-08-12T10:18:33.486080,2627,1,COV,MID,185,p501459,Tatsuhiro Sakamoto,50,7956,0,0,0,,,
2026-08-12T10:18:33.486080,2627,1,COV,MID,186,p241293,Ephron Mason-Clark,55,11934,0,0,0,,,
2026-08-12T10:18:33.486080,2627,1,COV,MID,187,p439668,Josh Eccles,50,0,0,0,0,,,
2026-08-12T10:18:33.486080,2627,1,COV,MID,188,p226965,Victor Torp,55,7956,0,0,0,,,
2026-08-12T10:18:33.486080,2627,1,COV,MID,189,p684268,George Shepherd,45,11934,0,0,0,,,
2026-08-12T10:18:33.486080,2627,1,COV,MID,190,p469272,Loum Tchaouna,55,3978,0,0,0,,,
2026-08-12T10:18:33.486080,2627,1,COV,MID,191,p492498,Raphael Borges Rodrigues,45,7956,0,0,0,,,
2026-08-12T10:18:33.486080,2627,1,COV,MID,192,p629397,Kaine Andrews,45,27848,0,0,0,,,
2026-08-12T10:18:33.486080,2627,1,COV,FWD,193,p176412,Haji Wright,55,67631,0,0,0,,,
2026-08-12T10:18:33.486080,2627,1,COV,FWD,194,p230730,Brandon Thomas-Asante,50,31826,0,0,0,,,
2026-08-12T10:18:33.486080,2627,1,COV,FWD,195,p218997,Ellis Simms,50,23869,0,0,0,,,
2026-08-12T10:18:33.486080,2627,1,COV,FWD,196,p551262,Jahnoah Markelo,50,3978,0,0,0,,,
2026-08-12T10:18:33.486080,2627,1,COV,FWD,197,p549653,Norman Bassette,45,11934,0,0,0,Has joined KVC Westerlo on loan for the rest of the season,0,
2026-08-12T10:18:33.486080,2627,1,COV,MID,575,p661888,Caleb Yirenkyi,50,3978,0,0,0,,,
2026-08-12T10:18:33.486080,2627,1,CRY,GK,198,p172649,Dean Henderson,50,127305,0,0,0,,,
2026-08-12T10:18:33.486080,2627,1,CRY,GK,199,p121709,Walter Benítez,45,3978,0,0,0,,,
2026-08-12T10:18:33.486080,2627,1,CRY,DEF,201,p247348,Daniel Muñoz Mejía,55,457504,0,0,0,,,
2026-08-12T10:18:33.486080,2627,1,CRY,DEF,202,p427623,Chris Richards,50,31826,0,0,0,,,
2026-08-12T10:18:33.486080,2627,1,CRY,DEF,203,p651426,Jaydee Canvot,50,23869,0,0,0,,,
2026-08-12T10:18:33.486080,2627,1,CRY,DEF,204,p244723,Tyrick Mitchell,45,270524,0,0,0,,,
2026-08-12T10:18:33.486080,2627,1,CRY,DEF,205,p218364,Borna Sosa,45,0,0,0,0,,,
2026-08-12T10:18:33.486080,2627,1,CRY,DEF,206,p515621,Chadi Riad Dnanou,45,3978,0,0,0,,,
2026-08-12T10:18:33.486080,2627,1,CRY,DEF,207,p242313,Oscar Mingueza,45,3978,0,0,0,,,
2026-08-12T10:18:33.486080,2627,1,CRY,MID,208,p232185,Ismaïla Sarr,65,326220,0,0,0,,,
2026-08-12T10:18:33.486080,2627,1,CRY,MID,209,p242898,Brennan Johnson,60,7956,0,0,0,,,
2026-08-12T10:18:33.486080,2627,1,CRY,MID,210,p496221,Adam Wharton,55,15913,0,0,0,,100,
2026-08-12T10:18:33.486080,2627,1,CRY,MID,211,p488024,Yéremy Pino Santos,55,7956,0,0,0,,,
2026-08-12T10:18:33.486080,2627,1,CRY,MID,212,p108413,Will Hughes,45,441591,0,0,0,,,
2026-08-12T10:18:33.486080,2627,1,CRY,MID,213,p152551,Jefferson Lerma Solís,50,3978,0,0,0,,,
2026-08-12T10:18:33.486080,2627,1,CRY,MID,214,p209400,Daichi Kamada,50,11934,0,0,0,,,
2026-08-12T10:18:33.486080,2627,1,CRY,MID,215,p489706,Justin Devenny,50,0,0,0,0,,,
2026-08-12T10:18:33.486080,2627,1,CRY,MID,216,p606921,Romain Esse,50,3978,0,0,0,,,
2026-08-12T10:18:33.486080,2627,1,CRY,MID,217,p536694,Matheus França de Oliveira,50,0,0,0,0,,,
2026-08-12T10:18:33.486080,2627,1,CRY,MID,218,p438464,Cheick Doucouré,50,3978,0,0,0,,,
2026-08-12T10:18:33.486080,2627,1,CRY,MID,219,p450542,Jesurun Rak-Sakyi,50,0,0,0,0,,,
2026-08-12T10:18:33.486080,2627,1,CRY,DEF,220,p590014,Rio Cardines,45,0,0,0,0,,,
2026-08-12T10:18:33.486080,2627,1,CRY,MID,221,p672492,Joél Drakes-Thomas,45,3978,0,0,0,,,
2026-08-12T10:18:33.486080,2627,1,CRY,FWD,222,p247412,Jørgen Strand Larsen,60,23869,0,0,0,,,
2026-08-12T10:18:33.486080,2627,1,CRY,FWD,223,p231747,Jean-Philippe Mateta,65,262567,0,0,0,,,
2026-08-12T10:18:33.486080,2627,1,CRY,FWD,224,p205533,Eddie Nketiah,55,19891,0,0,0,,,
2026-08-12T10:18:33.486080,2627,1,CRY,FWD,225,p660392,Christantus Uche,50,0,0,0,0,has returned to Getafe CF,0,
2026-08-12T10:18:33.486080,2627,1,CRY,GK,555,p169593,Remi Matthews,40,67631,0,0,0,,,
2026-08-12T10:18:33.486080,2627,1,CRY,DEF,577,p223723,Takehiro Tomiyasu,45,3978,0,0,0,,,
2026-08-12T10:18:33.486080,2627,1,EVE,MID,21,p128295,Christian Nørgaard,50,27848,0,0,0,,,
2026-08-12T10:18:33.486080,2627,1,EVE,GK,226,p111234,Jordan Pickford,55,350090,0,0,0,,,
2026-08-12T10:18:33.486080,2627,1,EVE,GK,227,p229600,Mark Travers,50,3978,0,0,0,,,
2026-08-12T10:18:33.486080,2627,1,EVE,GK,228,p138001,Tom King,45,3978,0,0,0,,,
2026-08-12T10:18:33.486080,2627,1,EVE,DEF,229,p17761,James Tarkowski,60,385895,0,0,0,,,
2026-08-12T10:18:33.486080,2627,1,EVE,DEF,230,p480455,Jarrad Branthwaite,55,75587,0,0,0,,,
2026-08-12T10:18:33.486080,2627,1,EVE,DEF,231,p106611,Michael Keane,50,63652,0,0,0,,,
2026-08-12T10:18:33.486080,2627,1,EVE,DEF,232,p512462,Jake O'Brien,50,19891,0,0,0,,,
2026-08-12T10:18:33.486080,2627,1,EVE,DEF,233,p224967,Vitalii Mykolenko,45,51717,0,0,0,,,
2026-08-12T10:18:33.486080,2627,1,EVE,DEF,234,p243571,Nathan Patterson,45,0,0,0,0,,,
2026-08-12T10:18:33.486080,2627,1,EVE,DEF,235,p499300,Adam Aznou,40,7956,0,0,0,,,
2026-08-12T10:18:33.486080,2627,1,EVE,MID,236,p215413,Kiernan Dewsbury-Hall,65,147197,0,0,0,,,
2026-08-12T10:18:33.486080,2627,1,EVE,MID,237,p440993,Iliman Ndiaye,60,600723,0,0,0,,,
2026-08-12T10:18:33.486080,2627,1,EVE,MID,239,p232928,James Garner,60,19891,0,0,0,Groin injury - Expected back 22 Aug,0,1
2026-08-12T10:18:33.486080,2627,1,EVE,MID,240,p490094,Tim Iroegbunam,50,3978,0,0,0,,,
2026-08-12T10:18:33.486080,2627,1,EVE,MID,241,p433154,Dwight McNeil,55,7956,0,0,0,,,
2026-08-12T10:18:33.486080,2627,1,EVE,MID,242,p550615,Tyrique George,55,7956,0,0,0,,,
2026-08-12T10:18:33.486080,2627,1,EVE,MID,243,p502697,Carlos Alcaraz Durán,50,3978,0,0,0,,,
2026-08-12T10:18:33.486080,2627,1,EVE,MID,244,p609873,Harrison Armstrong,50,3978,0,0,0,,,
2026-08-12T10:18:33.486080,2627,1,EVE,MID,245,p496661,Tyler Dibling,55,3978,0,0,0,,,
2026-08-12T10:18:33.486080,2627,1,EVE,MID,246,p513466,Merlin Röhl,50,3978,0,0,0,,,
2026-08-12T10:18:33.486080,2627,1,EVE,MID,247,p244860,Hayden Hackney,55,11934,0,0,0,,,
2026-08-12T10:18:33.486080,2627,1,EVE,FWD,248,p486385,Norberto Bercique Gomes Betuncal,55,123327,0,0,0,,,
2026-08-12T10:18:33.486080,2627,1,EVE,FWD,249,p586309,Thierno Barry,55,35804,0,0,0,,,
2026-08-12T10:18:33.486080,2627,1,FUL,GK,250,p80201,Bernd Leno,45,131283,0,0,0,,,
2026-08-12T10:18:33.486080,2627,1,FUL,GK,251,p86873,Benjamin Lecomte,40,55696,0,0,0,,,
2026-08-12T10:18:33.486080,2627,1,FUL,GK,252,p505079,Alfie McNally,40,7956,0,0,0,,,
2026-08-12T10:18:33.486080,2627,1,FUL,DEF,253,p174874,Joachim Andersen,50,3978,0,0,0,Suspended until 30 Aug,0,2
2026-08-12T10:18:33.486080,2627,1,FUL,DEF,254,p169528,Antonee Robinson,45,99457,0,0,0,,,
2026-08-12T10:18:33.486080,2627,1,FUL,DEF,255,p246301,Jorge Cuenca Barreno,45,0,0,0,0,,,
2026-08-12T10:18:33.486080,2627,1,FUL,DEF,256,p167074,Kenny Tete,45,7956,0,0,0,,,
2026-08-12T10:18:33.486080,2627,1,FUL,DEF,257,p232892,Calvin Bassey,45,23869,0,0,0,,,
2026-08-12T10:18:33.486080,2627,1,FUL,DEF,258,p166477,Timothy Castagne,45,7956,0,0,0,,,
2026-08-12T10:18:33.486080,2627,1,FUL,MID,261,p153133,Alex Iwobi,55,35804,0,0,0,,,
2026-08-12T10:18:33.486080,2627,1,FUL,MID,262,p209289,Emile Smith Rowe,55,15913,0,0,0,,,
2026-08-12T10:18:33.486080,2627,1,FUL,MID,263,p560552,Kevin Santos Lopes de Macedo,55,3978,0,0,0,,,
2026-08-12T10:18:33.486080,2627,1,FUL,MID,264,p477555,Oscar Bobb,55,15913,0,0,0,,,
2026-08-12T10:18:33.486080,2627,1,FUL,MID,265,p207189,Sander Berge,50,15913,0,0,0,,,
2026-08-12T10:18:33.486080,2627,1,FUL,MID,266,p76357,Tom Cairney,50,0,0,0,0,,,
2026-08-12T10:18:33.486080,2627,1,FUL,MID,268,p577725,Josh King,55,3978,0,0,0,,,
2026-08-12T10:18:33.486080,2627,1,FUL,DEF,269,p184349,Ryan Sessegnon,45,15913,0,0,0,,,
2026-08-12T10:18:33.486080,2627,1,FUL,MID,270,p153366,Harrison Reed,45,43761,0,0,0,,,
2026-08-12T10:18:33.486080,2627,1,FUL,FWD,271,p244042,Rodrigo Muniz Carvalho,55,27848,0,0,0,,,
2026-08-12T10:18:33.486080,2627,1,FUL,FWD,272,p631786,Jonah Kusi-Asare,45,302350,0,0,0,,,
2026-08-12T10:18:33.486080,2627,1,FUL,FWD,569,p551466,Gonzalo García,60,63652,0,0,0,,,
2026-08-12T10:18:33.486080,2627,1,FUL,MID,570,p571779,César Palacios,55,3978,0,0,0,,,
2026-08-12T10:18:33.486080,2627,1,HUL,GK,273,p167825,Dillon Phillips,40,79566,0,0,0,,,
2026-08-12T10:18:33.486080,2627,1,HUL,GK,274,p105666,Jack Butland,45,27848,0,0,0,Arm injury - Unknown return date,0,
2026-08-12T10:18:33.486080,2627,1,HUL,GK,275,p494950,Harvey Cartwright,40,3978,0,0,0,Has joined Grimsby Town on loan for the rest of the season,0,
2026-08-12T10:18:33.486080,2627,1,HUL,GK,276,p444307,Thimothée Lo-Tutala,40,7956,0,0,0,,,
2026-08-12T10:18:33.486080,2627,1,HUL,DEF,277,p108416,John Egan,40,59674,0,0,0,,,
2026-08-12T10:18:33.486080,2627,1,HUL,DEF,278,p501902,Charlie Hughes,40,27848,0,0,0,Groin injury - Unknown return date,0,
2026-08-12T10:18:33.486080,2627,1,HUL,DEF,279,p146426,Semi Ajayi,40,31826,0,0,0,,,
2026-08-12T10:18:33.486080,2627,1,HUL,DEF,280,p193278,Lewie Coyle,40,19891,0,0,0,,,
2026-08-12T10:18:33.486080,2627,1,HUL,DEF,281,p433590,Cody Drameh,40,3978,0,0,0,Hamstring injury - Expected back 29 Aug,0,2
2026-08-12T10:18:33.486080,2627,1,HUL,DEF,282,p232351,Ryan Giles,40,27848,0,0,0,,,
2026-08-12T10:18:33.486080,2627,1,HUL,DEF,283,p449428,Matty Jacob,40,0,0,0,0,Hip injury - 75% chance of playing,75,
2026-08-12T10:18:33.486080,2627,1,HUL,DEF,284,p661800,Cathal McCarthy,40,3978,0,0,0,,,
2026-08-12T10:18:33.486080,2627,1,HUL,DEF,285,p160817,Paddy McNair,40,3978,0,0,0,,,
2026-08-12T10:18:33.486080,2627,1,HUL,MID,286,p540324,Mohamed Belloumi,50,19891,0,0,0,,,
2026-08-12T10:18:33.486080,2627,1,HUL,MID,287,p232905,Liam Millar,50,3978,0,0,0,,,
2026-08-12T10:18:33.486080,2627,1,HUL,MID,288,p171270,Kieran Dowell,45,19891,0,0,0,,,
2026-08-12T10:18:33.486080,2627,1,HUL,MID,289,p101282,Matt Crooks,45,27848,0,0,0,,,
2026-08-12T10:18:33.486080,2627,1,HUL,MID,290,p243413,Regan Slater,45,83544,0,0,0,,,
2026-08-12T10:18:33.486080,2627,1,HUL,MID,291,p465525,Eliot Matazo,45,0,0,0,0,Knee injury - Unknown return date,0,
2026-08-12T10:18:33.486080,2627,1,HUL,MID,292,p208481,Abdülkadir Ömür,50,0,0,0,0,,,
2026-08-12T10:18:33.486080,2627,1,HUL,MID,293,p490161,Abu Kamara,50,0,0,0,0,,,
2026-08-12T10:18:33.486080,2627,1,HUL,MID,294,p553783,Óscar Zambrano,45,15913,0,0,0,Thigh injury - Unknown return date,0,
2026-08-12T10:18:33.486080,2627,1,HUL,FWD,295,p169432,Oli McBurnie,55,63652,0,0,0,,,
2026-08-12T10:18:33.486080,2627,1,HUL,MID,296,p213292,David Akintola,50,0,0,0,0,,,
2026-08-12T10:18:33.486080,2627,1,HUL,MID,297,p470294,Darko Gyabi,45,3978,0,0,0,Thigh injury - Unknown return date,0,
2026-08-12T10:18:33.486080,2627,1,HUL,FWD,298,p500957,Enis Destan,45,95479,0,0,0,,,
2026-08-12T10:18:33.486080,2627,1,HUL,FWD,299,p534392,Mason Burstow,45,15913,0,0,0,Has joined Sheffield Wednesday on loan for the rest of the season,0,
2026-08-12T10:18:33.486080,2627,1,HUL,DEF,556,p169359,Matt Targett,40,115370,0,0,0,,,
2026-08-12T10:18:33.486080,2627,1,HUL,MID,563,p445028,Hidemasa Morita,50,3978,0,0,0,,,
2026-08-12T10:18:33.486080,2627,1,HUL,GK,572,p473284,Konstantinos Tzolakis,45,7956,0,0,0,,,
2026-08-12T10:18:33.486080,2627,1,HUL,MID,574,p552946,Jens Hjertø-Dahl,50,0,0,0,0,,,
2026-08-12T10:18:33.486080,2627,1,HUL,MID,576,p608227,Elliot Stroud,50,0,0,0,0,,,
2026-08-12T10:18:33.486080,2627,1,IPS,DEF,259,p219924,Issa Diop,40,739964,0,0,0,,,
2026-08-12T10:18:33.486080,2627,1,IPS,MID,267,p212314,Saša Lukić,50,3978,0,0,0,,,
2026-08-12T10:18:33.486080,2627,1,IPS,GK,300,p108813,Christian Walton,45,23869,0,0,0,,,
2026-08-12T10:18:33.486080,2627,1,IPS,GK,301,p112520,Alex Palmer,40,230741,0,0,0,,,
2026-08-12T10:18:33.486080,2627,1,IPS,GK,302,p50093,David Button,40,19891,0,0,0,,,
2026-08-12T10:18:33.486080,2627,1,IPS,DEF,303,p183015,Cédric Kipré,40,19891,0,0,0,,,
2026-08-12T10:18:33.486080,2627,1,IPS,DEF,304,p216616,Dara O'Shea,40,95479,0,0,0,,,
2026-08-12T10:18:33.486080,2627,1,IPS,DEF,305,p455084,Leif Davis,40,190958,0,0,0,,,
2026-08-12T10:18:33.486080,2627,1,IPS,DEF,306,p449429,Jacob Greaves,40,23869,0,0,0,,,
2026-08-12T10:18:33.486080,2627,1,IPS,DEF,307,p222018,Ben Johnson,40,3978,0,0,0,,,
2026-08-12T10:18:33.486080,2627,1,IPS,DEF,308,p176420,Darnell Furlong,40,19891,0,0,0,,,
2026-08-12T10:18:33.486080,2627,1,IPS,MID,309,p501390,Marcelino Núñez,50,7956,0,0,0,,,
2026-08-12T10:18:33.486080,2627,1,IPS,MID,310,p241117,Azor Matusiwa,50,0,0,0,0,Muscular injury - Unknown return date,0,
2026-08-12T10:18:33.486080,2627,1,IPS,MID,311,p149929,Wes Burns,50,0,0,0,0,Has joined Leicester City permanently,0,
2026-08-12T10:18:33.486080,2627,1,IPS,MID,312,p231899,Jack Taylor,45,7956,0,0,0,Knee injury - Unknown return date,0,
2026-08-12T10:18:33.486080,2627,1,IPS,MID,313,p443261,Jack Clarke,55,11934,0,0,0,,,
2026-08-12T10:18:33.486080,2627,1,IPS,MID,314,p229164,Chiedozie Ogbene,50,0,0,0,0,,,
2026-08-12T10:18:33.486080,2627,1,IPS,MID,315,p531442,Abdul Fatawu,55,11934,0,0,0,,,
2026-08-12T10:18:33.486080,2627,1,IPS,FWD,316,p543968,Emersonn Correia da Silva,55,11934,0,0,0,,,
2026-08-12T10:18:33.486080,2627,1,IPS,FWD,317,p222625,George Hirst,50,15913,0,0,0,,,
2026-08-12T10:18:33.486080,2627,1,IPS,MID,318,p481624,Jaden Philogene,55,7956,0,0,0,,,
2026-08-12T10:18:33.486080,2627,1,IPS,MID,319,p172453,Sam Szmodics,50,3978,0,0,0,,,
2026-08-12T10:18:33.486080,2627,1,IPS,FWD,320,p147675,Chuba Akpom,50,19891,0,0,0,,,
2026-08-12T10:18:33.486080,2627,1,IPS,FWD,321,p557012,Sindre Walle Egeli,45,83544,0,0,0,,,
2026-08-12T10:18:33.486080,2627,1,IPS,FWD,322,p462387,Ali Al-Hamadi,50,7956,0,0,0,,,
2026-08-12T10:18:33.486080,2627,1,IPS,MID,323,p461587,Kasey McAteer,45,59674,0,0,0,,,
2026-08-12T10:18:33.486080,2627,1,IPS,MID,324,p232457,Anis Mehmeti,50,3978,0,0,0,,,
2026-08-12T10:18:33.486080,2627,1,IPS,GK,554,p546600,Kayne van Oevelen,45,3978,0,0,0,,,
2026-08-12T10:18:33.486080,2627,1,IPS,MID,562,p442967,Daizen Maeda,55,15913,0,0,0,,,
2026-08-12T10:18:33.486080,2627,1,IPS,GK,564,p240514,Kjell Scherpen,45,15913,0,0,0,,,
2026-08-12T10:18:33.486080,2627,1,IPS,MID,571,p216055,Florentino Ibrain Morris Luís,50,0,0,0,0,,,
2026-08-12T10:18:33.486080,2627,1,LEE,MID,260,p153682,Harry Wilson,65,322242,0,0,0,,,
2026-08-12T10:18:33.486080,2627,1,LEE,GK,326,p201595,Lucas Estella Perri,45,27848,0,0,0,,,
2026-08-12T10:18:33.486080,2627,1,LEE,DEF,327,p434752,Jaka Bijol,50,11934,0,0,0,,,
2026-08-12T10:18:33.486080,2627,1,LEE,DEF,329,p214225,Joe Rodon,45,75587,0,0,0,,,
2026-08-12T10:18:33.486080,2627,1,LEE,DEF,330,p226182,Jayden Bogle,45,19891,0,0,0,,,
2026-08-12T10:18:33.486080,2627,1,LEE,DEF,331,p243526,Gabriel Gudmundsson,45,11934,0,0,0,Hamstring injury - Expected back 30 Aug,0,2
2026-08-12T10:18:33.486080,2627,1,LEE,DEF,332,p220627,James Justin,45,19891,0,0,0,,,
2026-08-12T10:18:33.486080,2627,1,LEE,DEF,333,p437738,Sebastiaan Bornauw,45,0,0,0,0,,,
2026-08-12T10:18:33.486080,2627,1,LEE,DEF,334,p522047,Tarik Muharemović,50,63652,0,0,0,,,
2026-08-12T10:18:33.486080,2627,1,LEE,MID,335,p466525,Anton Stach,60,47739,0,0,0,,,
2026-08-12T10:18:33.486080,2627,1,LEE,MID,336,p435997,Noah Okafor,60,27848,0,0,0,,,
2026-08-12T10:18:33.486080,2627,1,LEE,MID,337,p427637,Brenden Aaronson,55,31826,0,0,0,,,
2026-08-12T10:18:33.486080,2627,1,LEE,MID,338,p199598,Ethan Ampadu,55,63652,0,0,0,,,
2026-08-12T10:18:33.486080,2627,1,LEE,MID,339,p180135,Sean Longstaff,50,7956,0,0,0,,,
2026-08-12T10:18:33.486080,2627,1,LEE,MID,340,p462635,Joe Gelhardt,50,0,0,0,0,,,
2026-08-12T10:18:33.486080,2627,1,LEE,MID,341,p492859,Wilfried Gnonto,50,3978,0,0,0,,,
2026-08-12T10:18:33.486080,2627,1,LEE,MID,342,p221399,Jack Harrison,50,0,0,0,0,Has joined New England Revolution permanently,0,
2026-08-12T10:18:33.486080,2627,1,LEE,MID,343,p200617,Daniel James,50,3978,0,0,0,,,
2026-08-12T10:18:33.486080,2627,1,LEE,MID,344,p486520,Ilia Gruev,50,0,0,0,0,,,
2026-08-12T10:18:33.486080,2627,1,LEE,MID,345,p248056,Tanaka Ao,50,11934,0,0,0,,,
2026-08-12T10:18:33.486080,2627,1,LEE,FWD,346,p177815,Dominic Calvert-Lewin,60,994575,0,0,0,,,
2026-08-12T10:18:33.486080,2627,1,LEE,FWD,347,p174594,Lukas Nmecha,55,23869,0,0,0,,,
2026-08-12T10:18:33.486080,2627,1,LEE,FWD,348,p235826,Joël Piroe,50,19891,0,0,0,,,
2026-08-12T10:18:33.486080,2627,1,LEE,FWD,349,p565297,Mateo Joseph Fernández-Regatillo,45,7956,0,0,0,Knee injury - Unknown return date,0,
2026-08-12T10:18:33.486080,2627,1,LEE,GK,385,p432720,James Trafford,50,87522,0,0,0,,,
2026-08-12T10:18:33.486080,2627,1,LIV,GK,350,p116535,Alisson Becker,55,159132,0,0,0,,,
2026-08-12T10:18:33.486080,2627,1,LIV,GK,351,p449027,Giorgi Mamardashvili,50,7956,0,0,0,,,
2026-08-12T10:18:33.486080,2627,1,LIV,GK,352,p155503,Freddie Woodman,40,47739,0,0,0,,,
2026-08-12T10:18:33.486080,2627,1,LIV,GK,353,p586268,Armin Pecsi,40,3978,0,0,0,,,
2026-08-12T10:18:33.486080,2627,1,LIV,GK,354,p432987,Vitezslav Jaros,40,0,0,0,0,Knee injury - Unknown return date,0,
2026-08-12T10:18:33.486080,2627,1,LIV,GK,355,p464353,Harvey Davies,40,3978,0,0,0,,,
2026-08-12T10:18:33.486080,2627,1,LIV,DEF,356,p97032,Virgil van Dijk,65,664376,0,0,0,,,
2026-08-12T10:18:33.486080,2627,1,LIV,DEF,357,p216094,Jeremie Frimpong,55,119349,0,0,0,,,
2026-08-12T10:18:33.486080,2627,1,LIV,DEF,358,p544877,Milos Kerkez,55,202893,0,0,0,,,
2026-08-12T10:18:33.486080,2627,1,LIV,DEF,359,p171287,Joe Gomez,50,3978,0,0,0,Muscular injury - Unknown return date,0,
2026-08-12T10:18:33.486080,2627,1,LIV,DEF,360,p492777,Conor Bradley,50,0,0,0,0,Knee injury - Unknown return date,0,
2026-08-12T10:18:33.486080,2627,1,LIV,DEF,361,p519440,Wellity Lucky,40,3978,0,0,0,,,
2026-08-12T10:18:33.486080,2627,1,LIV,DEF,362,p606702,Jeremy Jacquet,50,51717,0,0,0,,100,
2026-08-12T10:18:33.486080,2627,1,LIV,DEF,363,p647681,Giovanni Leoni,40,3978,0,0,0,Knee injury - Unknown return date,0,
2026-08-12T10:18:33.486080,2627,1,LIV,DEF,364,p214285,Kostas Tsimikas,50,3978,0,0,0,,,
2026-08-12T10:18:33.486080,2627,1,LIV,DEF,365,p489580,Calvin Ramsay,40,7956,0,0,0,,,
2026-08-12T10:18:33.486080,2627,1,LIV,MID,366,p494595,Florian Wirtz,75,564918,0,0,0,,,
2026-08-12T10:18:33.486080,2627,1,LIV,MID,367,p243298,Cody Gakpo,70,135262,0,0,0,,,
2026-08-12T10:18:33.486080,2627,1,LIV,MID,368,p424876,Dominik Szoboszlai,70,1754431,0,0,0,,,
2026-08-12T10:18:33.486080,2627,1,LIV,MID,369,p611922,Rio Ngumoha,60,59674,0,0,0,,,
2026-08-12T10:18:33.486080,2627,1,LIV,MID,370,p223541,Federico Chiesa,55,7956,0,0,0,,,
2026-08-12T10:18:33.486080,2627,1,LIV,MID,371,p441266,Ryan Gravenberch,60,79566,0,0,0,,,
2026-08-12T10:18:33.486080,2627,1,LIV,MID,372,p243016,Alexis Mac Allister,55,75587,0,0,0,,,
2026-08-12T10:18:33.486080,2627,1,LIV,MID,373,p206915,Curtis Jones,55,7956,0,0,0,,,
2026-08-12T10:18:33.486080,2627,1,LIV,MID,374,p158983,Endo Wataru,50,0,0,0,0,,100,
2026-08-12T10:18:33.486080,2627,1,LIV,MID,375,p591386,Trey Nyoni,50,3978,0,0,0,,,
2026-08-12T10:18:33.486080,2627,1,LIV,MID,376,p535928,Stefan Bajčetić Maquieira,50,0,0,0,0,Hamstring injury - Expected back 23 Aug,0,1
2026-08-12T10:18:33.486080,2627,1,LIV,MID,377,p551499,Victor Munoz,65,31826,0,0,0,,,
2026-08-12T10:18:33.486080,2627,1,LIV,MID,378,p491501,James McConnell,45,7956,0,0,0,,,
2026-08-12T10:18:33.486080,2627,1,LIV,FWD,379,p219168,Alexander Isak,90,525135,0,0,0,,,
2026-08-12T10:18:33.486080,2627,1,LIV,FWD,380,p510663,Hugo Ekitiké,75,7956,0,0,0,Achilles injury - Unknown return date,0,
2026-08-12T10:18:33.486080,2627,1,LIV,MID,381,p514514,Lewis Koumas,50,0,0,0,0,,,
2026-08-12T10:18:33.486080,2627,1,LIV,FWD,382,p500058,Jayden Danns,45,0,0,0,0,Unspecified injury - Unknown return date,0,
2026-08-12T10:18:33.486080,2627,1,LIV,MID,383,p444884,Harvey Elliott,55,3978,0,0,0,,,
2026-08-12T10:18:33.486080,2627,1,MCI,MID,238,p114283,Jack Grealish,65,3978,0,0,0,Foot injury - 75% chance of playing,75,
2026-08-12T10:18:33.486080,2627,1,MCI,GK,384,p204936,Gianluigi Donnarumma,55,437613,0,0,0,,,
2026-08-12T10:18:33.486080,2627,1,MCI,GK,386,p122074,Marcus Bettinelli,45,0,0,0,0,,,
2026-08-12T10:18:33.486080,2627,1,MCI,DEF,387,p472769,Nico O'Reilly,65,887161,0,0,0,,,
2026-08-12T10:18:33.486080,2627,1,MCI,DEF,388,p209036,Marc Guéhi,60,915009,0,0,0,,,
2026-08-12T10:18:33.486080,2627,1,MCI,DEF,389,p465351,Matheus Nunes,60,186980,0,0,0,,,
2026-08-12T10:18:33.486080,2627,1,MCI,DEF,390,p171314,Rúben dos Santos Gato Alves Dias,55,63652,0,0,0,,,
2026-08-12T10:18:33.486080,2627,1,MCI,DEF,391,p477424,Joško Gvardiol,55,537070,0,0,0,,,
2026-08-12T10:18:33.486080,2627,1,MCI,DEF,392,p448514,Rayan Aït-Nouri,55,47739,0,0,0,,,
2026-08-12T10:18:33.486080,2627,1,MCI,DEF,393,p578153,Abdukodir Khusanov,55,79566,0,0,0,,,
2026-08-12T10:18:33.486080,2627,1,MCI,DEF,394,p494307,Max Alleyne,50,0,0,0,0,,,
2026-08-12T10:18:33.486080,2627,1,MCI,DEF,395,p477064,Rico Lewis,45,7956,0,0,0,,,
2026-08-12T10:18:33.486080,2627,1,MCI,DEF,396,p616222,Vitor de Oliveira Nunes dos Reis,45,0,0,0,0,,,
2026-08-12T10:18:33.486080,2627,1,MCI,MID,397,p437730,Antoine Semenyo,85,1042315,0,0,0,,,
2026-08-12T10:18:33.486080,2627,1,MCI,MID,398,p209244,Phil Foden,70,262567,0,0,0,,,
2026-08-12T10:18:33.486080,2627,1,MCI,MID,399,p466052,Rayan Cherki,75,358047,0,0,0,,,
2026-08-12T10:18:33.486080,2627,1,MCI,MID,400,p248875,Jérémy Doku,75,254611,0,0,0,,,
2026-08-12T10:18:33.486080,2627,1,MCI,FWD,401,p438234,Omar Marmoush,70,31826,0,0,0,,,
2026-08-12T10:18:33.486080,2627,1,MCI,MID,402,p220566,Rodrigo 'Rodri' Hernandez Cascante,65,3978,0,0,0,Back injury - Unknown return date,0,
2026-08-12T10:18:33.486080,2627,1,MCI,MID,403,p510281,Sávio Moreira de Oliveira,65,3978,0,0,0,,,
2026-08-12T10:18:33.486080,2627,1,MCI,MID,404,p433036,Tijjani Reijnders,60,15913,0,0,0,,,
2026-08-12T10:18:33.486080,2627,1,MCI,MID,405,p465694,Nico González Iglesias,55,3978,0,0,0,,,
2026-08-12T10:18:33.486080,2627,1,MCI,MID,406,p91651,Mateo Kovačić,55,0,0,0,0,,,
2026-08-12T10:18:33.486080,2627,1,MCI,MID,407,p575204,Claudio Echeverri,50,0,0,0,0,,,
2026-08-12T10:18:33.486080,2627,1,MCI,MID,408,p155405,Kalvin Phillips,50,0,0,0,0,,,
2026-08-12T10:18:33.486080,2627,1,MCI,MID,409,p590039,Divine Mukasa,45,3978,0,0,0,,,
2026-08-12T10:18:33.486080,2627,1,MCI,MID,410,p649208,Jeremy Monga,50,0,0,0,0,,,
2026-08-12T10:18:33.486080,2627,1,MCI,FWD,411,p223094,Erling Haaland,155,2932008,0,0,0,,,
2026-08-12T10:18:33.486080,2627,1,MCI,MID,481,p215379,Elliot Anderson,65,457504,0,0,0,,,
2026-08-12T10:18:33.486080,2627,1,MUN,MID,43,p166989,Youri Tielemans,60,55696,0,0,0,,100,
2026-08-12T10:18:33.486080,2627,1,MUN,MID,162,p532605,Andrey Nascimento dos Santos,50,55696,0,0,0,,,
2026-08-12T10:18:33.486080,2627,1,MUN,GK,325,p59735,Karl Darlow,45,0,0,0,0,Unspecified injury - 75% chance of playing,75,
2026-08-12T10:18:33.486080,2627,1,MUN,GK,412,p465247,Senne Lammens,50,787703,0,0,0,,,
2026-08-12T10:18:33.486080,2627,1,MUN,GK,413,p451302,Altay Bayındır,45,3978,0,0,0,Has joined Celta Vigo on loan for the rest of the season,0,
2026-08-12T10:18:33.486080,2627,1,MUN,GK,414,p21205,Tom Heaton,40,11934,0,0,0,,,
2026-08-12T10:18:33.486080,2627,1,MUN,MID,415,p596777,Patrick Dorgu,60,63652,0,0,0,,,
2026-08-12T10:18:33.486080,2627,1,MUN,DEF,416,p209365,Matthijs de Ligt,50,0,0,0,0,Back injury - Unknown return date,0,
2026-08-12T10:18:33.486080,2627,1,MUN,DEF,417,p216051,Diogo Dalot Teixeira,50,123327,0,0,0,,,
2026-08-12T10:18:33.486080,2627,1,MUN,DEF,418,p95658,Harry Maguire,50,377938,0,0,0,,,
2026-08-12T10:18:33.486080,2627,1,MUN,DEF,419,p221820,Lisandro Martínez,50,19891,0,0,0,Thigh injury - 75% chance of playing,75,
2026-08-12T10:18:33.486080,2627,1,MUN,DEF,420,p550864,Leny Yoro,50,31826,0,0,0,,,
2026-08-12T10:18:33.486080,2627,1,MUN,DEF,421,p606745,Ayden Heaven,45,11934,0,0,0,,,
2026-08-12T10:18:33.486080,2627,1,MUN,DEF,422,p230001,Noussair Mazraoui,45,31826,0,0,0,,,
2026-08-12T10:18:33.486080,2627,1,MUN,DEF,423,p106760,Luke Shaw,45,966727,0,0,0,,,
2026-08-12T10:18:33.486080,2627,1,MUN,DEF,424,p577974,Harry Amass,40,7956,0,0,0,,,
2026-08-12T10:18:33.486080,2627,1,MUN,DEF,425,p547676,Tyler Fredricson,40,3978,0,0,0,,,
2026-08-12T10:18:33.486080,2627,1,MUN,MID,426,p141746,Bruno Borges Fernandes,120,1921519,0,0,0,,,
2026-08-12T10:18:33.486080,2627,1,MUN,MID,427,p446008,Bryan Mbeumo,80,946835,0,0,0,,,
2026-08-12T10:18:33.486080,2627,1,MUN,MID,428,p430871,Matheus Santos Carneiro da Cunha,80,505244,0,0,0,,,
2026-08-12T10:18:33.486080,2627,1,MUN,MID,429,p176297,Marcus Rashford,70,59674,0,0,0,,,
2026-08-12T10:18:33.486080,2627,1,MUN,MID,430,p184341,Mason Mount,55,3978,0,0,0,,,
2026-08-12T10:18:33.486080,2627,1,MUN,MID,431,p493250,Amad Diallo,60,67631,0,0,0,,,
2026-08-12T10:18:33.486080,2627,1,MUN,MID,432,p516895,Kobbie Mainoo,55,51717,0,0,0,,,
2026-08-12T10:18:33.486080,2627,1,MUN,MID,433,p232112,Manuel Ugarte Ribeiro,50,0,0,0,0,Knee injury - Unknown return date,0,
2026-08-12T10:18:33.486080,2627,1,MUN,MID,434,p547037,Jack Fletcher,50,0,0,0,0,,,
2026-08-12T10:18:33.486080,2627,1,MUN,MID,435,p576628,Shea Lacey,50,3978,0,0,0,,,
2026-08-12T10:18:33.486080,2627,1,MUN,MID,436,p490881,Toby Collyer,50,0,0,0,0,,,
2026-08-12T10:18:33.486080,2627,1,MUN,MID,437,p576620,Bendito Mantato,45,7956,0,0,0,,,
2026-08-12T10:18:33.486080,2627,1,MUN,MID,438,p519913,Tyler Fletcher,45,11934,0,0,0,,,
2026-08-12T10:18:33.486080,2627,1,MUN,FWD,439,p485711,Benjamin Sesko,70,91500,0,0,0,Shin injury - 75% chance of playing,75,
2026-08-12T10:18:33.486080,2627,1,MUN,FWD,440,p458249,Joshua Zirkzee,55,23869,0,0,0,,,
2026-08-12T10:18:33.486080,2627,1,MUN,FWD,441,p596047,Chido Obi,45,47739,0,0,0,,,
2026-08-12T10:18:33.486080,2627,1,NEW,GK,442,p98747,Nick Pope,50,47739,0,0,0,,,
2026-08-12T10:18:33.486080,2627,1,NEW,GK,443,p81441,Mark Gillespie,45,0,0,0,0,,,
2026-08-12T10:18:33.486080,2627,1,NEW,GK,444,p554578,Ewen Jaouen,45,3978,0,0,0,,,
2026-08-12T10:18:33.486080,2627,1,NEW,DEF,445,p465642,Malick Thiaw,50,79566,0,0,0,,,
2026-08-12T10:18:33.486080,2627,1,NEW,DEF,446,p119471,Fabian Schär,50,7956,0,0,0,,100,
2026-08-12T10:18:33.486080,2627,1,NEW,DEF,447,p220237,Sven Botman,50,15913,0,0,0,,,
2026-08-12T10:18:33.486080,2627,1,NEW,DEF,448,p78916,Dan Burn,50,103435,0,0,0,,,
2026-08-12T10:18:33.486080,2627,1,NEW,DEF,449,p487838,Lewis Hall,50,159132,0,0,0,,,
2026-08-12T10:18:33.486080,2627,1,NEW,DEF,450,p441191,Tino Livramento,50,3978,0,0,0,Calf injury - 75% chance of playing,75,
2026-08-12T10:18:33.486080,2627,1,NEW,DEF,451,p545477,Alex Murphy,40,31826,0,0,0,,,
2026-08-12T10:18:33.486080,2627,1,NEW,MID,453,p201666,Harvey Barnes,60,47739,0,0,0,,,
2026-08-12T10:18:33.486080,2627,1,NEW,MID,454,p449434,Anthony Elanga,60,27848,0,0,0,,,
2026-08-12T10:18:33.486080,2627,1,NEW,MID,456,p232653,Jacob Ramsey,50,15913,0,0,0,,,
2026-08-12T10:18:33.486080,2627,1,NEW,MID,457,p114243,Jacob Murphy,60,7956,0,0,0,,,
2026-08-12T10:18:33.486080,2627,1,NEW,MID,458,p180974,Joelinton Cássio Apolinário de Lira,55,3978,0,0,0,,100,
2026-08-12T10:18:33.486080,2627,1,NEW,MID,459,p547719,Lewis Miley,55,0,0,0,0,Leg injury - Expected back 30 Aug,0,3
2026-08-12T10:18:33.486080,2627,1,NEW,MID,460,p200089,Joe Willock,50,3978,0,0,0,,,
2026-08-12T10:18:33.486080,2627,1,NEW,MID,461,p611665,Bazoumana Touré,60,11934,0,0,0,,,
2026-08-12T10:18:33.486080,2627,1,NEW,MID,462,p636852,Sean Steur,50,3978,0,0,0,,,
2026-08-12T10:18:33.486080,2627,1,NEW,FWD,463,p470313,Nick Woltemade,60,67631,0,0,0,,,
2026-08-12T10:18:33.486080,2627,1,NEW,FWD,464,p216646,Yoane Wissa,60,67631,0,0,0,,,
2026-08-12T10:18:33.486080,2627,1,NEW,FWD,465,p538207,William Osula,60,51717,0,0,0,,,
2026-08-12T10:18:33.486080,2627,1,NEW,FWD,466,p599303,Sean Neave,45,27848,0,0,0,,,
2026-08-12T10:18:33.486080,2627,1,NEW,MID,559,p632794,Aladji Bamba,50,3978,0,0,0,,,
2026-08-12T10:18:33.486080,2627,1,NEW,GK,567,p470551,Lukás Hornícek,50,15913,0,0,0,,,
2026-08-12T10:18:33.486080,2627,1,NFO,GK,467,p85633,Matz Sels,50,59674,0,0,0,,,
2026-08-12T10:18:33.486080,2627,1,NFO,GK,468,p221389,John Victor Maciel Furtado,45,3978,0,0,0,,,
2026-08-12T10:18:33.486080,2627,1,NFO,DEF,469,p215136,Neco Williams,50,481374,0,0,0,,,
2026-08-12T10:18:33.486080,2627,1,NFO,DEF,470,p485047,Felipe Rodrigues da Silva,50,3978,0,0,0,,,
2026-08-12T10:18:33.486080,2627,1,NFO,DEF,471,p227444,Nikola Milenković,55,91500,0,0,0,,,
2026-08-12T10:18:33.486080,2627,1,NFO,DEF,472,p575476,Murillo Costa dos Santos,55,23869,0,0,0,,100,
2026-08-12T10:18:33.486080,2627,1,NFO,DEF,473,p159506,Ola Aina,45,171066,0,0,0,,,
2026-08-12T10:18:33.486080,2627,1,NFO,DEF,474,p575458,Jair Paula da Cunha Filho,45,15913,0,0,0,,,
2026-08-12T10:18:33.486080,2627,1,NFO,DEF,475,p500151,Nicolò Savona,45,0,0,0,0,Knee injury - Unknown return date,0,
2026-08-12T10:18:33.486080,2627,1,NFO,DEF,476,p204822,Omar Richards,40,7956,0,0,0,,,
2026-08-12T10:18:33.486080,2627,1,NFO,DEF,477,p549067,Zach Abbott,40,7956,0,0,0,,,
2026-08-12T10:18:33.486080,2627,1,NFO,DEF,478,p470315,Luca Netz,45,0,0,0,0,,,
2026-08-12T10:18:33.486080,2627,1,NFO,DEF,479,p538638,Tyler Bindon,40,7956,0,0,0,,,
2026-08-12T10:18:33.486080,2627,1,NFO,MID,480,p222531,Morgan Gibbs-White,80,461483,0,0,0,,,
2026-08-12T10:18:33.486080,2627,1,NFO,MID,482,p209046,Callum Hudson-Odoi,60,3978,0,0,0,,100,
2026-08-12T10:18:33.486080,2627,1,NFO,MID,483,p456512,Dan Ndoye,55,19891,0,0,0,,,
2026-08-12T10:18:33.486080,2627,1,NFO,MID,484,p503301,Omari Hutchinson,55,7956,0,0,0,,,
2026-08-12T10:18:33.486080,2627,1,NFO,MID,485,p476887,Dilane Bakwa,55,0,0,0,0,,,
2026-08-12T10:18:33.486080,2627,1,NFO,MID,486,p432714,James McAtee,55,0,0,0,0,,,
2026-08-12T10:18:33.486080,2627,1,NFO,MID,487,p250199,Nicolás Domínguez,50,3978,0,0,0,,,
2026-08-12T10:18:33.486080,2627,1,NFO,MID,488,p210462,Ibrahim Sangaré,50,23869,0,0,0,,,
2026-08-12T10:18:33.486080,2627,1,NFO,MID,489,p204968,Ryan Yates,45,278481,0,0,0,,,
2026-08-12T10:18:33.486080,2627,1,NFO,FWD,490,p60689,Chris Wood,60,71609,0,0,0,,,
2026-08-12T10:18:33.486080,2627,1,NFO,FWD,491,p482973,Igor Jesus Maciel da Cruz,60,206871,0,0,0,,,
2026-08-12T10:18:33.486080,2627,1,NFO,FWD,492,p210156,Taiwo Awoniyi,55,15913,0,0,0,,,
2026-08-12T10:18:33.486080,2627,1,NFO,FWD,493,p465680,Arnaud Kalimuendo,55,3978,0,0,0,,,
2026-08-12T10:18:33.486080,2627,1,NFO,MID,558,p204561,Xaver Schlager,50,3978,0,0,0,,,
2026-08-12T10:18:33.486080,2627,1,TOT,DEF,112,p469142,Jan Paul van Hecke,50,334177,0,0,0,,,
2026-08-12T10:18:33.486080,2627,1,TOT,MID,455,p432422,Sandro Tonali,55,167088,0,0,0,,,
2026-08-12T10:18:33.486080,2627,1,TOT,GK,494,p184254,Guglielmo Vicario,45,55696,0,0,0,,,
2026-08-12T10:18:33.486080,2627,1,TOT,GK,495,p214572,Brandon Austin,40,23869,0,0,0,,,
2026-08-12T10:18:33.486080,2627,1,TOT,GK,496,p485055,Antonín Kinský,45,775768,0,0,0,,,
2026-08-12T10:18:33.486080,2627,1,TOT,GK,497,p67089,Martin Dubravka,40,903074,0,0,0,,,
2026-08-12T10:18:33.486080,2627,1,TOT,DEF,498,p221466,Marcos Senesi Barón,60,413743,0,0,0,,,
2026-08-12T10:18:33.486080,2627,1,TOT,DEF,499,p441164,Pedro Porro Sauceda,55,926944,0,0,0,,,
2026-08-12T10:18:33.486080,2627,1,TOT,DEF,500,p221632,Cristian Romero,50,43761,0,0,0,,,
2026-08-12T10:18:33.486080,2627,1,TOT,DEF,501,p135720,Kevin Danso,50,7956,0,0,0,,,
2026-08-12T10:18:33.486080,2627,1,TOT,DEF,502,p122798,Andrew Robertson,45,75587,0,0,0,,,
2026-08-12T10:18:33.486080,2627,1,TOT,DEF,503,p491279,Micky van de Ven,50,282459,0,0,0,,,
2026-08-12T10:18:33.486080,2627,1,TOT,DEF,505,p232859,Djed Spence,45,334177,0,0,0,,,
2026-08-12T10:18:33.486080,2627,1,TOT,DEF,506,p487053,Destiny Udogie,45,15913,0,0,0,,,
2026-08-12T10:18:33.486080,2627,1,TOT,DEF,507,p548308,Ashley Phillips,45,3978,0,0,0,,,
2026-08-12T10:18:33.486080,2627,1,TOT,DEF,508,p115556,Ben Davies,40,31826,0,0,0,,,
2026-08-12T10:18:33.486080,2627,1,TOT,DEF,509,p640419,Jun'ai Byfield,40,3978,0,0,0,,,
2026-08-12T10:18:33.486080,2627,1,TOT,DEF,510,p499716,James Rowswell,40,3978,0,0,0,,,
2026-08-12T10:18:33.486080,2627,1,TOT,DEF,511,p616221,João Victor de Souza Menezes,40,11934,0,0,0,,,
2026-08-12T10:18:33.486080,2627,1,TOT,MID,512,p460842,Mohammed Kudus,65,7956,0,0,0,Thigh injury - 75% chance of playing,75,
2026-08-12T10:18:33.486080,2627,1,TOT,MID,513,p493362,Xavi Simons,60,0,0,0,0,Knee injury - Unknown return date,0,
2026-08-12T10:18:33.486080,2627,1,TOT,MID,514,p511499,Mathys Tel,60,15913,0,0,0,,,
2026-08-12T10:18:33.486080,2627,1,TOT,MID,515,p172780,James Maddison,65,71609,0,0,0,,,
2026-08-12T10:18:33.486080,2627,1,TOT,MID,516,p202993,Rodrigo Bentancur,55,7956,0,0,0,,,
2026-08-12T10:18:33.486080,2627,1,TOT,MID,517,p550839,Wilson Odobert,55,0,0,0,0,Knee injury - Unknown return date,0,
2026-08-12T10:18:33.486080,2627,1,TOT,MID,518,p482442,Pape Matar Sarr,50,15913,0,0,0,,,
2026-08-12T10:18:33.486080,2627,1,TOT,MID,519,p232787,Conor Gallagher,55,11934,0,0,0,,,
2026-08-12T10:18:33.486080,2627,1,TOT,MID,520,p570526,Lucas Bergvall,55,7956,0,0,0,,,
2026-08-12T10:18:33.486080,2627,1,TOT,MID,521,p445044,Dejan Kulusevski,65,0,0,0,0,Knee injury - Unknown return date,0,
2026-08-12T10:18:33.486080,2627,1,TOT,MID,522,p547701,Archie Gray,50,7956,0,0,0,,,
2026-08-12T10:18:33.486080,2627,1,TOT,MID,523,p499721,Mikey Moore,50,3978,0,0,0,,,
2026-08-12T10:18:33.486080,2627,1,TOT,MID,524,p499726,Callum Olusesi,45,35804,0,0,0,,,
2026-08-12T10:18:33.486080,2627,1,TOT,MID,525,p551226,Mateus Fernandes,60,119349,0,0,0,,,
2026-08-12T10:18:33.486080,2627,1,TOT,FWD,526,p154566,Dominic Solanke-Mitchell,60,91500,0,0,0,,,
2026-08-12T10:18:33.486080,2627,1,TOT,FWD,527,p212319,Richarlison de Andrade,60,79566,0,0,0,,,
2026-08-12T10:18:33.486080,2627,1,TOT,FWD,528,p490145,Dane Scarlett,45,67631,0,0,0,,,
2026-08-12T10:18:33.486080,2627,1,SUN,GK,529,p498016,Robin Roefs,50,194936,0,0,0,,,
2026-08-12T10:18:33.486080,2627,1,SUN,GK,530,p232571,Anthony Patterson,40,39783,0,0,0,,,
2026-08-12T10:18:33.486080,2627,1,SUN,GK,531,p515046,Melker Ellborg,45,3978,0,0,0,,,
2026-08-12T10:18:33.486080,2627,1,SUN,DEF,532,p223827,Daniel Ballard,50,167088,0,0,0,,,
2026-08-12T10:18:33.486080,2627,1,SUN,DEF,533,p200834,Nordi Mukiele,55,218806,0,0,0,Knock - 75% chance of playing,75,
2026-08-12T10:18:33.486080,2627,1,SUN,DEF,534,p487676,Trai Hume,45,179023,0,0,0,,,
2026-08-12T10:18:33.486080,2627,1,SUN,DEF,535,p201895,Omar Alderete,50,31826,0,0,0,Knock - 75% chance of playing,75,
2026-08-12T10:18:33.486080,2627,1,SUN,DEF,536,p434399,Reinildo Mandava,45,19891,0,0,0,,,
2026-08-12T10:18:33.486080,2627,1,SUN,DEF,537,p519634,Jenson Seelt,45,0,0,0,0,,,
2026-08-12T10:18:33.486080,2627,1,SUN,DEF,538,p477547,Leo Fuhr Hjelde,40,11934,0,0,0,,,
2026-08-12T10:18:33.486080,2627,1,SUN,DEF,539,p167512,Luke O'Nien,40,99457,0,0,0,,,
2026-08-12T10:18:33.486080,2627,1,SUN,DEF,540,p105717,Arthur Masuaku,40,59674,0,0,0,,,
2026-08-12T10:18:33.486080,2627,1,SUN,DEF,541,p93605,Thomas Meunier,45,19891,0,0,0,,,
2026-08-12T10:18:33.486080,2627,1,SUN,MID,542,p484420,Enzo Le Fée,60,509222,0,0,0,,,
2026-08-12T10:18:33.486080,2627,1,SUN,MID,543,p547027,Habib Diarra,55,3978,0,0,0,,,
2026-08-12T10:18:33.486080,2627,1,SUN,MID,544,p84450,Granit Xhaka,55,210850,0,0,0,,,
2026-08-12T10:18:33.486080,2627,1,SUN,MID,545,p577669,Noah Sadiki,50,15913,0,0,0,,,
2026-08-12T10:18:33.486080,2627,1,SUN,MID,546,p535818,Simon Adingra,50,11934,0,0,0,,,
2026-08-12T10:18:33.486080,2627,1,SUN,MID,547,p461199,Romaine Mundle,50,0,0,0,0,,,
2026-08-12T10:18:33.486080,2627,1,SUN,MID,548,p554197,Chris Rigg,50,3978,0,0,0,,,
2026-08-12T10:18:33.486080,2627,1,SUN,MID,549,p549912,Chemsdine Talbi,55,7956,0,0,0,,,
2026-08-12T10:18:33.486080,2627,1,SUN,MID,550,p699989,Djiamgone Jocelin Ta Bi,50,0,0,0,0,,,
2026-08-12T10:18:33.486080,2627,1,SUN,MID,551,p536661,Nilson Angulo,50,3978,0,0,0,,,
2026-08-12T10:18:33.486080,2627,1,SUN,FWD,552,p441264,Brian Brobbey,60,688246,0,0,0,,,
2026-08-12T10:18:33.486080,2627,1,SUN,FWD,553,p437505,Wilson Isidor,55,47739,0,0,0,,,
2026-08-13T10:20:26.664147,2627,1,ARS,GK,1,p154561,David Raya Martín,60,1288688,0,0,0,,,
2026-08-13T10:20:26.664147,2627,1,ARS,GK,2,p109745,Kepa Arrizabalaga Revuelta,50,4157,0,0,0,,,
2026-08-13T10:20:26.664147,2627,1,ARS,GK,3,p437495,Illan Meslier,50,4157,0,0,0,,,
2026-08-13T10:20:26.664147,2627,1,ARS,DEF,4,p226597,Gabriel dos Santos Magalhães,80,1118249,0,0,0,,,
2026-08-13T10:20:26.664147,2627,1,ARS,DEF,5,p445122,Jurriën Timber,65,16628,0,0,0,Groin injury - Unknown return date,0,
2026-08-13T10:20:26.664147,2627,1,ARS,DEF,6,p462424,William Saliba,60,20785,0,0,0,Back injury - Unknown return date,0,
2026-08-13T10:20:26.664147,2627,1,ARS,MID,7,p499169,Myles Lewis-Skelly,55,12471,0,0,0,,,
2026-08-13T10:20:26.664147,2627,1,ARS,DEF,8,p466075,Riccardo Calafiori,55,731642,0,0,0,,,
2026-08-13T10:20:26.664147,2627,1,ARS,DEF,9,p448104,Piero Hincapié,55,162125,0,0,0,,,
2026-08-13T10:20:26.664147,2627,1,ARS,DEF,10,p198869,Benjamin White,55,37413,0,0,0,,100,
2026-08-13T10:20:26.664147,2627,1,ARS,DEF,11,p500040,Cristhian Mosquera,55,594459,0,0,0,,,
2026-08-13T10:20:26.664147,2627,1,ARS,MID,12,p223340,Bukayo Saka,95,440648,0,0,0,,,
2026-08-13T10:20:26.664147,2627,1,ARS,MID,13,p204480,Declan Rice,75,906239,0,0,0,,,
2026-08-13T10:20:26.664147,2627,1,ARS,MID,14,p232413,Eberechi Eze,65,128868,0,0,0,,,
2026-08-13T10:20:26.664147,2627,1,ARS,MID,15,p184029,Martin Ødegaard,65,120554,0,0,0,,,
2026-08-13T10:20:26.664147,2627,1,ARS,MID,16,p248857,Noni Madueke,65,12471,0,0,0,,,
2026-08-13T10:20:26.664147,2627,1,ARS,MID,17,p195384,Mikel Merino Zazón,60,45727,0,0,0,,,
2026-08-13T10:20:26.664147,2627,1,ARS,MID,18,p444145,Gabriel Martinelli Silva,65,12471,0,0,0,,,
2026-08-13T10:20:26.664147,2627,1,ARS,MID,19,p481655,Martín Zubimendi Ibáñez,55,62355,0,0,0,,,
2026-08-13T10:20:26.664147,2627,1,ARS,MID,20,p616077,Max Dowman,55,8314,0,0,0,,,
2026-08-13T10:20:26.664147,2627,1,ARS,MID,22,p499175,Ethan Nwaneri,55,0,0,0,0,,,
2026-08-13T10:20:26.664147,2627,1,ARS,MID,23,p438098,Fábio Ferreira Vieira,55,0,0,0,0,,,
2026-08-13T10:20:26.664147,2627,1,ARS,MID,24,p200641,Reiss Nelson,55,0,0,0,0,,,
2026-08-13T10:20:26.664147,2627,1,ARS,FWD,25,p224117,Viktor Gyökeres,75,544574,0,0,0,,,
2026-08-13T10:20:26.664147,2627,1,ARS,FWD,26,p219847,Kai Havertz,75,145497,0,0,0,,,
2026-08-13T10:20:26.664147,2627,1,ARS,FWD,27,p205651,Gabriel Fernando de Jesus,60,16628,0,0,0,,,
2026-08-13T10:20:26.664147,2627,1,ARS,MID,452,p208706,Bruno Guimarães Rodriguez Moura,70,428177,0,0,0,,,
2026-08-13T10:20:26.664147,2627,1,ARS,MID,557,p439509,Christos Tzolis,65,157968,0,0,0,,,
2026-08-13T10:20:26.664147,2627,1,AVL,GK,28,p98980,Emiliano Martínez Romero,50,203695,0,0,0,,,
2026-08-13T10:20:26.664147,2627,1,AVL,GK,29,p72147,Marco Bizot,45,4157,0,0,0,,,
2026-08-13T10:20:26.664147,2627,1,AVL,DEF,30,p101188,Lucas Digne,45,37413,0,0,0,Has joined Paris Saint-Germain permanently,0,
2026-08-13T10:20:26.664147,2627,1,AVL,DEF,31,p199798,Ezri Konsa Ngoyo,45,669286,0,0,0,,,
2026-08-13T10:20:26.664147,2627,1,AVL,DEF,32,p199796,Matty Cash,45,336721,0,0,0,,,
2026-08-13T10:20:26.664147,2627,1,AVL,DEF,33,p149484,Tyrone Mings,45,12471,0,0,0,,,
2026-08-13T10:20:26.664147,2627,1,AVL,DEF,34,p244954,Pau Torres,45,12471,0,0,0,,,
2026-08-13T10:20:26.664147,2627,1,AVL,MID,35,p515597,Lamare Bogarde,50,4157,0,0,0,,,
2026-08-13T10:20:26.664147,2627,1,AVL,DEF,36,p441302,Ian Maatsen,45,29099,0,0,0,,,
2026-08-13T10:20:26.664147,2627,1,AVL,DEF,37,p184667,Victor Lindelöf,45,8314,0,0,0,,,
2026-08-13T10:20:26.664147,2627,1,AVL,DEF,38,p606798,Andrés García,40,66512,0,0,0,,,
2026-08-13T10:20:26.664147,2627,1,AVL,DEF,39,p578545,Kosta Nedeljkovic,40,29099,0,0,0,,,
2026-08-13T10:20:26.664147,2627,1,AVL,MID,41,p195546,Emiliano Buendía Stati,60,45727,0,0,0,,,
2026-08-13T10:20:26.664147,2627,1,AVL,MID,42,p485337,Evann Guessand,55,0,0,0,0,,,
2026-08-13T10:20:26.664147,2627,1,AVL,MID,44,p215711,Leon Bailey,55,4157,0,0,0,,,
2026-08-13T10:20:26.664147,2627,1,AVL,MID,45,p122806,John McGinn,55,116397,0,0,0,,,
2026-08-13T10:20:26.664147,2627,1,AVL,MID,46,p88894,Ross Barkley,50,8314,0,0,0,,,
2026-08-13T10:20:26.664147,2627,1,AVL,MID,47,p226944,Boubacar Kamara,50,8314,0,0,0,,100,
2026-08-13T10:20:26.664147,2627,1,AVL,MID,48,p449871,Amadou Onana,50,0,0,0,0,Knee injury - Unknown return date,0,
2026-08-13T10:20:26.664147,2627,1,AVL,MID,49,p469247,Samuel Iling-Junior,50,0,0,0,0,,,
2026-08-13T10:20:26.664147,2627,1,AVL,MID,50,p645618,Bradley Burrowes,45,33256,0,0,0,,,
2026-08-13T10:20:26.664147,2627,1,AVL,MID,51,p577285,George Hemmings,45,12471,0,0,0,,,
2026-08-13T10:20:26.664147,2627,1,AVL,MID,52,p653481,Alysson Edward Franco da Rocha dos Santos,50,0,0,0,0,,,
2026-08-13T10:20:26.664147,2627,1,AVL,MID,53,p614071,Johan Manzambi,60,78984,0,0,0,,,
2026-08-13T10:20:26.664147,2627,1,AVL,MID,54,p448089,Joao Gomes,55,12471,0,0,0,,,
2026-08-13T10:20:26.664147,2627,1,AVL,FWD,55,p178301,Ollie Watkins,80,527946,0,0,0,,,
2026-08-13T10:20:26.664147,2627,1,AVL,FWD,56,p173879,Tammy Abraham,55,8314,0,0,0,,100,
2026-08-13T10:20:26.664147,2627,1,AVL,MID,160,p493105,Alejandro Garnacho Ferreyra,60,37413,0,0,0,,,
2026-08-13T10:20:26.664147,2627,1,BOU,GK,57,p457569,Đorđe Petrović,45,153811,0,0,0,,,
2026-08-13T10:20:26.664147,2627,1,BOU,GK,58,p40383,Fraser Forster,40,128868,0,0,0,,,
2026-08-13T10:20:26.664147,2627,1,BOU,GK,59,p444172,Will Dennis,40,8314,0,0,0,,,
2026-08-13T10:20:26.664147,2627,1,BOU,DEF,60,p463981,James Hill,55,49884,0,0,0,,,
2026-08-13T10:20:26.664147,2627,1,BOU,DEF,61,p494521,Adrien Truffert,55,203695,0,0,0,,,
2026-08-13T10:20:26.664147,2627,1,BOU,DEF,62,p242882,Bafodé Diakité,50,8314,0,0,0,,,
2026-08-13T10:20:26.664147,2627,1,BOU,DEF,63,p620487,Veljko Milosavljevic,50,0,0,0,0,Unspecified injury - Unknown return date,0,
2026-08-13T10:20:26.664147,2627,1,BOU,DEF,64,p54469,Adam Smith,45,4157,0,0,0,,,
2026-08-13T10:20:26.664147,2627,1,BOU,DEF,65,p436893,Julián Araujo Zúñiga,45,4157,0,0,0,Thigh injury - Unknown return date,0,
2026-08-13T10:20:26.664147,2627,1,BOU,DEF,66,p575901,Julio Soler Barreto,40,24942,0,0,0,,,
2026-08-13T10:20:26.664147,2627,1,BOU,MID,67,p499604,Rayan Vitor Simplício Rocha,65,137183,0,0,0,,,
2026-08-13T10:20:26.664147,2627,1,BOU,MID,68,p201658,Marcus Tavernier,60,74827,0,0,0,,,
2026-08-13T10:20:26.664147,2627,1,BOU,MID,69,p503139,Alex Scott,60,66512,0,0,0,,,
2026-08-13T10:20:26.664147,2627,1,BOU,MID,70,p222683,Justin Kluivert,60,45727,0,0,0,,,
2026-08-13T10:20:26.664147,2627,1,BOU,MID,71,p155408,Lewis Cook,50,4157,0,0,0,,,
2026-08-13T10:20:26.664147,2627,1,BOU,MID,72,p496208,Ben Gannon-Doak,50,4157,0,0,0,,,
2026-08-13T10:20:26.664147,2627,1,BOU,MID,73,p200785,Tyler Adams,50,29099,0,0,0,,,
2026-08-13T10:20:26.664147,2627,1,BOU,MID,74,p111317,David Brooks,50,8314,0,0,0,,,
2026-08-13T10:20:26.664147,2627,1,BOU,MID,75,p158499,Ryan Christie,50,0,0,0,0,Suspended until 29 Aug,0,2
2026-08-13T10:20:26.664147,2627,1,BOU,MID,76,p614574,Alex Tóth,50,0,0,0,0,,,
2026-08-13T10:20:26.664147,2627,1,BOU,MID,77,p489888,Amine Adli,50,8314,0,0,0,,,
2026-08-13T10:20:26.664147,2627,1,BOU,MID,78,p560262,Junior Kroupi,75,124711,0,0,0,Foot injury - Unknown return date,0,
2026-08-13T10:20:26.664147,2627,1,BOU,FWD,79,p444102,Francisco Evanilson de Lima Barbosa,60,87298,0,0,0,,,
2026-08-13T10:20:26.664147,2627,1,BOU,FWD,80,p168636,Enes Ünal,55,8314,0,0,0,,,
2026-08-13T10:20:26.664147,2627,1,BOU,FWD,81,p561245,Álvaro Rodríguez,60,12471,0,0,0,,,
2026-08-13T10:20:26.664147,2627,1,BOU,DEF,566,p483067,António João Pereira de Albuquerque Tavares da Silva,50,8314,0,0,0,,,
2026-08-13T10:20:26.664147,2627,1,BOU,DEF,573,p494928,Juanlu Sánchez,45,4157,0,0,0,,,
2026-08-13T10:20:26.664147,2627,1,BRE,GK,82,p200720,Caoimhín Kelleher,50,236952,0,0,0,,,
2026-08-13T10:20:26.664147,2627,1,BRE,GK,83,p507433,Hákon Rafn Valdimarsson,45,4157,0,0,0,,,
2026-08-13T10:20:26.664147,2627,1,BRE,DEF,84,p432830,Nathan Collins,55,87298,0,0,0,,,
2026-08-13T10:20:26.664147,2627,1,BRE,DEF,85,p444765,Sepp van den Berg,50,29099,0,0,0,,,
2026-08-13T10:20:26.664147,2627,1,BRE,MID,86,p249231,Keane Lewis-Potter,55,20785,0,0,0,,,
2026-08-13T10:20:26.664147,2627,1,BRE,DEF,87,p191866,Kristoffer Ajer,45,74827,0,0,0,,,
2026-08-13T10:20:26.664147,2627,1,BRE,DEF,88,p607464,Michael Kayode,45,153811,0,0,0,,,
2026-08-13T10:20:26.664147,2627,1,BRE,DEF,89,p194010,Rico Henry,45,8314,0,0,0,,,
2026-08-13T10:20:26.664147,2627,1,BRE,DEF,90,p472713,Aaron Hickey,45,4157,0,0,0,,,
2026-08-13T10:20:26.664147,2627,1,BRE,DEF,91,p231065,Ethan Pinnock,45,4157,0,0,0,,,
2026-08-13T10:20:26.664147,2627,1,BRE,DEF,92,p570241,Kim Ji-soo,45,0,0,0,0,,,
2026-08-13T10:20:26.664147,2627,1,BRE,DEF,93,p513086,Jannik Schuster,45,4157,0,0,0,,,
2026-08-13T10:20:26.664147,2627,1,BRE,MID,94,p513418,Kevin Schade,60,78984,0,0,0,,,
2026-08-13T10:20:26.664147,2627,1,BRE,MID,95,p533463,Dango Ouattara,65,58198,0,0,0,,,
2026-08-13T10:20:26.664147,2627,1,BRE,MID,96,p440089,Mikkel Damsgaard,55,29099,0,0,0,,,
2026-08-13T10:20:26.664147,2627,1,BRE,MID,97,p207283,Mathias Jensen,55,8314,0,0,0,,,
2026-08-13T10:20:26.664147,2627,1,BRE,MID,98,p204580,Vitaly Janelt,50,4157,0,0,0,,,
2026-08-13T10:20:26.664147,2627,1,BRE,MID,99,p543295,Antoni Milambo,50,0,0,0,0,Knee injury - 75% chance of playing,75,
2026-08-13T10:20:26.664147,2627,1,BRE,MID,100,p244858,Fábio Freitas Gouveia Carvalho,50,0,0,0,0,,100,
2026-08-13T10:20:26.664147,2627,1,BRE,MID,102,p508395,Yehor Yarmoliuk,50,62355,0,0,0,,,
2026-08-13T10:20:26.664147,2627,1,BRE,MID,103,p183656,Josh Dasilva,50,0,0,0,0,,,
2026-08-13T10:20:26.664147,2627,1,BRE,MID,105,p444180,Jaidon Anthony,60,8314,0,0,0,,,
2026-08-13T10:20:26.664147,2627,1,BRE,FWD,106,p502500,Igor Thiago Nascimento Rodrigues,80,669286,0,0,0,,,
2026-08-13T10:20:26.664147,2627,1,BRE,FWD,107,p593174,Kaye Furo,45,33256,0,0,0,,,
2026-08-13T10:20:26.664147,2627,1,BRE,FWD,108,p75115,Callum Wilson,55,16628,0,0,0,,,
2026-08-13T10:20:26.664147,2627,1,BRE,MID,565,p513545,Mamadou Sangaré,55,62355,0,0,0,,,
2026-08-13T10:20:26.664147,2627,1,BHA,GK,109,p489639,Bart Verbruggen,45,748270,0,0,0,,,
2026-08-13T10:20:26.664147,2627,1,BHA,GK,111,p49262,Jason Steele,40,187067,0,0,0,,,
2026-08-13T10:20:26.664147,2627,1,BHA,DEF,113,p231416,Ferdi Kadıoğlu,45,128868,0,0,0,,,
2026-08-13T10:20:26.664147,2627,1,BHA,DEF,114,p204120,Olivier Boscagli,45,8314,0,0,0,,,
2026-08-13T10:20:26.664147,2627,1,BHA,DEF,115,p465730,Maxim De Cuyper,45,54041,0,0,0,,,
2026-08-13T10:20:26.664147,2627,1,BHA,DEF,116,p83299,Lewis Dunk,45,33256,0,0,0,,,
2026-08-13T10:20:26.664147,2627,1,BHA,DEF,117,p550090,Diego Coppola,45,0,0,0,0,,,
2026-08-13T10:20:26.664147,2627,1,BHA,DEF,118,p223434,Igor Julio dos Santos de Paulo,45,4157,0,0,0,,,
2026-08-13T10:20:26.664147,2627,1,BHA,DEF,119,p451490,João Pedro Loureiro da Costa,45,0,0,0,0,,,
2026-08-13T10:20:26.664147,2627,1,BHA,DEF,120,p454490,Michael Svoboda,50,4157,0,0,0,,,
2026-08-13T10:20:26.664147,2627,1,BHA,MID,121,p451340,Mitoma Kaoru,60,4157,0,0,0,Hamstring injury - Unknown return date,0,
2026-08-13T10:20:26.664147,2627,1,BHA,MID,122,p592031,Yankuba Minteh,60,29099,0,0,0,,,
2026-08-13T10:20:26.664147,2627,1,BHA,MID,123,p532529,Jack Hinshelwood,60,8314,0,0,0,,,
2026-08-13T10:20:26.664147,2627,1,BHA,MID,124,p60307,Pascal Groß,55,440648,0,0,0,,,
2026-08-13T10:20:26.664147,2627,1,BHA,FWD,125,p463067,Georginio Rutter,55,41570,0,0,0,,,
2026-08-13T10:20:26.664147,2627,1,BHA,MID,126,p219249,Matt O'Riley,55,4157,0,0,0,,,
2026-08-13T10:20:26.664147,2627,1,BHA,MID,127,p514254,Diego Gómez Amarilla,50,95612,0,0,0,,,
2026-08-13T10:20:26.664147,2627,1,BHA,MID,128,p536916,Facundo Buonanotte,50,0,0,0,0,Has joined Elche on loan for the rest of the season,0,
2026-08-13T10:20:26.664147,2627,1,BHA,MID,129,p509416,Yasin Ayari,55,33256,0,0,0,,,
2026-08-13T10:20:26.664147,2627,1,BHA,DEF,130,p467779,Mats Wieffer,50,12471,0,0,0,,,
2026-08-13T10:20:26.664147,2627,1,BHA,MID,131,p535301,Carlos Baleba,50,12471,0,0,0,Ankle injury - Expected back 23 Aug,0,1
2026-08-13T10:20:26.664147,2627,1,BHA,MID,132,p597320,Harry Howell,45,12471,0,0,0,,,
2026-08-13T10:20:26.664147,2627,1,BHA,MID,133,p549074,Tom Watson,50,0,0,0,0,Has joined Leicester City on loan for the rest of the season,0,
2026-08-13T10:20:26.664147,2627,1,BHA,MID,134,p556637,Nehemiah Oriola,45,8314,0,0,0,,,
2026-08-13T10:20:26.664147,2627,1,BHA,MID,135,p700308,Zadok Yohanna,50,4157,0,0,0,,,
2026-08-13T10:20:26.664147,2627,1,BHA,FWD,137,p608181,Stefanos Tzimas,55,0,0,0,0,Knee injury - 75% chance of playing,75,
2026-08-13T10:20:26.664147,2627,1,BHA,FWD,138,p647850,Charalampos Kostoulas,55,12471,0,0,0,,,
2026-08-13T10:20:26.664147,2627,1,BHA,FWD,139,p487117,Evan Ferguson,50,0,0,0,0,Ankle injury - Expected back 10 Oct,0,6
2026-08-13T10:20:26.664147,2627,1,BHA,DEF,328,p222694,Pascal Struijk,50,20785,0,0,0,,,
2026-08-13T10:20:26.664147,2627,1,BHA,DEF,504,p610799,Luka Vušković,50,112240,0,0,0,,,
2026-08-13T10:20:26.664147,2627,1,CHE,MID,40,p244850,Morgan Rogers,75,1109935,0,0,0,,,
2026-08-13T10:20:26.664147,2627,1,CHE,MID,101,p56979,Jordan Henderson,50,0,0,0,0,Wrist injury - 75% chance of playing,75,
2026-08-13T10:20:26.664147,2627,1,CHE,FWD,136,p50175,Danny Welbeck,60,103926,0,0,0,,,
2026-08-13T10:20:26.664147,2627,1,CHE,GK,140,p215059,Robert Lynch Sánchez,50,87298,0,0,0,,,
2026-08-13T10:20:26.664147,2627,1,CHE,GK,141,p508479,Filip Jörgensen,50,4157,0,0,0,Has joined RC Strasbourg on loan for the rest of the season,0,
2026-08-13T10:20:26.664147,2627,1,CHE,DEF,142,p225796,Reece James,55,332564,0,0,0,,,
2026-08-13T10:20:26.664147,2627,1,CHE,DEF,143,p180736,Trevoh Chalobah,55,58198,0,0,0,Has joined Como permanently,0,
2026-08-13T10:20:26.664147,2627,1,CHE,DEF,144,p482609,Malo Gusto,50,45727,0,0,0,,,
2026-08-13T10:20:26.664147,2627,1,CHE,DEF,145,p444463,Wesley Fofana,50,0,0,0,0,Suspended until 6 Sep,0,3
2026-08-13T10:20:26.664147,2627,1,CHE,DEF,146,p242880,Benoît Badiashile Mukinayi,45,0,0,0,0,,,
2026-08-13T10:20:26.664147,2627,1,CHE,DEF,147,p109646,Tosin Adarabioyo,45,8314,0,0,0,,,
2026-08-13T10:20:26.664147,2627,1,CHE,DEF,148,p551210,Jorrel Hato,45,37413,0,0,0,,,
2026-08-13T10:20:26.664147,2627,1,CHE,DEF,149,p460028,Levi Samuels Colwill,50,70670,0,0,0,,,
2026-08-13T10:20:26.664147,2627,1,CHE,DEF,150,p574458,Mamadou Sarr,45,4157,0,0,0,,,
2026-08-13T10:20:26.664147,2627,1,CHE,DEF,151,p577016,Josh Acheampong,45,12471,0,0,0,,,
2026-08-13T10:20:26.664147,2627,1,CHE,DEF,152,p620109,Marco Palestra,55,95612,0,0,0,,,
2026-08-13T10:20:26.664147,2627,1,CHE,DEF,153,p220362,Axel Disasi,45,4157,0,0,0,,,
2026-08-13T10:20:26.664147,2627,1,CHE,MID,154,p244851,Cole Palmer,95,465590,0,0,0,,,
2026-08-13T10:20:26.664147,2627,1,CHE,MID,155,p448047,Enzo Fernández,70,228638,0,0,0,,,
2026-08-13T10:20:26.664147,2627,1,CHE,MID,156,p247632,Pedro Lomba Neto,65,58198,0,0,0,,,
2026-08-13T10:20:26.664147,2627,1,CHE,MID,157,p624773,Estêvão Almeida de Oliveira Gonçalves,65,70670,0,0,0,,,
2026-08-13T10:20:26.664147,2627,1,CHE,MID,158,p463936,Jamie Bynoe-Gittens,60,4157,0,0,0,,,
2026-08-13T10:20:26.664147,2627,1,CHE,MID,159,p486672,Moisés Caicedo Corozo,55,170439,0,0,0,,,
2026-08-13T10:20:26.664147,2627,1,CHE,MID,161,p514356,Roméo Lavia,50,4157,0,0,0,,,
2026-08-13T10:20:26.664147,2627,1,CHE,MID,163,p491007,Dário Luís Essugo,45,8314,0,0,0,,,
2026-08-13T10:20:26.664147,2627,1,CHE,MID,164,p593117,Geovany Quenda,55,4157,0,0,0,,100,
2026-08-13T10:20:26.664147,2627,1,CHE,FWD,165,p475168,João Pedro Junqueira de Jesus,75,2319640,0,0,0,,,
2026-08-13T10:20:26.664147,2627,1,CHE,FWD,166,p517052,Nicolas Jackson,65,16628,0,0,0,,,
2026-08-13T10:20:26.664147,2627,1,CHE,FWD,167,p463034,Liam Delap,55,20785,0,0,0,,,
2026-08-13T10:20:26.664147,2627,1,CHE,FWD,168,p499309,Marc Guiu Paz,50,16628,0,0,0,,,
2026-08-13T10:20:26.664147,2627,1,CHE,FWD,169,p567119,Shumaira Mheuka,45,16628,0,0,0,,,
2026-08-13T10:20:26.664147,2627,1,CHE,FWD,170,p503037,Emmanuel Emegha,50,4157,0,0,0,Hamstring injury - 75% chance of playing,75,
2026-08-13T10:20:26.664147,2627,1,CHE,DEF,200,p437499,Maxence Lacroix,60,473904,0,0,0,,,
2026-08-13T10:20:26.664147,2627,1,CHE,GK,560,p549939,Mike Penders,45,4157,0,0,0,,,
2026-08-13T10:20:26.664147,2627,1,CHE,DEF,561,p622758,Aaron Anselmino,45,0,0,0,0,,,
2026-08-13T10:20:26.664147,2627,1,CHE,MID,568,p543158,Valentín Barco,55,4157,0,0,0,,,
2026-08-13T10:20:26.664147,2627,1,CHE,MID,578,p465920,Mykhailo Mudryk,55,0,0,0,0,,,
2026-08-13T10:20:26.664147,2627,1,COV,MID,104,p428580,Frank Onyeka,50,8314,0,0,0,,,
2026-08-13T10:20:26.664147,2627,1,COV,GK,110,p472739,Carl Rushworth,45,37413,0,0,0,,,
2026-08-13T10:20:26.664147,2627,1,COV,GK,171,p484389,Oliver Dovin,40,99769,0,0,0,,,
2026-08-13T10:20:26.664147,2627,1,COV,GK,172,p110690,Ben Wilson,45,24942,0,0,0,,,
2026-08-13T10:20:26.664147,2627,1,COV,DEF,173,p461102,Bobby Thomas,40,345036,0,0,0,,,
2026-08-13T10:20:26.664147,2627,1,COV,DEF,174,p436761,Liam Kitching,40,24942,0,0,0,,,
2026-08-13T10:20:26.664147,2627,1,COV,DEF,175,p451284,Milan van Ewijk,40,644344,0,0,0,,,
2026-08-13T10:20:26.664147,2627,1,COV,DEF,176,p173878,Jay Dasilva,40,29099,0,0,0,,,
2026-08-13T10:20:26.664147,2627,1,COV,DEF,177,p465390,Kaine Kesler-Hayden,40,4157,0,0,0,,,
2026-08-13T10:20:26.664147,2627,1,COV,DEF,178,p80178,Jake Bidwell,40,4157,0,0,0,,,
2026-08-13T10:20:26.664147,2627,1,COV,DEF,179,p204813,Joel Latibeaudiere,40,4157,0,0,0,,,
2026-08-13T10:20:26.664147,2627,1,COV,DEF,180,p220583,Luke Woolfenden,40,8314,0,0,0,,,
2026-08-13T10:20:26.664147,2627,1,COV,DEF,181,p577411,Miguel Brau,40,4157,0,0,0,,,
2026-08-13T10:20:26.664147,2627,1,COV,DEF,182,p539142,Aurèle Amenda,40,29099,0,0,0,,,
2026-08-13T10:20:26.664147,2627,1,COV,MID,183,p480457,Jack Rudoni,50,8314,0,0,0,Shoulder injury - 75% chance of playing,75,
2026-08-13T10:20:26.664147,2627,1,COV,MID,184,p168144,Matt Grimes,50,8314,0,0,0,,,
2026-08-13T10:20:26.664147,2627,1,COV,MID,185,p501459,Tatsuhiro Sakamoto,50,8314,0,0,0,,,
2026-08-13T10:20:26.664147,2627,1,COV,MID,186,p241293,Ephron Mason-Clark,55,12471,0,0,0,,,
2026-08-13T10:20:26.664147,2627,1,COV,MID,187,p439668,Josh Eccles,50,0,0,0,0,,,
2026-08-13T10:20:26.664147,2627,1,COV,MID,188,p226965,Victor Torp,55,8314,0,0,0,,,
2026-08-13T10:20:26.664147,2627,1,COV,MID,189,p684268,George Shepherd,45,12471,0,0,0,,,
2026-08-13T10:20:26.664147,2627,1,COV,MID,190,p469272,Loum Tchaouna,55,4157,0,0,0,,,
2026-08-13T10:20:26.664147,2627,1,COV,MID,191,p492498,Raphael Borges Rodrigues,45,8314,0,0,0,,,
2026-08-13T10:20:26.664147,2627,1,COV,MID,192,p629397,Kaine Andrews,45,29099,0,0,0,,,
2026-08-13T10:20:26.664147,2627,1,COV,FWD,193,p176412,Haji Wright,55,70670,0,0,0,,,
2026-08-13T10:20:26.664147,2627,1,COV,FWD,194,p230730,Brandon Thomas-Asante,50,33256,0,0,0,,,
2026-08-13T10:20:26.664147,2627,1,COV,FWD,195,p218997,Ellis Simms,50,24942,0,0,0,,,
2026-08-13T10:20:26.664147,2627,1,COV,FWD,196,p551262,Jahnoah Markelo,50,4157,0,0,0,,,
2026-08-13T10:20:26.664147,2627,1,COV,FWD,197,p549653,Norman Bassette,45,12471,0,0,0,Has joined KVC Westerlo on loan for the rest of the season,0,
2026-08-13T10:20:26.664147,2627,1,COV,MID,575,p661888,Caleb Yirenkyi,50,4157,0,0,0,,,
2026-08-13T10:20:26.664147,2627,1,CRY,GK,198,p172649,Dean Henderson,50,133025,0,0,0,,,
2026-08-13T10:20:26.664147,2627,1,CRY,GK,199,p121709,Walter Benítez,45,4157,0,0,0,,,
2026-08-13T10:20:26.664147,2627,1,CRY,DEF,201,p247348,Daniel Muñoz Mejía,55,473904,0,0,0,,,
2026-08-13T10:20:26.664147,2627,1,CRY,DEF,202,p427623,Chris Richards,50,33256,0,0,0,,,
2026-08-13T10:20:26.664147,2627,1,CRY,DEF,203,p651426,Jaydee Canvot,50,24942,0,0,0,,,
2026-08-13T10:20:26.664147,2627,1,CRY,DEF,204,p244723,Tyrick Mitchell,45,282680,0,0,0,,,
2026-08-13T10:20:26.664147,2627,1,CRY,DEF,205,p218364,Borna Sosa,45,0,0,0,0,,,
2026-08-13T10:20:26.664147,2627,1,CRY,DEF,206,p515621,Chadi Riad Dnanou,45,4157,0,0,0,,,
2026-08-13T10:20:26.664147,2627,1,CRY,DEF,207,p242313,Oscar Mingueza,45,4157,0,0,0,,,
2026-08-13T10:20:26.664147,2627,1,CRY,MID,208,p232185,Ismaïla Sarr,65,328407,0,0,0,,,
2026-08-13T10:20:26.664147,2627,1,CRY,MID,210,p496221,Adam Wharton,55,16628,0,0,0,,100,
2026-08-13T10:20:26.664147,2627,1,CRY,MID,211,p488024,Yéremy Pino Santos,55,8314,0,0,0,,,
2026-08-13T10:20:26.664147,2627,1,CRY,MID,212,p108413,Will Hughes,45,461433,0,0,0,,,
2026-08-13T10:20:26.664147,2627,1,CRY,MID,213,p152551,Jefferson Lerma Solís,50,4157,0,0,0,,,
2026-08-13T10:20:26.664147,2627,1,CRY,MID,214,p209400,Daichi Kamada,50,12471,0,0,0,,,
2026-08-13T10:20:26.664147,2627,1,CRY,MID,215,p489706,Justin Devenny,50,0,0,0,0,,,
2026-08-13T10:20:26.664147,2627,1,CRY,MID,216,p606921,Romain Esse,50,4157,0,0,0,,,
2026-08-13T10:20:26.664147,2627,1,CRY,MID,217,p536694,Matheus França de Oliveira,50,0,0,0,0,,,
2026-08-13T10:20:26.664147,2627,1,CRY,MID,218,p438464,Cheick Doucouré,50,4157,0,0,0,,,
2026-08-13T10:20:26.664147,2627,1,CRY,MID,219,p450542,Jesurun Rak-Sakyi,50,0,0,0,0,,,
2026-08-13T10:20:26.664147,2627,1,CRY,DEF,220,p590014,Rio Cardines,45,0,0,0,0,Has joined Bristol City on loan for the rest of the season,0,
2026-08-13T10:20:26.664147,2627,1,CRY,MID,221,p672492,Joél Drakes-Thomas,45,4157,0,0,0,,,
2026-08-13T10:20:26.664147,2627,1,CRY,FWD,222,p247412,Jørgen Strand Larsen,60,24942,0,0,0,,,
2026-08-13T10:20:26.664147,2627,1,CRY,FWD,223,p231747,Jean-Philippe Mateta,65,274366,0,0,0,,,
2026-08-13T10:20:26.664147,2627,1,CRY,FWD,224,p205533,Eddie Nketiah,55,20785,0,0,0,,,
2026-08-13T10:20:26.664147,2627,1,CRY,FWD,225,p660392,Christantus Uche,50,0,0,0,0,has returned to Getafe CF,0,
2026-08-13T10:20:26.664147,2627,1,CRY,MID,241,p433154,Dwight McNeil,55,8314,0,0,0,,,
2026-08-13T10:20:26.664147,2627,1,CRY,GK,555,p169593,Remi Matthews,40,70670,0,0,0,,,
2026-08-13T10:20:26.664147,2627,1,CRY,DEF,577,p223723,Takehiro Tomiyasu,45,4157,0,0,0,,,
2026-08-13T10:20:26.664147,2627,1,EVE,MID,21,p128295,Christian Nørgaard,50,29099,0,0,0,,,
2026-08-13T10:20:26.664147,2627,1,EVE,MID,209,p242898,Brennan Johnson,60,8314,0,0,0,,,
2026-08-13T10:20:26.664147,2627,1,EVE,GK,226,p111234,Jordan Pickford,55,365821,0,0,0,,,
2026-08-13T10:20:26.664147,2627,1,EVE,GK,227,p229600,Mark Travers,50,4157,0,0,0,,,
2026-08-13T10:20:26.664147,2627,1,EVE,GK,228,p138001,Tom King,45,4157,0,0,0,,,
2026-08-13T10:20:26.664147,2627,1,EVE,DEF,229,p17761,James Tarkowski,60,403234,0,0,0,,,
2026-08-13T10:20:26.664147,2627,1,EVE,DEF,230,p480455,Jarrad Branthwaite,55,78984,0,0,0,,,
2026-08-13T10:20:26.664147,2627,1,EVE,DEF,231,p106611,Michael Keane,50,66512,0,0,0,,,
2026-08-13T10:20:26.664147,2627,1,EVE,DEF,232,p512462,Jake O'Brien,50,20785,0,0,0,,,
2026-08-13T10:20:26.664147,2627,1,EVE,DEF,233,p224967,Vitalii Mykolenko,45,54041,0,0,0,,,
2026-08-13T10:20:26.664147,2627,1,EVE,DEF,234,p243571,Nathan Patterson,45,0,0,0,0,,,
2026-08-13T10:20:26.664147,2627,1,EVE,DEF,235,p499300,Adam Aznou,40,8314,0,0,0,,,
2026-08-13T10:20:26.664147,2627,1,EVE,MID,236,p215413,Kiernan Dewsbury-Hall,65,153811,0,0,0,,,
2026-08-13T10:20:26.664147,2627,1,EVE,MID,237,p440993,Iliman Ndiaye,60,636030,0,0,0,,,
2026-08-13T10:20:26.664147,2627,1,EVE,MID,239,p232928,James Garner,60,20785,0,0,0,Groin injury - Expected back 22 Aug,0,1
2026-08-13T10:20:26.664147,2627,1,EVE,MID,240,p490094,Tim Iroegbunam,50,4157,0,0,0,,,
2026-08-13T10:20:26.664147,2627,1,EVE,MID,242,p550615,Tyrique George,55,8314,0,0,0,,,
2026-08-13T10:20:26.664147,2627,1,EVE,MID,243,p502697,Carlos Alcaraz Durán,50,4157,0,0,0,,,
2026-08-13T10:20:26.664147,2627,1,EVE,MID,244,p609873,Harrison Armstrong,50,4157,0,0,0,,,
2026-08-13T10:20:26.664147,2627,1,EVE,MID,245,p496661,Tyler Dibling,55,4157,0,0,0,,,
2026-08-13T10:20:26.664147,2627,1,EVE,MID,246,p513466,Merlin Röhl,50,4157,0,0,0,,,
2026-08-13T10:20:26.664147,2627,1,EVE,MID,247,p244860,Hayden Hackney,55,12471,0,0,0,,,
2026-08-13T10:20:26.664147,2627,1,EVE,FWD,248,p486385,Norberto Bercique Gomes Betuncal,55,128868,0,0,0,,,
2026-08-13T10:20:26.664147,2627,1,EVE,FWD,249,p586309,Thierno Barry,55,41570,0,0,0,,,
2026-08-13T10:20:26.664147,2627,1,FUL,GK,250,p80201,Bernd Leno,45,137183,0,0,0,,,
2026-08-13T10:20:26.664147,2627,1,FUL,GK,251,p86873,Benjamin Lecomte,40,58198,0,0,0,,,
2026-08-13T10:20:26.664147,2627,1,FUL,GK,252,p505079,Alfie McNally,40,8314,0,0,0,,,
2026-08-13T10:20:26.664147,2627,1,FUL,DEF,253,p174874,Joachim Andersen,50,4157,0,0,0,Suspended until 30 Aug,0,2
2026-08-13T10:20:26.664147,2627,1,FUL,DEF,254,p169528,Antonee Robinson,45,103926,0,0,0,,,
2026-08-13T10:20:26.664147,2627,1,FUL,DEF,255,p246301,Jorge Cuenca Barreno,45,0,0,0,0,,,
2026-08-13T10:20:26.664147,2627,1,FUL,DEF,256,p167074,Kenny Tete,45,8314,0,0,0,,,
2026-08-13T10:20:26.664147,2627,1,FUL,DEF,257,p232892,Calvin Bassey,45,24942,0,0,0,,,
2026-08-13T10:20:26.664147,2627,1,FUL,DEF,258,p166477,Timothy Castagne,45,8314,0,0,0,,,
2026-08-13T10:20:26.664147,2627,1,FUL,MID,261,p153133,Alex Iwobi,55,37413,0,0,0,,,
2026-08-13T10:20:26.664147,2627,1,FUL,MID,262,p209289,Emile Smith Rowe,55,16628,0,0,0,,,
2026-08-13T10:20:26.664147,2627,1,FUL,MID,263,p560552,Kevin Santos Lopes de Macedo,55,4157,0,0,0,,,
2026-08-13T10:20:26.664147,2627,1,FUL,MID,264,p477555,Oscar Bobb,55,16628,0,0,0,,,
2026-08-13T10:20:26.664147,2627,1,FUL,MID,265,p207189,Sander Berge,50,16628,0,0,0,,,
2026-08-13T10:20:26.664147,2627,1,FUL,MID,266,p76357,Tom Cairney,50,0,0,0,0,,,
2026-08-13T10:20:26.664147,2627,1,FUL,MID,268,p577725,Josh King,55,4157,0,0,0,,,
2026-08-13T10:20:26.664147,2627,1,FUL,DEF,269,p184349,Ryan Sessegnon,45,16628,0,0,0,,,
2026-08-13T10:20:26.664147,2627,1,FUL,MID,270,p153366,Harrison Reed,45,45727,0,0,0,,,
2026-08-13T10:20:26.664147,2627,1,FUL,FWD,271,p244042,Rodrigo Muniz Carvalho,55,29099,0,0,0,,,
2026-08-13T10:20:26.664147,2627,1,FUL,FWD,272,p631786,Jonah Kusi-Asare,45,311779,0,0,0,,,
2026-08-13T10:20:26.664147,2627,1,FUL,FWD,569,p551466,Gonzalo García,60,70670,0,0,0,,,
2026-08-13T10:20:26.664147,2627,1,FUL,MID,570,p571779,César Palacios,55,4157,0,0,0,,,
2026-08-13T10:20:26.664147,2627,1,FUL,MID,580,p463210,Shea Charles,50,0,0,0,0,,,
2026-08-13T10:20:26.664147,2627,1,HUL,GK,273,p167825,Dillon Phillips,40,83141,0,0,0,,,
2026-08-13T10:20:26.664147,2627,1,HUL,GK,274,p105666,Jack Butland,45,24942,0,0,0,Arm injury - Unknown return date,0,
2026-08-13T10:20:26.664147,2627,1,HUL,GK,275,p494950,Harvey Cartwright,40,4157,0,0,0,Has joined Grimsby Town on loan for the rest of the season,0,
2026-08-13T10:20:26.664147,2627,1,HUL,GK,276,p444307,Thimothée Lo-Tutala,40,8314,0,0,0,,,
2026-08-13T10:20:26.664147,2627,1,HUL,DEF,277,p108416,John Egan,40,62355,0,0,0,,,
2026-08-13T10:20:26.664147,2627,1,HUL,DEF,278,p501902,Charlie Hughes,40,24942,0,0,0,Groin injury - Unknown return date,0,
2026-08-13T10:20:26.664147,2627,1,HUL,DEF,279,p146426,Semi Ajayi,40,33256,0,0,0,,,
2026-08-13T10:20:26.664147,2627,1,HUL,DEF,280,p193278,Lewie Coyle,40,24942,0,0,0,,,
2026-08-13T10:20:26.664147,2627,1,HUL,DEF,281,p433590,Cody Drameh,40,0,0,0,0,Hamstring injury - Expected back 29 Aug,0,2
2026-08-13T10:20:26.664147,2627,1,HUL,DEF,282,p232351,Ryan Giles,40,29099,0,0,0,,,
2026-08-13T10:20:26.664147,2627,1,HUL,DEF,283,p449428,Matty Jacob,40,0,0,0,0,Hip injury - 75% chance of playing,75,
2026-08-13T10:20:26.664147,2627,1,HUL,DEF,284,p661800,Cathal McCarthy,40,4157,0,0,0,,,
2026-08-13T10:20:26.664147,2627,1,HUL,DEF,285,p160817,Paddy McNair,40,4157,0,0,0,,,
2026-08-13T10:20:26.664147,2627,1,HUL,MID,286,p540324,Mohamed Belloumi,50,20785,0,0,0,,,
2026-08-13T10:20:26.664147,2627,1,HUL,MID,287,p232905,Liam Millar,50,4157,0,0,0,,,
2026-08-13T10:20:26.664147,2627,1,HUL,MID,288,p171270,Kieran Dowell,45,20785,0,0,0,,,
2026-08-13T10:20:26.664147,2627,1,HUL,MID,289,p101282,Matt Crooks,45,29099,0,0,0,,,
2026-08-13T10:20:26.664147,2627,1,HUL,MID,290,p243413,Regan Slater,45,91455,0,0,0,,,
2026-08-13T10:20:26.664147,2627,1,HUL,MID,291,p465525,Eliot Matazo,45,0,0,0,0,Knee injury - Unknown return date,0,
2026-08-13T10:20:26.664147,2627,1,HUL,MID,292,p208481,Abdülkadir Ömür,50,0,0,0,0,,,
2026-08-13T10:20:26.664147,2627,1,HUL,MID,293,p490161,Abu Kamara,50,0,0,0,0,Has joined Portsmouth permanently,0,
2026-08-13T10:20:26.664147,2627,1,HUL,MID,294,p553783,Óscar Zambrano,45,12471,0,0,0,Thigh injury - Unknown return date,0,
2026-08-13T10:20:26.664147,2627,1,HUL,FWD,295,p169432,Oli McBurnie,55,66512,0,0,0,,,
2026-08-13T10:20:26.664147,2627,1,HUL,MID,296,p213292,David Akintola,50,0,0,0,0,,,
2026-08-13T10:20:26.664147,2627,1,HUL,MID,297,p470294,Darko Gyabi,45,4157,0,0,0,Thigh injury - Unknown return date,0,
2026-08-13T10:20:26.664147,2627,1,HUL,FWD,298,p500957,Enis Destan,45,99769,0,0,0,,,
2026-08-13T10:20:26.664147,2627,1,HUL,FWD,299,p534392,Mason Burstow,45,16628,0,0,0,Has joined Sheffield Wednesday on loan for the rest of the season,0,
2026-08-13T10:20:26.664147,2627,1,HUL,DEF,556,p169359,Matt Targett,40,120554,0,0,0,,,
2026-08-13T10:20:26.664147,2627,1,HUL,MID,563,p445028,Hidemasa Morita,50,4157,0,0,0,,,
2026-08-13T10:20:26.664147,2627,1,HUL,GK,572,p473284,Konstantinos Tzolakis,45,12471,0,0,0,,,
2026-08-13T10:20:26.664147,2627,1,HUL,MID,574,p552946,Jens Hjertø-Dahl,50,0,0,0,0,,,
2026-08-13T10:20:26.664147,2627,1,HUL,MID,576,p608227,Elliot Stroud,50,0,0,0,0,,,
2026-08-13T10:20:26.664147,2627,1,IPS,DEF,259,p219924,Issa Diop,40,773213,0,0,0,,,
2026-08-13T10:20:26.664147,2627,1,IPS,MID,267,p212314,Saša Lukić,50,4157,0,0,0,,,
2026-08-13T10:20:26.664147,2627,1,IPS,GK,300,p108813,Christian Walton,45,24942,0,0,0,,,
2026-08-13T10:20:26.664147,2627,1,IPS,GK,301,p112520,Alex Palmer,40,236952,0,0,0,,,
2026-08-13T10:20:26.664147,2627,1,IPS,GK,302,p50093,David Button,40,20785,0,0,0,,,
2026-08-13T10:20:26.664147,2627,1,IPS,DEF,303,p183015,Cédric Kipré,40,20785,0,0,0,,,
2026-08-13T10:20:26.664147,2627,1,IPS,DEF,304,p216616,Dara O'Shea,40,103926,0,0,0,,,
2026-08-13T10:20:26.664147,2627,1,IPS,DEF,305,p455084,Leif Davis,40,203695,0,0,0,,,
2026-08-13T10:20:26.664147,2627,1,IPS,DEF,306,p449429,Jacob Greaves,40,29099,0,0,0,,,
2026-08-13T10:20:26.664147,2627,1,IPS,DEF,307,p222018,Ben Johnson,40,4157,0,0,0,,,
2026-08-13T10:20:26.664147,2627,1,IPS,DEF,308,p176420,Darnell Furlong,40,20785,0,0,0,,,
2026-08-13T10:20:26.664147,2627,1,IPS,MID,309,p501390,Marcelino Núñez,50,8314,0,0,0,,,
2026-08-13T10:20:26.664147,2627,1,IPS,MID,310,p241117,Azor Matusiwa,50,0,0,0,0,Muscular injury - Unknown return date,0,
2026-08-13T10:20:26.664147,2627,1,IPS,MID,311,p149929,Wes Burns,50,0,0,0,0,Has joined Leicester City permanently,0,
2026-08-13T10:20:26.664147,2627,1,IPS,MID,312,p231899,Jack Taylor,45,8314,0,0,0,Knee injury - Unknown return date,0,
2026-08-13T10:20:26.664147,2627,1,IPS,MID,313,p443261,Jack Clarke,55,12471,0,0,0,,,
2026-08-13T10:20:26.664147,2627,1,IPS,MID,314,p229164,Chiedozie Ogbene,50,0,0,0,0,,,
2026-08-13T10:20:26.664147,2627,1,IPS,MID,315,p531442,Abdul Fatawu,55,12471,0,0,0,,,
2026-08-13T10:20:26.664147,2627,1,IPS,FWD,316,p543968,Emersonn Correia da Silva,55,12471,0,0,0,,,
2026-08-13T10:20:26.664147,2627,1,IPS,FWD,317,p222625,George Hirst,50,16628,0,0,0,,,
2026-08-13T10:20:26.664147,2627,1,IPS,MID,318,p481624,Jaden Philogene,55,8314,0,0,0,,,
2026-08-13T10:20:26.664147,2627,1,IPS,MID,319,p172453,Sam Szmodics,50,4157,0,0,0,,,
2026-08-13T10:20:26.664147,2627,1,IPS,FWD,320,p147675,Chuba Akpom,50,20785,0,0,0,,,
2026-08-13T10:20:26.664147,2627,1,IPS,FWD,321,p557012,Sindre Walle Egeli,45,87298,0,0,0,,,
2026-08-13T10:20:26.664147,2627,1,IPS,FWD,322,p462387,Ali Al-Hamadi,50,8314,0,0,0,,,
2026-08-13T10:20:26.664147,2627,1,IPS,MID,323,p461587,Kasey McAteer,45,62355,0,0,0,,,
2026-08-13T10:20:26.664147,2627,1,IPS,MID,324,p232457,Anis Mehmeti,50,4157,0,0,0,,,
2026-08-13T10:20:26.664147,2627,1,IPS,GK,554,p546600,Kayne van Oevelen,45,4157,0,0,0,,,
2026-08-13T10:20:26.664147,2627,1,IPS,MID,562,p442967,Daizen Maeda,55,20785,0,0,0,,,
2026-08-13T10:20:26.664147,2627,1,IPS,GK,564,p240514,Kjell Scherpen,45,16628,0,0,0,,,
2026-08-13T10:20:26.664147,2627,1,IPS,MID,571,p216055,Florentino Ibrain Morris Luís,50,0,0,0,0,,,
2026-08-13T10:20:26.664147,2627,1,LEE,MID,260,p153682,Harry Wilson,65,332564,0,0,0,,,
2026-08-13T10:20:26.664147,2627,1,LEE,GK,326,p201595,Lucas Estella Perri,45,29099,0,0,0,,,
2026-08-13T10:20:26.664147,2627,1,LEE,DEF,327,p434752,Jaka Bijol,50,12471,0,0,0,,,
2026-08-13T10:20:26.664147,2627,1,LEE,DEF,329,p214225,Joe Rodon,45,83141,0,0,0,,,
2026-08-13T10:20:26.664147,2627,1,LEE,DEF,330,p226182,Jayden Bogle,45,20785,0,0,0,,,
2026-08-13T10:20:26.664147,2627,1,LEE,DEF,331,p243526,Gabriel Gudmundsson,45,12471,0,0,0,Hamstring injury - Expected back 30 Aug,0,2
2026-08-13T10:20:26.664147,2627,1,LEE,DEF,332,p220627,James Justin,45,20785,0,0,0,,,
2026-08-13T10:20:26.664147,2627,1,LEE,DEF,333,p437738,Sebastiaan Bornauw,45,0,0,0,0,,,
2026-08-13T10:20:26.664147,2627,1,LEE,DEF,334,p522047,Tarik Muharemović,50,66512,0,0,0,,,
2026-08-13T10:20:26.664147,2627,1,LEE,MID,335,p466525,Anton Stach,60,45727,0,0,0,,,
2026-08-13T10:20:26.664147,2627,1,LEE,MID,336,p435997,Noah Okafor,60,29099,0,0,0,,,
2026-08-13T10:20:26.664147,2627,1,LEE,MID,337,p427637,Brenden Aaronson,55,33256,0,0,0,,,
2026-08-13T10:20:26.664147,2627,1,LEE,MID,338,p199598,Ethan Ampadu,55,66512,0,0,0,,,
2026-08-13T10:20:26.664147,2627,1,LEE,MID,339,p180135,Sean Longstaff,50,8314,0,0,0,,,
2026-08-13T10:20:26.664147,2627,1,LEE,MID,340,p462635,Joe Gelhardt,50,0,0,0,0,,,
2026-08-13T10:20:26.664147,2627,1,LEE,MID,341,p492859,Wilfried Gnonto,50,4157,0,0,0,,,
2026-08-13T10:20:26.664147,2627,1,LEE,MID,342,p221399,Jack Harrison,50,0,0,0,0,Has joined New England Revolution permanently,0,
2026-08-13T10:20:26.664147,2627,1,LEE,MID,343,p200617,Daniel James,50,4157,0,0,0,,,
2026-08-13T10:20:26.664147,2627,1,LEE,MID,344,p486520,Ilia Gruev,50,0,0,0,0,,,
2026-08-13T10:20:26.664147,2627,1,LEE,MID,345,p248056,Tanaka Ao,50,12471,0,0,0,,,
2026-08-13T10:20:26.664147,2627,1,LEE,FWD,346,p177815,Dominic Calvert-Lewin,60,1047579,0,0,0,,,
2026-08-13T10:20:26.664147,2627,1,LEE,FWD,347,p174594,Lukas Nmecha,55,24942,0,0,0,,,
2026-08-13T10:20:26.664147,2627,1,LEE,FWD,348,p235826,Joël Piroe,50,20785,0,0,0,,,
2026-08-13T10:20:26.664147,2627,1,LEE,FWD,349,p565297,Mateo Joseph Fernández-Regatillo,45,8314,0,0,0,Knee injury - Unknown return date,0,
2026-08-13T10:20:26.664147,2627,1,LEE,GK,385,p432720,James Trafford,50,95612,0,0,0,,,
2026-08-13T10:20:26.664147,2627,1,LIV,GK,350,p116535,Alisson Becker,55,166282,0,0,0,,,
2026-08-13T10:20:26.664147,2627,1,LIV,GK,351,p449027,Giorgi Mamardashvili,50,8314,0,0,0,,,
2026-08-13T10:20:26.664147,2627,1,LIV,GK,352,p155503,Freddie Woodman,40,49884,0,0,0,,,
2026-08-13T10:20:26.664147,2627,1,LIV,GK,353,p586268,Armin Pecsi,40,4157,0,0,0,,,
2026-08-13T10:20:26.664147,2627,1,LIV,GK,354,p432987,Vitezslav Jaros,40,0,0,0,0,Knee injury - Unknown return date,0,
2026-08-13T10:20:26.664147,2627,1,LIV,GK,355,p464353,Harvey Davies,40,4157,0,0,0,,,
2026-08-13T10:20:26.664147,2627,1,LIV,DEF,356,p97032,Virgil van Dijk,65,698386,0,0,0,,,
2026-08-13T10:20:26.664147,2627,1,LIV,DEF,357,p216094,Jeremie Frimpong,55,124711,0,0,0,,,
2026-08-13T10:20:26.664147,2627,1,LIV,DEF,358,p544877,Milos Kerkez,55,212010,0,0,0,,,
2026-08-13T10:20:26.664147,2627,1,LIV,DEF,359,p171287,Joe Gomez,50,4157,0,0,0,Muscular injury - Unknown return date,0,
2026-08-13T10:20:26.664147,2627,1,LIV,DEF,360,p492777,Conor Bradley,50,0,0,0,0,Knee injury - Unknown return date,0,
2026-08-13T10:20:26.664147,2627,1,LIV,DEF,361,p519440,Wellity Lucky,40,4157,0,0,0,,,
2026-08-13T10:20:26.664147,2627,1,LIV,DEF,362,p606702,Jeremy Jacquet,50,54041,0,0,0,,100,
2026-08-13T10:20:26.664147,2627,1,LIV,DEF,363,p647681,Giovanni Leoni,40,4157,0,0,0,Knee injury - Unknown return date,0,
2026-08-13T10:20:26.664147,2627,1,LIV,DEF,364,p214285,Kostas Tsimikas,50,4157,0,0,0,,,
2026-08-13T10:20:26.664147,2627,1,LIV,DEF,365,p489580,Calvin Ramsay,40,8314,0,0,0,,,
2026-08-13T10:20:26.664147,2627,1,LIV,MID,366,p494595,Florian Wirtz,75,598616,0,0,0,,,
2026-08-13T10:20:26.664147,2627,1,LIV,MID,367,p243298,Cody Gakpo,70,141340,0,0,0,,,
2026-08-13T10:20:26.664147,2627,1,LIV,MID,368,p424876,Dominik Szoboszlai,70,1812478,0,0,0,,,
2026-08-13T10:20:26.664147,2627,1,LIV,MID,369,p611922,Rio Ngumoha,60,58198,0,0,0,,,
2026-08-13T10:20:26.664147,2627,1,LIV,MID,370,p223541,Federico Chiesa,55,8314,0,0,0,,,
2026-08-13T10:20:26.664147,2627,1,LIV,MID,371,p441266,Ryan Gravenberch,60,83141,0,0,0,,,
2026-08-13T10:20:26.664147,2627,1,LIV,MID,372,p243016,Alexis Mac Allister,55,78984,0,0,0,,,
2026-08-13T10:20:26.664147,2627,1,LIV,MID,373,p206915,Curtis Jones,55,8314,0,0,0,,,
2026-08-13T10:20:26.664147,2627,1,LIV,MID,374,p158983,Endo Wataru,50,0,0,0,0,,100,
2026-08-13T10:20:26.664147,2627,1,LIV,MID,375,p591386,Trey Nyoni,50,4157,0,0,0,,,
2026-08-13T10:20:26.664147,2627,1,LIV,MID,376,p535928,Stefan Bajčetić Maquieira,50,0,0,0,0,Hamstring injury - Expected back 23 Aug,0,1
2026-08-13T10:20:26.664147,2627,1,LIV,MID,377,p551499,Victor Munoz,65,33256,0,0,0,,,
2026-08-13T10:20:26.664147,2627,1,LIV,MID,378,p491501,James McConnell,45,8314,0,0,0,,,
2026-08-13T10:20:26.664147,2627,1,LIV,FWD,379,p219168,Alexander Isak,90,557046,0,0,0,,,
2026-08-13T10:20:26.664147,2627,1,LIV,FWD,380,p510663,Hugo Ekitiké,75,8314,0,0,0,Achilles injury - Unknown return date,0,
2026-08-13T10:20:26.664147,2627,1,LIV,MID,381,p514514,Lewis Koumas,50,0,0,0,0,,,
2026-08-13T10:20:26.664147,2627,1,LIV,FWD,382,p500058,Jayden Danns,45,0,0,0,0,Unspecified injury - Unknown return date,0,
2026-08-13T10:20:26.664147,2627,1,LIV,MID,383,p444884,Harvey Elliott,55,4157,0,0,0,,,
2026-08-13T10:20:26.664147,2627,1,LIV,DEF,579,p445087,Ronald Araujo,55,12471,0,0,0,,,
2026-08-13T10:20:26.664147,2627,1,MCI,MID,238,p114283,Jack Grealish,65,4157,0,0,0,Foot injury - 75% chance of playing,75,
2026-08-13T10:20:26.664147,2627,1,MCI,GK,384,p204936,Gianluigi Donnarumma,55,461433,0,0,0,,,
2026-08-13T10:20:26.664147,2627,1,MCI,GK,386,p122074,Marcus Bettinelli,45,0,0,0,0,,,
2026-08-13T10:20:26.664147,2627,1,MCI,DEF,387,p472769,Nico O'Reilly,65,922867,0,0,0,,,
2026-08-13T10:20:26.664147,2627,1,MCI,DEF,388,p209036,Marc Guéhi,60,951966,0,0,0,,,
2026-08-13T10:20:26.664147,2627,1,MCI,DEF,389,p465351,Matheus Nunes,60,195381,0,0,0,,,
2026-08-13T10:20:26.664147,2627,1,MCI,DEF,390,p171314,Rúben dos Santos Gato Alves Dias,55,66512,0,0,0,,,
2026-08-13T10:20:26.664147,2627,1,MCI,DEF,391,p477424,Joško Gvardiol,55,565360,0,0,0,,,
2026-08-13T10:20:26.664147,2627,1,MCI,DEF,392,p448514,Rayan Aït-Nouri,55,49884,0,0,0,,,
2026-08-13T10:20:26.664147,2627,1,MCI,DEF,393,p578153,Abdukodir Khusanov,55,83141,0,0,0,,,
2026-08-13T10:20:26.664147,2627,1,MCI,DEF,394,p494307,Max Alleyne,50,0,0,0,0,,,
2026-08-13T10:20:26.664147,2627,1,MCI,DEF,395,p477064,Rico Lewis,45,8314,0,0,0,,,
2026-08-13T10:20:26.664147,2627,1,MCI,DEF,396,p616222,Vitor de Oliveira Nunes dos Reis,45,0,0,0,0,,,
2026-08-13T10:20:26.664147,2627,1,MCI,MID,397,p437730,Antoine Semenyo,85,1109935,0,0,0,,,
2026-08-13T10:20:26.664147,2627,1,MCI,MID,398,p209244,Phil Foden,70,270208,0,0,0,,,
2026-08-13T10:20:26.664147,2627,1,MCI,MID,399,p466052,Rayan Cherki,75,369978,0,0,0,,,
2026-08-13T10:20:26.664147,2627,1,MCI,MID,400,p248875,Jérémy Doku,75,266051,0,0,0,,,
2026-08-13T10:20:26.664147,2627,1,MCI,FWD,401,p438234,Omar Marmoush,70,33256,0,0,0,,,
2026-08-13T10:20:26.664147,2627,1,MCI,MID,402,p220566,Rodrigo 'Rodri' Hernandez Cascante,65,4157,0,0,0,Back injury - Unknown return date,0,
2026-08-13T10:20:26.664147,2627,1,MCI,MID,403,p510281,Sávio Moreira de Oliveira,65,4157,0,0,0,,,
2026-08-13T10:20:26.664147,2627,1,MCI,MID,404,p433036,Tijjani Reijnders,60,16628,0,0,0,,,
2026-08-13T10:20:26.664147,2627,1,MCI,MID,405,p465694,Nico González Iglesias,55,4157,0,0,0,,,
2026-08-13T10:20:26.664147,2627,1,MCI,MID,406,p91651,Mateo Kovačić,55,0,0,0,0,,,
2026-08-13T10:20:26.664147,2627,1,MCI,MID,407,p575204,Claudio Echeverri,50,0,0,0,0,,,
2026-08-13T10:20:26.664147,2627,1,MCI,MID,408,p155405,Kalvin Phillips,50,0,0,0,0,,,
2026-08-13T10:20:26.664147,2627,1,MCI,MID,409,p590039,Divine Mukasa,45,4157,0,0,0,,,
2026-08-13T10:20:26.664147,2627,1,MCI,MID,410,p649208,Jeremy Monga,50,0,0,0,0,,,
2026-08-13T10:20:26.664147,2627,1,MCI,FWD,411,p223094,Erling Haaland,155,3059596,0,0,0,,,
2026-08-13T10:20:26.664147,2627,1,MCI,MID,481,p215379,Elliot Anderson,65,469747,0,0,0,,,
2026-08-13T10:20:26.664147,2627,1,MUN,MID,43,p166989,Youri Tielemans,60,62355,0,0,0,,100,
2026-08-13T10:20:26.664147,2627,1,MUN,MID,162,p532605,Andrey Nascimento dos Santos,50,54041,0,0,0,,,
2026-08-13T10:20:26.664147,2627,1,MUN,GK,325,p59735,Karl Darlow,45,0,0,0,0,Unspecified injury - 75% chance of playing,75,
2026-08-13T10:20:26.664147,2627,1,MUN,GK,412,p465247,Senne Lammens,50,818941,0,0,0,,,
2026-08-13T10:20:26.664147,2627,1,MUN,GK,413,p451302,Altay Bayındır,45,4157,0,0,0,Has joined Celta Vigo on loan for the rest of the season,0,
2026-08-13T10:20:26.664147,2627,1,MUN,GK,414,p21205,Tom Heaton,40,12471,0,0,0,,,
2026-08-13T10:20:26.664147,2627,1,MUN,MID,415,p596777,Patrick Dorgu,60,66512,0,0,0,,,
2026-08-13T10:20:26.664147,2627,1,MUN,DEF,416,p209365,Matthijs de Ligt,50,0,0,0,0,Back injury - Unknown return date,0,
2026-08-13T10:20:26.664147,2627,1,MUN,DEF,417,p216051,Diogo Dalot Teixeira,50,128868,0,0,0,,,
2026-08-13T10:20:26.664147,2627,1,MUN,DEF,418,p95658,Harry Maguire,50,403234,0,0,0,,,
2026-08-13T10:20:26.664147,2627,1,MUN,DEF,419,p221820,Lisandro Martínez,50,20785,0,0,0,Thigh injury - 75% chance of playing,75,
2026-08-13T10:20:26.664147,2627,1,MUN,DEF,420,p550864,Leny Yoro,50,33256,0,0,0,,,
2026-08-13T10:20:26.664147,2627,1,MUN,DEF,421,p606745,Ayden Heaven,45,12471,0,0,0,,,
2026-08-13T10:20:26.664147,2627,1,MUN,DEF,422,p230001,Noussair Mazraoui,45,33256,0,0,0,,,
2026-08-13T10:20:26.664147,2627,1,MUN,DEF,423,p106760,Luke Shaw,45,1006008,0,0,0,,,
2026-08-13T10:20:26.664147,2627,1,MUN,DEF,424,p577974,Harry Amass,40,8314,0,0,0,,,
2026-08-13T10:20:26.664147,2627,1,MUN,DEF,425,p547676,Tyler Fredricson,40,4157,0,0,0,,,
2026-08-13T10:20:26.664147,2627,1,MUN,MID,426,p141746,Bruno Borges Fernandes,120,2003703,0,0,0,,,
2026-08-13T10:20:26.664147,2627,1,MUN,MID,427,p446008,Bryan Mbeumo,80,1039265,0,0,0,,,
2026-08-13T10:20:26.664147,2627,1,MUN,MID,428,p430871,Matheus Santos Carneiro da Cunha,80,519632,0,0,0,,,
2026-08-13T10:20:26.664147,2627,1,MUN,MID,429,p176297,Marcus Rashford,70,62355,0,0,0,,,
2026-08-13T10:20:26.664147,2627,1,MUN,MID,430,p184341,Mason Mount,55,4157,0,0,0,,,
2026-08-13T10:20:26.664147,2627,1,MUN,MID,431,p493250,Amad Diallo,60,70670,0,0,0,,,
2026-08-13T10:20:26.664147,2627,1,MUN,MID,432,p516895,Kobbie Mainoo,55,49884,0,0,0,,,
2026-08-13T10:20:26.664147,2627,1,MUN,MID,433,p232112,Manuel Ugarte Ribeiro,50,0,0,0,0,Knee injury - Unknown return date,0,
2026-08-13T10:20:26.664147,2627,1,MUN,MID,434,p547037,Jack Fletcher,50,0,0,0,0,,,
2026-08-13T10:20:26.664147,2627,1,MUN,MID,435,p576628,Shea Lacey,50,4157,0,0,0,,,
2026-08-13T10:20:26.664147,2627,1,MUN,MID,436,p490881,Toby Collyer,50,0,0,0,0,,,
2026-08-13T10:20:26.664147,2627,1,MUN,MID,437,p576620,Bendito Mantato,45,8314,0,0,0,,,
2026-08-13T10:20:26.664147,2627,1,MUN,MID,438,p519913,Tyler Fletcher,45,12471,0,0,0,,,
2026-08-13T10:20:26.664147,2627,1,MUN,FWD,439,p485711,Benjamin Sesko,70,91455,0,0,0,Shin injury - 75% chance of playing,75,
2026-08-13T10:20:26.664147,2627,1,MUN,FWD,440,p458249,Joshua Zirkzee,55,29099,0,0,0,,,
2026-08-13T10:20:26.664147,2627,1,MUN,FWD,441,p596047,Chido Obi,45,49884,0,0,0,,,
2026-08-13T10:20:26.664147,2627,1,NEW,GK,442,p98747,Nick Pope,50,49884,0,0,0,,,
2026-08-13T10:20:26.664147,2627,1,NEW,GK,443,p81441,Mark Gillespie,45,0,0,0,0,,,
2026-08-13T10:20:26.664147,2627,1,NEW,GK,444,p554578,Ewen Jaouen,45,4157,0,0,0,,,
2026-08-13T10:20:26.664147,2627,1,NEW,DEF,445,p465642,Malick Thiaw,50,83141,0,0,0,,,
2026-08-13T10:20:26.664147,2627,1,NEW,DEF,446,p119471,Fabian Schär,50,8314,0,0,0,,100,
2026-08-13T10:20:26.664147,2627,1,NEW,DEF,447,p220237,Sven Botman,50,16628,0,0,0,,,
2026-08-13T10:20:26.664147,2627,1,NEW,DEF,448,p78916,Dan Burn,50,108083,0,0,0,,,
2026-08-13T10:20:26.664147,2627,1,NEW,DEF,449,p487838,Lewis Hall,50,162125,0,0,0,,,
2026-08-13T10:20:26.664147,2627,1,NEW,DEF,450,p441191,Tino Livramento,50,4157,0,0,0,Calf injury - 75% chance of playing,75,
2026-08-13T10:20:26.664147,2627,1,NEW,DEF,451,p545477,Alex Murphy,40,29099,0,0,0,Has joined FC Kaiserslautern on loan for the rest of the season,0,
2026-08-13T10:20:26.664147,2627,1,NEW,MID,453,p201666,Harvey Barnes,60,49884,0,0,0,,,
2026-08-13T10:20:26.664147,2627,1,NEW,MID,454,p449434,Anthony Elanga,60,29099,0,0,0,,,
2026-08-13T10:20:26.664147,2627,1,NEW,MID,456,p232653,Jacob Ramsey,50,16628,0,0,0,,,
2026-08-13T10:20:26.664147,2627,1,NEW,MID,457,p114243,Jacob Murphy,60,8314,0,0,0,,,
2026-08-13T10:20:26.664147,2627,1,NEW,MID,458,p180974,Joelinton Cássio Apolinário de Lira,55,4157,0,0,0,,100,
2026-08-13T10:20:26.664147,2627,1,NEW,MID,459,p547719,Lewis Miley,55,0,0,0,0,Leg injury - Expected back 30 Aug,0,3
2026-08-13T10:20:26.664147,2627,1,NEW,MID,460,p200089,Joe Willock,50,4157,0,0,0,,,
2026-08-13T10:20:26.664147,2627,1,NEW,MID,461,p611665,Bazoumana Touré,60,12471,0,0,0,,,
2026-08-13T10:20:26.664147,2627,1,NEW,MID,462,p636852,Sean Steur,50,4157,0,0,0,,,
2026-08-13T10:20:26.664147,2627,1,NEW,FWD,463,p470313,Nick Woltemade,60,70670,0,0,0,,,
2026-08-13T10:20:26.664147,2627,1,NEW,FWD,464,p216646,Yoane Wissa,60,70670,0,0,0,,,
2026-08-13T10:20:26.664147,2627,1,NEW,FWD,465,p538207,William Osula,60,54041,0,0,0,,,
2026-08-13T10:20:26.664147,2627,1,NEW,FWD,466,p599303,Sean Neave,45,29099,0,0,0,,,
2026-08-13T10:20:26.664147,2627,1,NEW,MID,559,p632794,Aladji Bamba,50,4157,0,0,0,,,
2026-08-13T10:20:26.664147,2627,1,NEW,GK,567,p470551,Lukás Hornícek,50,16628,0,0,0,,,
2026-08-13T10:20:26.664147,2627,1,NFO,GK,467,p85633,Matz Sels,50,62355,0,0,0,,,
2026-08-13T10:20:26.664147,2627,1,NFO,GK,468,p221389,John Victor Maciel Furtado,45,4157,0,0,0,,,
2026-08-13T10:20:26.664147,2627,1,NFO,DEF,469,p215136,Neco Williams,50,498847,0,0,0,,,
2026-08-13T10:20:26.664147,2627,1,NFO,DEF,470,p485047,Felipe Rodrigues da Silva,50,4157,0,0,0,,,
2026-08-13T10:20:26.664147,2627,1,NFO,DEF,471,p227444,Nikola Milenković,55,95612,0,0,0,,,
2026-08-13T10:20:26.664147,2627,1,NFO,DEF,472,p575476,Murillo Costa dos Santos,55,29099,0,0,0,,100,
2026-08-13T10:20:26.664147,2627,1,NFO,DEF,473,p159506,Ola Aina,45,178753,0,0,0,,,
2026-08-13T10:20:26.664147,2627,1,NFO,DEF,474,p575458,Jair Paula da Cunha Filho,45,16628,0,0,0,,,
2026-08-13T10:20:26.664147,2627,1,NFO,DEF,475,p500151,Nicolò Savona,45,0,0,0,0,Knee injury - Unknown return date,0,
2026-08-13T10:20:26.664147,2627,1,NFO,DEF,476,p204822,Omar Richards,40,8314,0,0,0,,,
2026-08-13T10:20:26.664147,2627,1,NFO,DEF,477,p549067,Zach Abbott,40,8314,0,0,0,,,
2026-08-13T10:20:26.664147,2627,1,NFO,DEF,478,p470315,Luca Netz,45,0,0,0,0,,,
2026-08-13T10:20:26.664147,2627,1,NFO,DEF,479,p538638,Tyler Bindon,40,8314,0,0,0,,,
2026-08-13T10:20:26.664147,2627,1,NFO,MID,480,p222531,Morgan Gibbs-White,80,478062,0,0,0,,,
2026-08-13T10:20:26.664147,2627,1,NFO,MID,482,p209046,Callum Hudson-Odoi,60,4157,0,0,0,,100,
2026-08-13T10:20:26.664147,2627,1,NFO,MID,483,p456512,Dan Ndoye,55,20785,0,0,0,,,
2026-08-13T10:20:26.664147,2627,1,NFO,MID,484,p503301,Omari Hutchinson,55,8314,0,0,0,,,
2026-08-13T10:20:26.664147,2627,1,NFO,MID,485,p476887,Dilane Bakwa,55,0,0,0,0,,,
2026-08-13T10:20:26.664147,2627,1,NFO,MID,486,p432714,James McAtee,55,0,0,0,0,,,
2026-08-13T10:20:26.664147,2627,1,NFO,MID,487,p250199,Nicolás Domínguez,50,4157,0,0,0,,,
2026-08-13T10:20:26.664147,2627,1,NFO,MID,488,p210462,Ibrahim Sangaré,50,24942,0,0,0,,,
2026-08-13T10:20:26.664147,2627,1,NFO,MID,489,p204968,Ryan Yates,45,286837,0,0,0,,,
2026-08-13T10:20:26.664147,2627,1,NFO,FWD,490,p60689,Chris Wood,60,74827,0,0,0,,,
2026-08-13T10:20:26.664147,2627,1,NFO,FWD,491,p482973,Igor Jesus Maciel da Cruz,60,220324,0,0,0,,,
2026-08-13T10:20:26.664147,2627,1,NFO,FWD,492,p210156,Taiwo Awoniyi,55,16628,0,0,0,,,
2026-08-13T10:20:26.664147,2627,1,NFO,FWD,493,p465680,Arnaud Kalimuendo,55,4157,0,0,0,,,
2026-08-13T10:20:26.664147,2627,1,NFO,MID,558,p204561,Xaver Schlager,50,4157,0,0,0,,,
2026-08-13T10:20:26.664147,2627,1,NFO,DEF,581,p568420,Ousmane Diomande,55,4157,0,0,0,,,
2026-08-13T10:20:26.664147,2627,1,TOT,DEF,112,p469142,Jan Paul van Hecke,50,353350,0,0,0,,,
2026-08-13T10:20:26.664147,2627,1,TOT,MID,455,p432422,Sandro Tonali,55,174596,0,0,0,,,
2026-08-13T10:20:26.664147,2627,1,TOT,GK,494,p184254,Guglielmo Vicario,45,58198,0,0,0,,,
2026-08-13T10:20:26.664147,2627,1,TOT,GK,495,p214572,Brandon Austin,40,24942,0,0,0,,,
2026-08-13T10:20:26.664147,2627,1,TOT,GK,496,p485055,Antonín Kinský,45,810626,0,0,0,,,
2026-08-13T10:20:26.664147,2627,1,TOT,GK,497,p67089,Martin Dubravka,40,939495,0,0,0,,,
2026-08-13T10:20:26.664147,2627,1,TOT,DEF,498,p221466,Marcos Senesi Barón,60,428177,0,0,0,,,
2026-08-13T10:20:26.664147,2627,1,TOT,DEF,499,p441164,Pedro Porro Sauceda,55,972752,0,0,0,,,
2026-08-13T10:20:26.664147,2627,1,TOT,DEF,500,p221632,Cristian Romero,50,45727,0,0,0,,,
2026-08-13T10:20:26.664147,2627,1,TOT,DEF,501,p135720,Kevin Danso,50,8314,0,0,0,,,
2026-08-13T10:20:26.664147,2627,1,TOT,DEF,502,p122798,Andrew Robertson,45,83141,0,0,0,,,
2026-08-13T10:20:26.664147,2627,1,TOT,DEF,503,p491279,Micky van de Ven,50,299308,0,0,0,,,
2026-08-13T10:20:26.664147,2627,1,TOT,DEF,505,p232859,Djed Spence,45,307622,0,0,0,,,
2026-08-13T10:20:26.664147,2627,1,TOT,DEF,506,p487053,Destiny Udogie,45,16628,0,0,0,,,
2026-08-13T10:20:26.664147,2627,1,TOT,DEF,507,p548308,Ashley Phillips,45,4157,0,0,0,,,
2026-08-13T10:20:26.664147,2627,1,TOT,DEF,508,p115556,Ben Davies,40,37413,0,0,0,,,
2026-08-13T10:20:26.664147,2627,1,TOT,DEF,509,p640419,Jun'ai Byfield,40,4157,0,0,0,,,
2026-08-13T10:20:26.664147,2627,1,TOT,DEF,510,p499716,James Rowswell,40,4157,0,0,0,,,
2026-08-13T10:20:26.664147,2627,1,TOT,DEF,511,p616221,João Victor de Souza Menezes,40,12471,0,0,0,,,
2026-08-13T10:20:26.664147,2627,1,TOT,MID,512,p460842,Mohammed Kudus,65,8314,0,0,0,Thigh injury - 75% chance of playing,75,
2026-08-13T10:20:26.664147,2627,1,TOT,MID,513,p493362,Xavi Simons,60,0,0,0,0,Knee injury - Unknown return date,0,
2026-08-13T10:20:26.664147,2627,1,TOT,MID,514,p511499,Mathys Tel,60,16628,0,0,0,,,
2026-08-13T10:20:26.664147,2627,1,TOT,MID,515,p172780,James Maddison,65,74827,0,0,0,,,
2026-08-13T10:20:26.664147,2627,1,TOT,MID,516,p202993,Rodrigo Bentancur,55,8314,0,0,0,,,
2026-08-13T10:20:26.664147,2627,1,TOT,MID,517,p550839,Wilson Odobert,55,0,0,0,0,Knee injury - Unknown return date,0,
2026-08-13T10:20:26.664147,2627,1,TOT,MID,518,p482442,Pape Matar Sarr,50,16628,0,0,0,,,
2026-08-13T10:20:26.664147,2627,1,TOT,MID,519,p232787,Conor Gallagher,55,12471,0,0,0,,,
2026-08-13T10:20:26.664147,2627,1,TOT,MID,520,p570526,Lucas Bergvall,55,8314,0,0,0,,,
2026-08-13T10:20:26.664147,2627,1,TOT,MID,521,p445044,Dejan Kulusevski,65,0,0,0,0,Knee injury - Unknown return date,0,
2026-08-13T10:20:26.664147,2627,1,TOT,MID,522,p547701,Archie Gray,50,8314,0,0,0,,,
2026-08-13T10:20:26.664147,2627,1,TOT,MID,523,p499721,Mikey Moore,50,4157,0,0,0,,,
2026-08-13T10:20:26.664147,2627,1,TOT,MID,524,p499726,Callum Olusesi,45,37413,0,0,0,,,
2026-08-13T10:20:26.664147,2627,1,TOT,MID,525,p551226,Mateus Fernandes,60,120554,0,0,0,,,
2026-08-13T10:20:26.664147,2627,1,TOT,FWD,526,p154566,Dominic Solanke-Mitchell,60,91455,0,0,0,,,
2026-08-13T10:20:26.664147,2627,1,TOT,FWD,527,p212319,Richarlison de Andrade,60,83141,0,0,0,,,
2026-08-13T10:20:26.664147,2627,1,TOT,FWD,528,p490145,Dane Scarlett,45,70670,0,0,0,,,
2026-08-13T10:20:26.664147,2627,1,SUN,GK,529,p498016,Robin Roefs,50,203695,0,0,0,,,
2026-08-13T10:20:26.664147,2627,1,SUN,GK,530,p232571,Anthony Patterson,40,37413,0,0,0,Has joined Wrexham permanently,0,
2026-08-13T10:20:26.664147,2627,1,SUN,GK,531,p515046,Melker Ellborg,45,4157,0,0,0,,,
2026-08-13T10:20:26.664147,2627,1,SUN,DEF,532,p223827,Daniel Ballard,50,178753,0,0,0,,,
2026-08-13T10:20:26.664147,2627,1,SUN,DEF,533,p200834,Nordi Mukiele,55,207853,0,0,0,Knock - 75% chance of playing,75,
2026-08-13T10:20:26.664147,2627,1,SUN,DEF,534,p487676,Trai Hume,45,195381,0,0,0,,,
2026-08-13T10:20:26.664147,2627,1,SUN,DEF,535,p201895,Omar Alderete,50,33256,0,0,0,Knock - 75% chance of playing,75,
2026-08-13T10:20:26.664147,2627,1,SUN,DEF,536,p434399,Reinildo Mandava,45,20785,0,0,0,,,
2026-08-13T10:20:26.664147,2627,1,SUN,DEF,537,p519634,Jenson Seelt,45,0,0,0,0,,,
2026-08-13T10:20:26.664147,2627,1,SUN,DEF,538,p477547,Leo Fuhr Hjelde,40,12471,0,0,0,Has joined KV Mechelen on loan for the rest of the season,0,
2026-08-13T10:20:26.664147,2627,1,SUN,DEF,539,p167512,Luke O'Nien,40,108083,0,0,0,,,
2026-08-13T10:20:26.664147,2627,1,SUN,DEF,540,p105717,Arthur Masuaku,40,58198,0,0,0,Has joined Konyaspor permanently,0,
2026-08-13T10:20:26.664147,2627,1,SUN,DEF,541,p93605,Thomas Meunier,45,20785,0,0,0,,,
2026-08-13T10:20:26.664147,2627,1,SUN,MID,542,p484420,Enzo Le Fée,60,532103,0,0,0,,,
2026-08-13T10:20:26.664147,2627,1,SUN,MID,543,p547027,Habib Diarra,55,4157,0,0,0,,,
2026-08-13T10:20:26.664147,2627,1,SUN,MID,544,p84450,Granit Xhaka,55,220324,0,0,0,,,
2026-08-13T10:20:26.664147,2627,1,SUN,MID,545,p577669,Noah Sadiki,50,16628,0,0,0,,,
2026-08-13T10:20:26.664147,2627,1,SUN,MID,546,p535818,Simon Adingra,50,12471,0,0,0,,,
2026-08-13T10:20:26.664147,2627,1,SUN,MID,547,p461199,Romaine Mundle,50,0,0,0,0,,,
2026-08-13T10:20:26.664147,2627,1,SUN,MID,548,p554197,Chris Rigg,50,4157,0,0,0,,,
2026-08-13T10:20:26.664147,2627,1,SUN,MID,549,p549912,Chemsdine Talbi,55,8314,0,0,0,,,
2026-08-13T10:20:26.664147,2627,1,SUN,MID,550,p699989,Djiamgone Jocelin Ta Bi,50,0,0,0,0,,,
2026-08-13T10:20:26.664147,2627,1,SUN,MID,551,p536661,Nilson Angulo,50,4157,0,0,0,,,
2026-08-13T10:20:26.664147,2627,1,SUN,FWD,552,p441264,Brian Brobbey,60,702543,0,0,0,,,
2026-08-13T10:20:26.664147,2627,1,SUN,FWD,553,p437505,Wilson Isidor,55,49884,0,0,0,,,
